SEASON_YEAR,TEAM_ID,TEAM_ABBREVIATION,TEAM_NAME,GAME_ID,GAME_DATE,MATCHUP,WL,MIN,FGM,FGA,FG_PCT,FG3M,FG3A,FG3_PCT,FTM,FTA,FT_PCT,OREB,DREB,REB,AST,TOV,STL,BLK,BLKA,PF,PFD,PTS,PLUS_MINUS,GP_RANK,W_RANK,L_RANK,W_PCT_RANK,MIN_RANK,FGM_RANK,FGA_RANK,FG_PCT_RANK,FG3M_RANK,FG3A_RANK,FG3_PCT_RANK,FTM_RANK,FTA_RANK,FT_PCT_RANK,OREB_RANK,DREB_RANK,REB_RANK,AST_RANK,TOV_RANK,STL_RANK,BLK_RANK,BLKA_RANK,PF_RANK,PFD_RANK,PTS_RANK,PLUS_MINUS_RANK
2020-21,1610612740,NOP,New Orleans Pelicans,0022000201,2021-01-17T00:00:00,NOP @ SAC,W,48.0,45,85,0.529,11,22,0.5,27,34,0.794,14,34,48,24,14.0,5,1,7,15,24,128,5.0,1,1,1,1,21,73,254,39,231,369,21,17,15,142,38,204,99,191,145,281,363,286,28,57,31,134
2020-21,1610612741,CHI,Chicago Bulls,0022000198,2021-01-17T00:00:00,CHI @ DAL,W,48.0,43,85,0.506,7,25,0.28,24,33,0.727,5,42,47,32,14.0,14,6,2,23,23,117,16.0,1,1,1,1,21,116,254,71,344,351,316,41,21,244,338,39,129,28,145,10,94,17,280,74,120,55
2020-21,1610612742,DAL,Dallas Mavericks,0022000198,2021-01-17T00:00:00,DAL vs. CHI,L,48.0,41,93,0.441,8,31,0.258,11,19,0.579,12,35,47,18,17.0,6,2,6,23,23,101,-16.0,1,190,190,190,21,164,88,235,321,261,339,306,231,351,82,185,129,344,256,220,329,228,280,74,291,323
2020-21,1610612738,BOS,Boston Celtics,0022000196,2021-01-17T00:00:00,BOS vs. NYK,L,48.0,25,84,0.298,7,46,0.152,18,29,0.621,14,29,43,15,18.0,10,2,7,22,28,75,-30.0,1,190,190,190,21,378,275,378,344,21,374,141,57,339,38,319,222,370,283,76,329,286,242,9,377,366
2020-21,1610612746,LAC,LA Clippers,0022000202,2021-01-17T00:00:00,LAC vs. IND,W,48.0,48,87,0.552,19,39,0.487,14,20,0.7,9,43,52,27,18.0,4,3,2,19,19,129,33.0,1,1,1,1,21,29,201,22,22,98,30,236,216,285,206,26,49,98,283,319,272,17,140,208,28,8
2020-21,1610612743,DEN,Denver Nuggets,0022000200,2021-01-17T00:00:00,DEN vs. UTA,L,48.0,40,100,0.4,14,37,0.378,11,15,0.733,23,29,52,25,10.0,6,6,6,23,21,105,-4.0,1,190,190,190,21,192,20,326,125,127,163,306,308,234,1,319,49,158,38,220,94,228,280,138,262,224
2020-21,1610612762,UTA,Utah Jazz,0022000200,2021-01-17T00:00:00,UTA @ DEN,W,48.0,39,76,0.513,15,37,0.405,16,28,0.571,7,29,36,24,13.0,7,6,6,21,23,109,4.0,1,1,1,1,21,225,366,57,93,127,118,188,73,354,280,319,349,191,107,193,94,228,209,74,204,147
2020-21,1610612752,NYK,New York Knicks,0022000196,2021-01-17T00:00:00,NYK @ BOS,W,48.0,38,80,0.475,12,31,0.387,17,21,0.81,10,43,53,22,17.0,11,7,2,28,22,105,30.0,1,1,1,1,21,248,336,160,205,261,149,164,195,126,151,26,38,259,256,45,58,17,362,100,262,11
2020-21,1610612758,SAC,Sacramento Kings,0022000201,2021-01-17T00:00:00,SAC vs. NOP,L,48.0,47,91,0.516,13,39,0.333,16,18,0.889,8,25,33,23,11.0,7,7,1,24,15,123,-5.0,1,190,190,190,21,40,123,54,162,98,235,188,252,32,245,368,366,222,63,193,58,5,306,336,70,233
2020-21,1610612754,IND,Indiana Pacers,0022000202,2021-01-17T00:00:00,IND @ LAC,L,48.0,37,89,0.416,11,38,0.289,11,16,0.688,6,27,33,28,16.0,13,2,3,19,19,96,-33.0,1,190,190,190,21,281,165,297,231,112,308,306,285,297,318,349,366,77,219,17,329,51,140,208,325,370
2020-21,1610612753,ORL,Orlando Magic,0022000190,2021-01-16T00:00:00,ORL @ BKN,L,48.0,44,95,0.463,14,46,0.304,13,16,0.813,9,29,38,28,12.0,13,4,5,19,14,115,-7.0,1,190,190,190,21,91,65,187,125,21,289,257,285,118,206,319,323,77,86,17,208,172,140,352,144,253
2020-21,1610612748,MIA,Miami Heat,0022000192,2021-01-16T00:00:00,MIA vs. DET,L,48.0,32,67,0.478,12,29,0.414,24,27,0.889,5,26,31,25,23.0,1,5,8,21,28,100,-20.0,1,190,190,190,21,358,378,151,205,294,99,41,83,32,338,361,374,158,368,375,152,322,209,9,299,337
2020-21,1610612737,ATL,Atlanta Hawks,0022000195,2021-01-16T00:00:00,ATL @ POR,L,48.0,38,87,0.437,6,30,0.2,24,28,0.857,7,41,48,24,13.0,4,6,8,22,20,106,-6.0,1,190,190,190,21,248,201,247,362,282,364,41,73,65,280,48,99,191,107,319,94,322,242,171,247,246
2020-21,1610612755,PHI,Philadelphia 76ers,0022000193,2021-01-16T00:00:00,PHI @ MEM,L,48.0,37,84,0.44,7,25,0.28,23,32,0.719,15,38,53,23,23.0,5,11,3,17,25,104,-2.0,1,190,190,190,21,281,275,236,344,351,316,54,31,264,26,99,38,222,368,281,6,51,75,38,272,198
2020-21,1610612757,POR,Portland Trail Blazers,0022000195,2021-01-16T00:00:00,POR vs. ATL,W,48.0,40,103,0.388,15,44,0.341,17,20,0.85,17,38,55,18,8.0,6,8,6,20,22,112,6.0,1,1,1,1,21,192,8,342,93,41,232,164,216,78,7,99,22,344,16,220,33,228,172,100,173,127
2020-21,1610612765,DET,Detroit Pistons,0022000192,2021-01-16T00:00:00,DET @ MIA,W,48.0,46,91,0.505,18,46,0.391,10,15,0.667,10,29,39,34,13.0,9,8,5,28,21,120,20.0,1,1,1,1,21,55,123,74,41,21,139,325,308,308,151,319,310,10,107,114,33,172,362,138,95,36
2020-21,1610612766,CHA,Charlotte Hornets,0022000191,2021-01-16T00:00:00,CHA @ TOR,L,48.0,38,87,0.437,15,36,0.417,22,29,0.759,12,36,48,26,15.0,6,5,8,20,22,113,-3.0,1,190,190,190,21,248,201,247,93,151,94,73,57,197,82,152,99,130,177,220,152,322,172,100,163,209
2020-21,1610612751,BKN,Brooklyn Nets,0022000190,2021-01-16T00:00:00,BKN vs. ORL,W,48.0,42,78,0.538,16,35,0.457,22,25,0.88,4,37,41,24,19.0,9,5,4,14,19,122,7.0,1,1,1,1,21,142,355,33,65,171,50,73,116,40,358,123,269,191,310,114,152,108,13,208,77,117
2020-21,1610612761,TOR,Toronto Raptors,0022000191,2021-01-16T00:00:00,TOR vs. CHA,W,48.0,36,86,0.419,21,49,0.429,23,26,0.885,7,36,43,28,15.0,5,8,5,22,20,116,3.0,1,1,1,1,21,305,233,287,8,11,81,54,100,35,280,152,222,77,177,281,33,172,242,171,127,156
2020-21,1610612763,MEM,Memphis Grizzlies,0022000193,2021-01-16T00:00:00,MEM vs. PHI,W,48.0,43,98,0.439,8,29,0.276,12,18,0.667,10,32,42,27,11.0,15,3,11,25,17,106,2.0,1,1,1,1,21,116,34,243,321,294,319,279,252,308,151,250,249,98,63,4,272,369,323,275,247,171
2020-21,1610612745,HOU,Houston Rockets,0022000189,2021-01-16T00:00:00,HOU @ SAS,L,48.0,31,84,0.369,12,32,0.375,17,27,0.63,12,39,51,20,23.0,6,9,7,20,21,91,-12.0,1,190,190,190,21,369,275,366,205,246,167,164,83,336,82,83,64,306,368,220,21,286,172,138,355,300
2020-21,1610612759,SAS,San Antonio Spurs,0022000189,2021-01-16T00:00:00,SAS vs. HOU,W,48.0,40,100,0.4,5,24,0.208,18,23,0.783,17,41,58,19,12.0,10,7,9,21,20,103,12.0,1,1,1,1,21,192,20,326,368,359,362,141,158,158,7,48,6,330,86,76,58,347,209,171,278,74
2020-21,1610612752,NYK,New York Knicks,0022000181,2021-01-15T00:00:00,NYK @ CLE,L,48.0,40,82,0.488,9,25,0.36,14,16,0.875,7,32,39,20,13.0,9,10,6,21,18,103,-3.0,1,190,190,190,21,192,307,120,296,351,196,236,285,45,280,250,310,306,107,114,11,228,209,240,278,209
2020-21,1610612749,MIL,Milwaukee Bucks,0022000182,2021-01-15T00:00:00,MIL vs. DAL,W,48.0,43,96,0.448,14,37,0.378,12,25,0.48,16,41,57,22,11.0,5,3,6,14,23,112,3.0,1,1,1,1,21,116,54,225,125,127,163,279,116,373,16,48,10,259,63,281,272,228,13,74,173,156
2020-21,1610612747,LAL,Los Angeles Lakers,0022000187,2021-01-15T00:00:00,LAL vs. NOP,W,48.0,39,93,0.419,15,37,0.405,19,26,0.731,13,31,44,31,8.0,11,6,5,16,21,112,17.0,1,1,1,1,21,225,88,284,93,127,118,114,100,240,59,281,204,40,16,45,94,172,44,138,173,50
2020-21,1610612737,ATL,Atlanta Hawks,0022000186,2021-01-15T00:00:00,ATL @ UTA,L,48.0,38,92,0.413,5,28,0.179,11,15,0.733,8,33,41,21,15.0,6,1,6,16,18,92,-24.0,1,190,190,190,21,248,103,304,368,316,370,306,308,234,245,229,269,282,177,220,363,228,44,240,352,353
2020-21,1610612742,DAL,Dallas Mavericks,0022000182,2021-01-15T00:00:00,DAL @ MIL,L,48.0,45,97,0.464,13,36,0.361,6,13,0.462,11,40,51,22,9.0,5,6,3,23,14,109,-3.0,1,190,190,190,21,73,45,186,162,151,189,371,337,374,116,71,64,259,28,281,94,51,280,352,204,209
2020-21,1610612760,OKC,Oklahoma City Thunder,0022000184,2021-01-15T00:00:00,OKC vs. CHI,W,53.0,48,105,0.457,15,45,0.333,16,24,0.667,7,37,44,26,13.0,12,2,8,23,25,127,2.0,1,1,1,1,3,29,3,205,93,31,235,188,136,308,280,123,204,130,107,35,329,322,280,38,41,171
2020-21,1610612746,LAC,LA Clippers,0022000188,2021-01-15T00:00:00,LAC @ SAC,W,48.0,52,89,0.584,18,35,0.514,16,20,0.8,12,35,47,29,11.0,10,3,2,19,16,138,38.0,1,1,1,1,21,3,165,5,41,171,18,188,216,133,82,185,129,60,63,76,272,17,140,305,6,5
2020-21,1610612739,CLE,Cleveland Cavaliers,0022000181,2021-01-15T00:00:00,CLE vs. NYK,W,48.0,36,79,0.456,9,27,0.333,25,34,0.735,14,34,48,26,16.0,9,6,10,18,21,106,3.0,1,1,1,1,21,305,341,209,296,328,235,31,15,232,38,204,99,130,219,114,94,359,105,138,247,156
2020-21,1610612758,SAC,Sacramento Kings,0022000188,2021-01-15T00:00:00,SAC vs. LAC,L,48.0,40,85,0.471,8,26,0.308,12,17,0.706,9,23,32,23,14.0,4,2,3,16,19,100,-38.0,1,190,190,190,21,192,254,172,321,338,285,279,271,278,206,374,369,222,145,319,329,51,44,208,299,374
2020-21,1610612753,ORL,Orlando Magic,0022000180,2021-01-15T00:00:00,ORL @ BOS,L,48.0,38,94,0.404,7,28,0.25,14,22,0.636,15,31,46,14,13.0,5,1,4,16,18,97,-27.0,1,190,190,190,21,248,77,322,344,316,343,236,180,328,26,281,159,374,107,281,363,108,44,240,323,362
2020-21,1610612738,BOS,Boston Celtics,0022000180,2021-01-15T00:00:00,BOS vs. ORL,W,48.0,45,88,0.511,17,42,0.405,17,19,0.895,6,39,45,25,11.0,7,4,1,18,16,124,27.0,1,1,1,1,21,73,183,62,52,56,121,164,231,30,318,83,180,158,63,193,208,5,105,305,60,17
2020-21,1610612740,NOP,New Orleans Pelicans,0022000187,2021-01-15T00:00:00,NOP @ LAL,L,48.0,41,86,0.477,9,29,0.31,4,8,0.5,10,37,47,22,20.0,3,5,6,21,16,95,-17.0,1,190,190,190,21,164,233,155,296,294,282,377,374,368,151,123,129,259,332,352,152,228,209,305,333,325
2020-21,1610612762,UTA,Utah Jazz,0022000186,2021-01-15T00:00:00,UTA vs. ATL,W,48.0,43,92,0.467,20,44,0.455,10,14,0.714,12,41,53,27,19.0,7,6,1,18,16,116,24.0,1,1,1,1,21,116,103,180,12,41,55,325,321,268,82,48,38,98,310,193,94,5,105,305,127,23
2020-21,1610612741,CHI,Chicago Bulls,0022000184,2021-01-15T00:00:00,CHI @ OKC,L,53.0,43,91,0.473,21,46,0.457,18,25,0.72,9,47,56,27,24.0,5,8,2,25,23,125,-2.0,1,190,190,190,3,116,123,165,8,21,54,141,116,259,206,5,17,98,373,281,33,17,323,74,51,198
2020-21,1610612745,HOU,Houston Rockets,0022000176,2021-01-14T00:00:00,HOU @ SAS,W,48.0,42,86,0.488,13,33,0.394,12,19,0.632,10,39,49,25,18.0,6,6,4,16,17,109,4.0,1,1,1,1,21,142,233,117,162,224,135,279,231,333,151,83,87,158,283,220,94,108,44,275,204,147
2020-21,1610612748,MIA,Miami Heat,0022000174,2021-01-14T00:00:00,MIA @ PHI,L,48.0,40,81,0.494,12,34,0.353,16,26,0.615,9,32,41,28,20.0,4,1,3,19,22,108,-17.0,1,190,190,190,21,192,318,102,205,202,208,188,100,343,206,250,269,77,332,319,363,51,140,100,219,325
2020-21,1610612743,DEN,Denver Nuggets,0022000177,2021-01-14T00:00:00,DEN vs. GSW,W,48.0,41,90,0.456,11,37,0.297,21,27,0.778,10,40,50,29,14.0,11,5,4,23,25,114,10.0,1,1,1,1,21,164,146,211,231,127,297,83,83,165,151,71,73,60,145,45,152,108,280,38,156,86
2020-21,1610612744,GSW,Golden State Warriors,0022000177,2021-01-14T00:00:00,GSW @ DEN,L,48.0,38,81,0.469,11,29,0.379,17,24,0.708,5,38,43,29,19.0,9,4,5,25,23,104,-10.0,1,190,190,190,21,248,318,175,231,294,161,164,136,274,338,99,222,60,310,114,208,172,323,74,272,280
2020-21,1610612755,PHI,Philadelphia 76ers,0022000174,2021-01-14T00:00:00,PHI vs. MIA,W,48.0,44,82,0.537,17,37,0.459,20,24,0.833,5,30,35,27,18.0,15,3,1,22,19,125,17.0,1,1,1,1,21,91,307,36,52,127,48,97,136,88,338,302,356,98,283,4,272,5,242,208,51,50
2020-21,1610612757,POR,Portland Trail Blazers,0022000178,2021-01-14T00:00:00,POR vs. IND,L,48.0,32,87,0.368,13,43,0.302,10,10,1.0,14,29,43,16,18.0,8,5,5,22,13,87,-24.0,1,190,190,190,21,358,201,368,162,48,293,325,370,1,38,319,222,364,283,156,152,172,242,367,368,353
2020-21,1610612759,SAS,San Antonio Spurs,0022000176,2021-01-14T00:00:00,SAS vs. HOU,L,48.0,42,92,0.457,9,31,0.29,12,16,0.75,10,31,41,26,10.0,10,4,6,17,16,105,-4.0,1,190,190,190,21,142,103,207,296,261,305,279,285,200,151,281,269,130,38,76,208,228,75,305,262,224
2020-21,1610612761,TOR,Toronto Raptors,0022000175,2021-01-14T00:00:00,TOR vs. CHA,W,48.0,40,88,0.455,20,50,0.4,11,13,0.846,13,27,40,33,18.0,13,6,5,16,15,111,3.0,1,1,1,1,21,192,183,212,12,8,124,306,337,81,59,349,289,21,283,17,94,172,44,336,184,156
2020-21,1610612754,IND,Indiana Pacers,0022000178,2021-01-14T00:00:00,IND @ POR,W,48.0,44,92,0.478,9,30,0.3,14,18,0.778,13,37,50,29,14.0,11,5,5,13,22,111,24.0,1,1,1,1,21,91,103,147,296,282,295,236,252,165,59,123,73,60,145,45,152,172,4,100,184,23
2020-21,1610612766,CHA,Charlotte Hornets,0022000175,2021-01-14T00:00:00,CHA @ TOR,L,48.0,42,87,0.483,15,35,0.429,9,12,0.75,14,30,44,32,20.0,11,5,6,15,16,108,-3.0,1,190,190,190,21,142,201,136,93,171,81,342,354,200,38,302,204,28,332,45,152,228,28,305,219,209
2020-21,1610612760,OKC,Oklahoma City Thunder,0022000170,2021-01-13T00:00:00,OKC vs. LAL,L,48.0,37,86,0.43,10,31,0.323,15,19,0.789,9,33,42,23,12.0,4,6,6,21,16,99,-29.0,1,190,190,190,21,281,233,267,265,261,261,210,231,150,206,229,249,222,86,319,94,228,209,305,310,365
2020-21,1610612746,LAC,LA Clippers,0022000172,2021-01-13T00:00:00,LAC vs. NOP,W,48.0,35,74,0.473,18,37,0.486,23,27,0.852,3,33,36,26,10.0,4,6,4,16,19,111,5.0,1,1,1,1,21,327,375,164,41,127,32,54,83,76,369,229,349,130,38,319,94,108,44,208,184,134
2020-21,1610612750,MIN,Minnesota Timberwolves,0022000169,2021-01-13T00:00:00,MIN vs. MEM,L,48.0,39,90,0.433,9,37,0.243,20,24,0.833,11,37,48,27,13.0,3,6,5,18,24,107,-11.0,1,190,190,190,21,225,146,259,296,127,348,97,136,88,116,123,99,98,107,352,94,172,105,57,231,294
2020-21,1610612749,MIL,Milwaukee Bucks,0022000165,2021-01-13T00:00:00,MIL @ DET,W,48.0,41,85,0.482,19,43,0.442,9,14,0.643,10,38,48,31,14.0,10,9,3,20,19,110,9.0,1,1,1,1,21,164,254,139,22,48,67,342,321,324,151,99,99,40,145,76,21,51,172,208,197,100
2020-21,1610612766,CHA,Charlotte Hornets,0022000164,2021-01-13T00:00:00,CHA vs. DAL,L,48.0,38,100,0.38,10,38,0.263,7,14,0.5,15,38,53,26,14.0,8,7,12,17,15,93,-11.0,1,190,190,190,21,248,20,355,265,112,336,365,321,368,26,99,38,130,145,156,58,374,75,336,347,294
2020-21,1610612740,NOP,New Orleans Pelicans,0022000172,2021-01-13T00:00:00,NOP @ LAC,L,48.0,42,88,0.477,10,28,0.357,12,16,0.75,12,36,48,18,11.0,4,4,6,19,16,106,-5.0,1,190,190,190,21,142,183,152,265,316,199,279,285,200,82,152,99,344,63,319,208,228,140,305,247,233
2020-21,1610612763,MEM,Memphis Grizzlies,0022000169,2021-01-13T00:00:00,MEM @ MIN,W,48.0,50,106,0.472,8,25,0.32,10,13,0.769,15,32,47,33,7.0,11,5,6,24,18,118,11.0,1,1,1,1,21,10,2,167,321,351,267,325,337,178,26,250,129,21,10,45,152,228,306,240,109,80
2020-21,1610612742,DAL,Dallas Mavericks,0022000164,2021-01-13T00:00:00,DAL @ CHA,W,48.0,40,96,0.417,15,46,0.326,9,16,0.563,13,41,54,22,10.0,8,12,7,15,17,104,11.0,1,1,1,1,21,192,54,295,93,21,250,342,285,358,59,48,27,259,38,156,2,286,28,275,272,80
2020-21,1610612758,SAC,Sacramento Kings,0022000173,2021-01-13T00:00:00,SAC vs. POR,L,48.0,44,84,0.524,19,38,0.5,19,26,0.731,8,34,42,35,13.0,4,2,8,18,24,126,-6.0,1,190,190,190,21,91,275,46,22,112,21,114,100,240,245,204,249,4,107,319,329,322,105,57,46,246
2020-21,1610612752,NYK,New York Knicks,0022000168,2021-01-13T00:00:00,NYK vs. BKN,L,48.0,44,92,0.478,11,28,0.393,10,12,0.833,12,31,43,22,9.0,4,3,5,16,12,109,-7.0,1,190,190,190,21,91,103,147,231,316,137,325,354,88,82,281,222,259,28,319,272,172,44,376,204,253
2020-21,1610612757,POR,Portland Trail Blazers,0022000173,2021-01-13T00:00:00,POR @ SAC,W,48.0,44,90,0.489,23,48,0.479,21,27,0.778,12,26,38,28,8.0,9,8,2,24,18,132,6.0,1,1,1,1,21,91,146,116,4,12,38,83,83,165,82,361,323,77,16,114,33,17,306,240,16,127
2020-21,1610612747,LAL,Los Angeles Lakers,0022000170,2021-01-13T00:00:00,LAL @ OKC,W,48.0,47,95,0.495,17,37,0.459,17,22,0.773,12,38,50,26,10.0,6,6,6,16,21,128,29.0,1,1,1,1,21,40,65,94,52,127,48,164,180,176,82,99,73,130,38,220,94,228,44,138,31,14
2020-21,1610612751,BKN,Brooklyn Nets,0022000168,2021-01-13T00:00:00,BKN @ NYK,W,48.0,44,91,0.484,16,40,0.4,12,17,0.706,12,34,46,29,6.0,3,5,3,12,16,116,7.0,1,1,1,1,21,91,123,133,65,85,124,279,271,278,82,204,159,60,4,352,152,51,2,305,127,117
2020-21,1610612765,DET,Detroit Pistons,0022000165,2021-01-13T00:00:00,DET vs. MIL,L,48.0,36,92,0.391,14,35,0.4,15,22,0.682,13,34,47,25,16.0,8,3,9,19,20,101,-9.0,1,190,190,190,21,305,103,336,125,171,124,210,180,303,59,204,129,158,219,156,272,347,140,171,291,273
2020-21,1610612760,OKC,Oklahoma City Thunder,0022000162,2021-01-12T00:00:00,OKC vs. SAS,L,48.0,36,83,0.434,7,26,0.269,23,29,0.793,7,45,52,18,13.0,1,5,5,20,20,102,-10.0,1,190,190,190,21,305,294,257,344,338,328,54,57,143,280,12,49,344,107,375,152,172,172,171,285,280
2020-21,1610612759,SAS,San Antonio Spurs,0022000162,2021-01-12T00:00:00,SAS @ OKC,W,48.0,41,95,0.432,10,35,0.286,20,22,0.909,7,39,46,26,4.0,8,5,5,20,20,112,10.0,1,1,1,1,21,164,65,264,265,171,309,97,180,21,280,83,159,130,2,156,152,172,172,171,173,86
2020-21,1610612755,PHI,Philadelphia 76ers,0022000157,2021-01-12T00:00:00,PHI vs. MIA,W,53.0,50,102,0.49,19,55,0.345,18,25,0.72,16,36,52,32,19.0,10,6,4,21,21,137,3.0,1,1,1,1,3,10,11,109,22,2,220,141,116,259,16,152,49,28,310,76,94,108,209,138,9,156
2020-21,1610612762,UTA,Utah Jazz,0022000159,2021-01-12T00:00:00,UTA @ CLE,W,48.0,42,84,0.5,24,45,0.533,9,12,0.75,10,38,48,26,18.0,8,8,4,16,13,117,30.0,1,1,1,1,21,142,275,81,3,31,10,342,354,200,151,99,99,130,283,156,33,108,44,367,120,11
2020-21,1610612744,GSW,Golden State Warriors,0022000163,2021-01-12T00:00:00,GSW vs. IND,L,48.0,34,89,0.382,13,38,0.342,14,22,0.636,10,36,46,25,16.0,8,8,9,21,17,95,-9.0,1,190,190,190,21,339,165,350,162,112,227,236,180,328,151,152,159,158,219,156,33,347,209,275,333,273
2020-21,1610612754,IND,Indiana Pacers,0022000163,2021-01-12T00:00:00,IND @ GSW,W,48.0,39,88,0.443,9,28,0.321,17,25,0.68,10,40,50,26,15.0,9,9,8,17,21,104,9.0,1,1,1,1,21,225,183,232,296,316,265,164,116,306,151,71,73,130,177,114,21,322,75,138,272,100
2020-21,1610612751,BKN,Brooklyn Nets,0022000158,2021-01-12T00:00:00,BKN vs. DEN,W,48.0,48,79,0.608,16,32,0.5,10,15,0.667,8,33,41,31,19.0,6,6,5,18,18,122,6.0,1,1,1,1,21,29,341,3,65,246,21,325,308,308,245,229,269,40,310,220,94,172,105,240,77,127
2020-21,1610612745,HOU,Houston Rockets,0022000161,2021-01-12T00:00:00,HOU vs. LAL,L,48.0,38,97,0.392,12,40,0.3,12,16,0.75,10,32,42,23,15.0,14,5,12,19,18,100,-17.0,1,190,190,190,21,248,45,334,205,85,295,279,285,200,151,250,249,222,177,10,152,374,140,240,299,325
2020-21,1610612743,DEN,Denver Nuggets,0022000158,2021-01-12T00:00:00,DEN @ BKN,L,48.0,44,88,0.5,18,37,0.486,10,16,0.625,9,23,32,28,13.0,12,5,6,18,18,116,-6.0,1,190,190,190,21,91,183,81,41,127,32,325,285,337,206,374,369,77,107,35,152,228,105,240,127,246
2020-21,1610612747,LAL,Los Angeles Lakers,0022000161,2021-01-12T00:00:00,LAL @ HOU,W,48.0,42,84,0.5,14,32,0.438,19,27,0.704,11,44,55,26,21.0,10,12,5,18,19,117,17.0,1,1,1,1,21,142,275,81,125,246,74,114,83,280,116,18,22,130,348,76,2,172,105,208,120,50
2020-21,1610612739,CLE,Cleveland Cavaliers,0022000159,2021-01-12T00:00:00,CLE vs. UTA,L,48.0,35,90,0.389,8,31,0.258,9,14,0.643,12,28,40,23,14.0,7,4,8,13,16,87,-30.0,1,190,190,190,21,327,146,340,321,261,339,342,321,324,82,338,289,222,145,193,208,322,4,305,368,366
2020-21,1610612748,MIA,Miami Heat,0022000157,2021-01-12T00:00:00,MIA @ PHI,L,53.0,48,104,0.462,19,56,0.339,19,24,0.792,14,32,46,27,18.0,6,4,6,21,21,134,-3.0,1,190,190,190,3,29,5,189,22,1,234,114,136,146,38,250,159,98,283,220,208,228,209,138,14,209
2020-21,1610612752,NYK,New York Knicks,0022000149,2021-01-11T00:00:00,NYK @ CHA,L,48.0,34,87,0.391,9,37,0.243,11,17,0.647,17,32,49,20,17.0,6,6,8,23,13,88,-21.0,1,190,190,190,21,339,201,337,296,127,348,306,271,321,7,250,87,306,256,220,94,322,280,367,366,344
2020-21,1610612763,MEM,Memphis Grizzlies,0022000150,2021-01-11T00:00:00,MEM @ CLE,W,48.0,40,78,0.513,5,20,0.25,16,21,0.762,7,33,40,32,15.0,10,6,7,17,21,101,10.0,1,1,1,1,21,192,355,58,368,376,343,188,195,191,280,229,289,28,177,76,94,286,75,138,291,86
2020-21,1610612757,POR,Portland Trail Blazers,0022000155,2021-01-11T00:00:00,POR vs. TOR,W,48.0,38,83,0.458,14,42,0.333,22,25,0.88,8,34,42,18,13.0,9,6,5,14,22,112,1.0,1,1,1,1,21,248,294,203,125,56,235,73,116,40,245,204,249,344,107,114,94,172,13,100,173,182
2020-21,1610612756,PHX,Phoenix Suns,0022000152,2021-01-11T00:00:00,PHX @ WAS,L,48.0,39,87,0.448,4,27,0.148,25,30,0.833,8,34,42,21,6.0,3,6,3,22,23,107,-21.0,1,190,190,190,21,225,201,224,373,328,375,31,47,88,245,204,249,282,4,352,94,51,242,74,231,344
2020-21,1610612761,TOR,Toronto Raptors,0022000155,2021-01-11T00:00:00,TOR @ POR,L,48.0,40,89,0.449,19,47,0.404,12,12,1.0,7,36,43,27,15.0,6,5,6,22,14,111,-1.0,1,190,190,190,21,192,165,222,22,16,122,279,354,1,280,152,222,98,177,220,152,228,242,352,184,190
2020-21,1610612755,PHI,Philadelphia 76ers,0022000153,2021-01-11T00:00:00,PHI @ ATL,L,48.0,37,92,0.402,8,36,0.222,12,13,0.923,9,41,50,20,9.0,2,12,3,17,13,94,-18.0,1,190,190,190,21,281,103,324,321,151,357,279,337,15,206,48,73,306,28,367,2,51,75,367,339,330
2020-21,1610612737,ATL,Atlanta Hawks,0022000153,2021-01-11T00:00:00,ATL vs. PHI,W,48.0,37,99,0.374,17,44,0.386,21,27,0.778,14,44,58,20,8.0,7,3,12,13,17,112,18.0,1,1,1,1,21,281,27,361,52,41,150,83,83,165,38,18,6,306,16,193,272,374,4,275,173,46
2020-21,1610612758,SAC,Sacramento Kings,0022000156,2021-01-11T00:00:00,SAC vs. IND,W,48.0,47,84,0.56,15,32,0.469,18,23,0.783,7,37,44,29,19.0,6,9,3,17,21,127,5.0,1,1,1,1,21,40,275,14,93,246,43,141,158,158,280,123,204,60,310,220,21,51,75,138,41,134
2020-21,1610612754,IND,Indiana Pacers,0022000156,2021-01-11T00:00:00,IND @ SAC,L,48.0,47,97,0.485,13,39,0.333,15,18,0.833,10,27,37,26,13.0,14,3,9,21,17,122,-5.0,1,190,190,190,21,40,45,127,162,98,235,210,252,88,151,349,335,130,107,10,272,347,209,275,77,233
2020-21,1610612766,CHA,Charlotte Hornets,0022000149,2021-01-11T00:00:00,CHA vs. NYK,W,48.0,38,78,0.487,13,32,0.406,20,23,0.87,5,32,37,28,10.0,8,8,6,13,23,109,21.0,1,1,1,1,21,248,355,124,162,246,113,97,158,54,338,250,335,77,38,156,33,228,4,74,204,31
2020-21,1610612764,WAS,Washington Wizards,0022000152,2021-01-11T00:00:00,WAS vs. PHX,W,48.0,48,92,0.522,15,34,0.441,17,28,0.607,14,39,53,29,8.0,3,3,6,23,22,128,21.0,1,1,1,1,21,29,103,48,93,202,69,164,73,346,38,83,38,60,16,352,272,228,280,100,31,31
2020-21,1610612749,MIL,Milwaukee Bucks,0022000151,2021-01-11T00:00:00,MIL @ ORL,W,48.0,46,91,0.505,13,35,0.371,16,20,0.8,11,32,43,25,15.0,15,7,4,17,13,121,22.0,1,1,1,1,21,55,123,74,162,171,172,188,216,133,116,250,222,158,177,4,58,108,75,367,89,30
2020-21,1610612753,ORL,Orlando Magic,0022000151,2021-01-11T00:00:00,ORL vs. MIL,L,48.0,39,91,0.429,11,31,0.355,10,13,0.769,15,29,44,24,19.0,5,4,7,13,17,99,-22.0,1,190,190,190,21,225,123,269,231,261,204,325,337,178,26,319,204,191,310,281,208,286,4,275,310,349
2020-21,1610612739,CLE,Cleveland Cavaliers,0022000150,2021-01-11T00:00:00,CLE vs. MEM,L,48.0,37,82,0.451,11,26,0.423,6,14,0.429,10,30,40,20,21.0,11,7,6,21,17,91,-10.0,1,190,190,190,21,281,307,219,231,338,90,371,321,376,151,302,289,306,348,45,58,228,209,275,355,280
2020-21,1610612762,UTA,Utah Jazz,0022000141,2021-01-10T00:00:00,UTA @ DET,W,48.0,35,82,0.427,11,35,0.314,15,22,0.682,16,47,63,17,16.0,3,5,7,17,23,96,10.0,1,1,1,1,21,327,307,275,231,171,277,210,180,303,16,5,1,356,219,352,152,286,75,74,325,86
2020-21,1610612750,MIN,Minnesota Timberwolves,0022000147,2021-01-10T00:00:00,MIN vs. SAS,W,48.0,34,81,0.42,9,26,0.346,19,23,0.826,9,43,52,19,14.0,6,3,5,17,16,96,8.0,1,1,1,1,21,339,318,283,296,338,217,114,158,106,206,26,49,330,145,220,272,172,75,305,325,107
2020-21,1610612746,LAC,LA Clippers,0022000142,2021-01-10T00:00:00,LAC vs. CHI,W,48.0,45,92,0.489,20,38,0.526,20,25,0.8,12,23,35,28,10.0,13,5,2,19,19,130,3.0,1,1,1,1,21,73,103,114,12,112,11,97,116,133,82,374,356,77,38,17,152,17,140,208,20,156
2020-21,1610612752,NYK,New York Knicks,0022000144,2021-01-10T00:00:00,NYK vs. DEN,L,48.0,32,74,0.432,6,21,0.286,19,25,0.76,8,28,36,19,16.0,4,1,4,15,25,89,-25.0,1,190,190,190,21,358,375,260,362,374,309,114,116,194,245,338,349,330,219,319,363,108,28,38,363,357
2020-21,1610612744,GSW,Golden State Warriors,0022000148,2021-01-10T00:00:00,GSW vs. TOR,W,48.0,38,93,0.409,13,46,0.283,17,19,0.895,12,39,51,30,15.0,2,10,10,18,22,106,1.0,1,1,1,1,21,248,88,314,162,21,315,164,231,30,82,83,64,47,177,367,11,359,105,100,247,182
2020-21,1610612760,OKC,Oklahoma City Thunder,0022000143,2021-01-10T00:00:00,OKC @ BKN,W,48.0,49,90,0.544,15,39,0.385,16,17,0.941,3,31,34,24,11.0,12,4,2,22,18,129,13.0,1,1,1,1,21,16,146,25,93,98,151,188,271,12,369,281,365,191,63,35,208,17,242,240,28,67
2020-21,1610612745,HOU,Houston Rockets,0022000146,2021-01-10T00:00:00,HOU vs. LAL,L,48.0,37,90,0.411,12,41,0.293,16,23,0.696,13,30,43,22,21.0,7,8,8,22,23,102,-18.0,1,190,190,190,21,281,146,307,205,67,303,188,158,290,59,302,222,259,348,193,33,322,242,74,285,330
2020-21,1610612761,TOR,Toronto Raptors,0022000148,2021-01-10T00:00:00,TOR @ GSW,L,48.0,39,96,0.406,13,38,0.342,14,22,0.636,13,35,48,20,12.0,8,10,10,22,18,105,-1.0,1,190,190,190,21,225,54,319,162,112,227,236,180,328,59,185,99,306,86,156,11,359,242,240,262,190
2020-21,1610612751,BKN,Brooklyn Nets,0022000143,2021-01-10T00:00:00,BKN vs. OKC,L,48.0,43,85,0.506,10,34,0.294,20,24,0.833,6,37,43,23,17.0,3,2,4,18,22,116,-13.0,1,190,190,190,21,116,254,71,265,202,300,97,136,88,318,123,222,222,256,352,329,108,105,100,127,306
2020-21,1610612747,LAL,Los Angeles Lakers,0022000146,2021-01-10T00:00:00,LAL @ HOU,W,48.0,46,91,0.505,10,29,0.345,18,24,0.75,10,39,49,28,17.0,13,8,8,23,22,120,18.0,1,1,1,1,21,55,123,74,265,294,221,141,136,200,151,83,87,77,256,17,33,322,280,100,95,46
2020-21,1610612741,CHI,Chicago Bulls,0022000142,2021-01-10T00:00:00,CHI @ LAC,L,48.0,47,77,0.61,18,33,0.545,15,17,0.882,3,35,38,30,23.0,6,2,5,19,19,127,-3.0,1,190,190,190,21,40,361,2,41,224,7,210,271,38,369,185,323,47,368,220,329,172,140,208,41,209
2020-21,1610612765,DET,Detroit Pistons,0022000141,2021-01-10T00:00:00,DET vs. UTA,L,48.0,29,87,0.333,10,42,0.238,18,21,0.857,11,28,39,21,8.0,10,7,5,23,17,86,-10.0,1,190,190,190,21,374,201,377,265,56,352,141,195,65,116,338,310,282,16,76,58,172,280,275,370,280
2020-21,1610612743,DEN,Denver Nuggets,0022000144,2021-01-10T00:00:00,DEN @ NYK,W,48.0,45,84,0.536,15,35,0.429,9,12,0.75,8,35,43,23,12.0,11,4,1,25,15,114,25.0,1,1,1,1,21,73,275,37,93,171,81,342,354,200,245,185,222,222,86,45,208,5,323,336,156,20
2020-21,1610612759,SAS,San Antonio Spurs,0022000147,2021-01-10T00:00:00,SAS @ MIN,L,48.0,36,94,0.383,8,30,0.267,8,14,0.571,9,36,45,21,10.0,4,5,3,16,17,88,-8.0,1,190,190,190,21,305,77,347,321,282,332,357,321,354,206,152,180,282,38,319,152,51,44,275,366,263
2020-21,1610612755,PHI,Philadelphia 76ers,0022000133,2021-01-09T00:00:00,PHI vs. DEN,L,48.0,43,103,0.417,11,35,0.314,6,10,0.6,20,28,48,23,17.0,8,4,7,19,12,103,-12.0,1,190,190,190,21,116,8,294,231,171,277,371,370,347,2,338,99,222,256,156,208,286,140,376,278,300
2020-21,1610612766,CHA,Charlotte Hornets,0022000134,2021-01-09T00:00:00,CHA vs. ATL,W,48.0,40,77,0.519,15,33,0.455,18,24,0.75,6,35,41,27,15.0,11,7,4,19,22,113,8.0,1,1,1,1,21,192,361,49,93,224,55,141,136,200,318,185,269,98,177,45,58,108,140,100,163,107
2020-21,1610612739,CLE,Cleveland Cavaliers,0022000137,2021-01-09T00:00:00,CLE @ MIL,L,48.0,36,87,0.414,7,26,0.269,11,16,0.688,14,33,47,16,18.0,6,4,4,18,14,90,-10.0,1,190,190,190,21,305,201,300,344,338,328,306,285,297,38,229,129,364,283,220,208,108,105,352,359,280
2020-21,1610612754,IND,Indiana Pacers,0022000135,2021-01-09T00:00:00,IND vs. PHX,L,48.0,44,92,0.478,12,29,0.414,17,24,0.708,13,39,52,23,10.0,2,4,2,19,17,117,-8.0,1,190,190,190,21,91,103,147,205,294,99,164,136,274,59,83,49,222,38,367,208,17,140,275,120,263
2020-21,1610612737,ATL,Atlanta Hawks,0022000134,2021-01-09T00:00:00,ATL @ CHA,L,48.0,34,89,0.382,14,45,0.311,23,28,0.821,17,30,47,25,14.0,10,4,7,22,19,105,-8.0,1,190,190,190,21,339,165,350,125,31,281,54,73,112,7,302,129,158,145,76,208,286,242,208,262,263
2020-21,1610612753,ORL,Orlando Magic,0022000139,2021-01-09T00:00:00,ORL @ DAL,L,48.0,38,89,0.427,6,31,0.194,16,22,0.727,10,33,43,17,10.0,11,2,8,16,17,98,-14.0,1,190,190,190,21,248,165,271,362,261,366,188,180,244,151,229,222,356,38,45,329,322,44,275,319,313
2020-21,1610612764,WAS,Washington Wizards,0022000136,2021-01-09T00:00:00,WAS vs. MIA,L,48.0,44,99,0.444,15,40,0.375,21,28,0.75,7,32,39,25,6.0,9,2,5,24,24,124,-4.0,1,190,190,190,21,91,27,228,93,85,167,83,73,200,280,250,310,158,4,114,329,172,306,57,60,224
2020-21,1610612750,MIN,Minnesota Timberwolves,0022000138,2021-01-09T00:00:00,MIN vs. SAS,L,53.0,48,96,0.5,15,30,0.5,11,17,0.647,11,42,53,29,17.0,1,7,3,20,19,122,-3.0,1,190,190,190,3,29,54,81,93,282,21,306,271,321,116,39,38,60,256,375,58,51,172,208,77,209
2020-21,1610612759,SAS,San Antonio Spurs,0022000138,2021-01-09T00:00:00,SAS @ MIN,W,53.0,44,101,0.436,13,32,0.406,24,29,0.828,12,36,48,22,6.0,8,3,7,19,20,125,3.0,1,1,1,1,3,91,15,253,162,246,113,41,57,103,82,152,99,259,4,156,272,286,140,171,51,156
2020-21,1610612748,MIA,Miami Heat,0022000136,2021-01-09T00:00:00,MIA @ WAS,W,48.0,46,93,0.495,16,43,0.372,20,26,0.769,10,51,61,32,16.0,3,5,2,24,24,128,4.0,1,1,1,1,21,55,88,96,65,48,171,97,100,178,151,1,3,28,219,352,152,17,306,57,31,147
2020-21,1610612742,DAL,Dallas Mavericks,0022000139,2021-01-09T00:00:00,DAL vs. ORL,W,48.0,39,79,0.494,20,40,0.5,14,18,0.778,6,38,44,25,18.0,5,8,2,17,16,112,14.0,1,1,1,1,21,225,341,105,12,85,21,236,252,165,318,99,204,158,283,281,33,17,75,305,173,62
2020-21,1610612758,SAC,Sacramento Kings,0022000140,2021-01-09T00:00:00,SAC vs. POR,L,48.0,33,81,0.407,8,30,0.267,25,35,0.714,6,41,47,21,15.0,4,5,5,20,27,99,-26.0,1,190,190,190,21,352,318,316,321,282,332,31,12,268,318,48,129,282,177,319,152,172,172,18,310,360
2020-21,1610612743,DEN,Denver Nuggets,0022000133,2021-01-09T00:00:00,DEN @ PHI,W,48.0,45,90,0.5,12,33,0.364,13,15,0.867,15,30,45,28,17.0,11,7,4,12,19,115,12.0,1,1,1,1,21,73,146,81,205,224,182,257,308,57,26,302,180,77,256,45,58,108,2,208,144,74
2020-21,1610612756,PHX,Phoenix Suns,0022000135,2021-01-09T00:00:00,PHX @ IND,W,48.0,46,94,0.489,16,41,0.39,17,17,1.0,4,36,40,33,3.0,6,2,4,17,19,125,8.0,1,1,1,1,21,55,77,110,65,67,144,164,271,1,358,152,289,21,1,220,329,108,75,208,51,107
2020-21,1610612757,POR,Portland Trail Blazers,0022000140,2021-01-09T00:00:00,POR @ SAC,W,48.0,44,100,0.44,17,41,0.415,20,23,0.87,9,41,50,26,8.0,10,5,5,27,20,125,26.0,1,1,1,1,21,91,20,240,52,67,97,97,158,54,206,48,73,130,16,76,152,172,349,171,51,18
2020-21,1610612749,MIL,Milwaukee Bucks,0022000137,2021-01-09T00:00:00,MIL vs. CLE,W,48.0,37,84,0.44,12,36,0.333,14,18,0.778,11,34,45,25,16.0,11,4,4,14,18,100,10.0,1,1,1,1,21,281,275,236,205,151,235,236,252,165,116,204,180,158,219,45,208,108,13,240,299,86
2020-21,1610612746,LAC,LA Clippers,0022000130,2021-01-08T00:00:00,LAC @ GSW,L,48.0,40,83,0.482,14,31,0.452,11,13,0.846,10,27,37,23,19.0,6,5,3,16,19,105,-10.0,1,190,190,190,21,192,294,140,125,261,60,306,337,81,151,349,335,222,310,220,152,51,44,208,262,280
2020-21,1610612763,MEM,Memphis Grizzlies,0022000128,2021-01-08T00:00:00,MEM vs. BKN,W,48.0,45,98,0.459,13,32,0.406,12,14,0.857,12,34,46,29,14.0,14,6,4,18,13,115,5.0,1,1,1,1,21,73,34,197,162,246,113,279,321,65,82,204,159,60,145,10,94,108,105,367,144,134
2020-21,1610612749,MIL,Milwaukee Bucks,0022000129,2021-01-08T00:00:00,MIL vs. UTA,L,48.0,44,98,0.449,13,42,0.31,17,21,0.81,9,36,45,18,12.0,5,5,8,19,18,118,-13.0,1,190,190,190,21,91,34,223,162,56,284,164,195,126,206,152,180,344,86,281,152,322,140,240,109,306
2020-21,1610612764,WAS,Washington Wizards,0022000124,2021-01-08T00:00:00,WAS @ BOS,L,48.0,41,88,0.466,11,29,0.379,14,16,0.875,7,31,38,22,17.0,9,4,4,24,22,107,-9.0,1,190,190,190,21,164,183,183,231,294,161,236,285,45,280,281,323,259,256,114,208,108,306,100,231,273
2020-21,1610612765,DET,Detroit Pistons,0022000123,2021-01-08T00:00:00,DET vs. PHX,W,53.0,37,90,0.411,11,34,0.324,25,29,0.862,9,37,46,23,17.0,13,4,7,14,25,110,5.0,1,1,1,1,3,281,146,307,231,202,254,31,57,62,206,123,159,222,256,17,208,286,13,38,197,134
2020-21,1610612740,NOP,New Orleans Pelicans,0022000126,2021-01-08T00:00:00,NOP vs. CHA,L,48.0,38,77,0.494,15,38,0.395,19,26,0.731,10,26,36,29,19.0,6,4,4,17,20,110,-8.0,1,190,190,190,21,248,361,107,93,112,133,114,100,240,151,361,349,60,310,220,208,108,75,171,197,263
2020-21,1610612744,GSW,Golden State Warriors,0022000130,2021-01-08T00:00:00,GSW vs. LAC,W,48.0,40,82,0.488,20,41,0.488,15,18,0.833,9,29,38,25,16.0,13,3,5,19,16,115,10.0,1,1,1,1,21,192,307,120,12,67,29,210,252,88,206,319,323,158,219,17,272,172,140,305,144,86
2020-21,1610612761,TOR,Toronto Raptors,0022000132,2021-01-08T00:00:00,TOR @ SAC,W,48.0,53,91,0.582,20,39,0.513,18,22,0.818,12,32,44,30,13.0,8,5,8,20,18,144,21.0,1,1,1,1,21,2,123,6,12,98,19,141,180,114,82,250,204,47,107,156,152,322,172,240,2,31
2020-21,1610612751,BKN,Brooklyn Nets,0022000128,2021-01-08T00:00:00,BKN @ MEM,L,48.0,38,81,0.469,14,31,0.452,20,21,0.952,4,38,42,26,21.0,6,4,6,13,18,110,-5.0,1,190,190,190,21,248,318,175,125,261,60,97,195,9,358,99,249,130,348,220,208,228,4,240,197,233
2020-21,1610612760,OKC,Oklahoma City Thunder,0022000125,2021-01-08T00:00:00,OKC @ NYK,W,48.0,38,87,0.437,11,34,0.324,14,21,0.667,11,51,62,16,11.0,2,7,7,19,19,101,12.0,1,1,1,1,21,248,201,247,231,202,254,236,195,308,116,1,2,364,63,367,58,286,140,208,291,74
2020-21,1610612756,PHX,Phoenix Suns,0022000123,2021-01-08T00:00:00,PHX @ DET,L,53.0,41,91,0.451,17,52,0.327,6,13,0.462,9,41,50,24,21.0,10,7,4,25,14,105,-5.0,1,190,190,190,3,164,123,221,52,4,248,371,337,374,206,48,73,191,348,76,58,108,323,352,262,233
2020-21,1610612747,LAL,Los Angeles Lakers,0022000131,2021-01-08T00:00:00,LAL vs. CHI,W,48.0,41,81,0.506,12,29,0.414,23,27,0.852,10,32,42,21,15.0,3,8,3,15,23,117,2.0,1,1,1,1,21,164,318,68,205,294,99,54,83,76,151,250,249,282,177,352,33,51,28,74,120,171
2020-21,1610612762,UTA,Utah Jazz,0022000129,2021-01-08T00:00:00,UTA @ MIL,W,48.0,49,97,0.505,25,53,0.472,8,13,0.615,10,40,50,31,10.0,6,8,5,18,19,131,13.0,1,1,1,1,21,16,45,80,2,3,41,357,337,343,151,71,73,40,38,220,33,172,105,208,18,67
2020-21,1610612741,CHI,Chicago Bulls,0022000131,2021-01-08T00:00:00,CHI @ LAL,L,48.0,46,91,0.505,10,26,0.385,13,14,0.929,9,32,41,26,13.0,10,3,8,23,15,115,-2.0,1,190,190,190,21,55,123,74,265,338,151,257,321,14,206,250,269,130,107,76,272,322,280,336,144,198
2020-21,1610612752,NYK,New York Knicks,0022000125,2021-01-08T00:00:00,NYK vs. OKC,L,48.0,34,96,0.354,9,27,0.333,12,20,0.6,11,38,49,19,5.0,8,7,7,19,19,89,-12.0,1,190,190,190,21,339,54,373,296,328,235,279,216,347,116,99,87,330,3,156,58,286,140,208,363,300
2020-21,1610612766,CHA,Charlotte Hornets,0022000126,2021-01-08T00:00:00,CHA @ NOP,W,48.0,41,87,0.471,16,42,0.381,20,25,0.8,16,29,45,33,15.0,10,4,4,20,17,118,8.0,1,1,1,1,21,164,201,168,65,56,158,97,116,133,16,319,180,21,177,76,208,108,172,275,109,107
2020-21,1610612758,SAC,Sacramento Kings,0022000132,2021-01-08T00:00:00,SAC vs. TOR,L,48.0,46,81,0.568,15,34,0.441,16,28,0.571,3,23,26,36,12.0,9,8,5,18,20,123,-21.0,1,190,190,190,21,55,318,8,93,202,69,188,73,354,369,374,378,2,86,114,33,172,105,171,70,344
2020-21,1610612745,HOU,Houston Rockets,0022000127,2021-01-08T00:00:00,HOU vs. ORL,W,48.0,51,91,0.56,22,47,0.468,8,11,0.727,7,42,49,34,8.0,6,8,2,18,13,132,42.0,1,1,1,1,21,6,123,12,6,16,44,357,364,244,280,39,87,10,16,220,33,17,105,367,16,3
2020-21,1610612738,BOS,Boston Celtics,0022000124,2021-01-08T00:00:00,BOS vs. WAS,W,48.0,41,86,0.477,12,32,0.375,22,30,0.733,11,38,49,21,21.0,11,4,4,22,24,116,9.0,1,1,1,1,21,164,233,155,205,246,167,73,47,234,116,99,87,282,348,45,208,108,242,57,127,100
2020-21,1610612753,ORL,Orlando Magic,0022000127,2021-01-08T00:00:00,ORL @ HOU,L,48.0,34,89,0.382,8,29,0.276,14,16,0.875,9,33,42,17,13.0,5,2,8,13,18,90,-42.0,1,190,190,190,21,339,165,350,321,294,319,236,285,45,206,229,249,356,107,281,329,322,4,240,359,376
2020-21,1610612742,DAL,Dallas Mavericks,0022000120,2021-01-07T00:00:00,DAL @ DEN,W,53.0,42,87,0.483,16,40,0.4,24,31,0.774,7,37,44,27,13.0,12,7,1,21,27,124,7.0,1,1,1,1,3,142,201,136,65,85,124,41,40,173,280,123,204,98,107,35,58,5,209,18,60,117
2020-21,1610612743,DEN,Denver Nuggets,0022000120,2021-01-07T00:00:00,DEN vs. DAL,L,53.0,43,97,0.443,15,44,0.341,16,21,0.762,9,38,47,25,14.0,8,1,7,27,21,117,-7.0,1,190,190,190,3,116,45,231,93,41,232,188,195,191,206,99,129,158,145,156,363,286,349,138,120,253
2020-21,1610612739,CLE,Cleveland Cavaliers,0022000119,2021-01-07T00:00:00,CLE @ MEM,W,48.0,36,79,0.456,13,30,0.433,9,16,0.563,7,30,37,24,16.0,11,3,6,14,17,94,4.0,1,1,1,1,21,305,341,209,162,282,77,342,285,358,280,302,335,191,219,45,272,228,13,275,339,147
2020-21,1610612751,BKN,Brooklyn Nets,0022000118,2021-01-07T00:00:00,BKN vs. PHI,W,48.0,44,97,0.454,15,37,0.405,19,29,0.655,11,37,48,30,13.0,11,7,6,17,25,122,13.0,1,1,1,1,21,91,45,214,93,127,118,114,57,316,116,123,99,47,107,45,58,228,75,38,77,67
2020-21,1610612750,MIN,Minnesota Timberwolves,0022000122,2021-01-07T00:00:00,MIN @ POR,L,48.0,39,93,0.419,14,41,0.341,25,33,0.758,15,33,48,24,16.0,11,4,6,19,23,117,-18.0,1,190,190,190,21,225,88,284,125,67,230,31,21,199,26,229,99,191,219,45,208,228,140,74,120,330
2020-21,1610612755,PHI,Philadelphia 76ers,0022000118,2021-01-07T00:00:00,PHI @ BKN,L,48.0,41,87,0.471,9,26,0.346,18,20,0.9,4,43,47,23,20.0,6,6,7,25,17,109,-13.0,1,190,190,190,21,164,201,168,296,338,217,141,216,27,358,26,129,222,332,220,94,286,323,275,204,306
2020-21,1610612747,LAL,Los Angeles Lakers,0022000121,2021-01-07T00:00:00,LAL vs. SAS,L,48.0,43,86,0.5,10,30,0.333,13,21,0.619,9,39,48,21,13.0,2,4,3,20,15,109,-9.0,1,190,190,190,21,116,233,81,265,282,235,257,195,340,206,83,99,282,107,367,208,51,172,336,204,273
2020-21,1610612757,POR,Portland Trail Blazers,0022000122,2021-01-07T00:00:00,POR vs. MIN,W,48.0,49,90,0.544,18,41,0.439,19,23,0.826,6,38,44,25,15.0,10,6,4,23,19,135,18.0,1,1,1,1,21,16,146,25,41,67,73,114,158,106,318,99,204,158,177,76,94,108,280,208,13,46
2020-21,1610612763,MEM,Memphis Grizzlies,0022000119,2021-01-07T00:00:00,MEM vs. CLE,L,48.0,36,83,0.434,11,31,0.355,7,8,0.875,11,37,48,27,18.0,13,6,3,17,14,90,-4.0,1,190,190,190,21,305,294,257,231,261,204,365,374,45,116,123,99,98,283,17,94,51,75,352,359,224
2020-21,1610612759,SAS,San Antonio Spurs,0022000121,2021-01-07T00:00:00,SAS @ LAL,W,48.0,43,92,0.467,16,35,0.457,16,17,0.941,6,34,40,28,8.0,4,3,4,15,20,118,9.0,1,1,1,1,21,116,103,180,65,171,50,188,271,12,318,204,289,77,16,319,272,108,28,171,109,100
2020-21,1610612749,MIL,Milwaukee Bucks,0022000113,2021-01-06T00:00:00,MIL vs. DET,W,48.0,49,90,0.544,19,43,0.442,13,21,0.619,9,38,47,35,14.0,5,4,3,22,20,130,15.0,1,1,1,1,21,16,146,25,22,48,67,257,195,340,206,99,129,4,145,281,208,51,242,171,20,57
2020-21,1610612753,ORL,Orlando Magic,0022000108,2021-01-06T00:00:00,ORL vs. CLE,W,48.0,40,81,0.494,12,29,0.414,13,18,0.722,8,35,43,20,16.0,4,4,4,22,19,105,11.0,1,1,1,1,21,192,318,102,205,294,99,257,252,256,245,185,222,306,219,319,208,108,242,208,262,80
2020-21,1610612752,NYK,New York Knicks,0022000112,2021-01-06T00:00:00,NYK vs. UTA,W,48.0,45,87,0.517,8,22,0.364,14,19,0.737,11,37,48,22,13.0,10,5,9,17,15,112,12.0,1,1,1,1,21,73,201,52,321,369,182,236,231,228,116,123,99,259,107,76,152,347,75,336,173,74
2020-21,1610612765,DET,Detroit Pistons,0022000113,2021-01-06T00:00:00,DET @ MIL,L,48.0,38,97,0.392,13,41,0.317,26,30,0.867,15,32,47,20,9.0,6,3,4,20,22,115,-15.0,1,190,190,190,21,248,45,334,162,67,271,22,47,57,26,250,129,306,28,220,272,108,172,100,144,318
2020-21,1610612754,IND,Indiana Pacers,0022000107,2021-01-06T00:00:00,IND vs. HOU,W,48.0,42,89,0.472,9,23,0.391,21,26,0.808,7,31,38,21,14.0,10,9,12,21,22,114,7.0,1,1,1,1,21,142,165,166,296,363,139,83,100,129,280,281,323,282,145,76,21,374,209,100,156,117
2020-21,1610612756,PHX,Phoenix Suns,0022000115,2021-01-06T00:00:00,PHX vs. TOR,W,48.0,40,83,0.482,21,40,0.525,22,24,0.917,8,33,41,30,12.0,4,3,5,23,19,123,8.0,1,1,1,1,21,192,294,140,8,85,12,73,136,19,245,229,269,47,86,319,272,172,280,208,70,107
2020-21,1610612740,NOP,New Orleans Pelicans,0022000114,2021-01-06T00:00:00,NOP vs. OKC,L,48.0,44,89,0.494,4,22,0.182,18,23,0.783,9,43,52,25,15.0,11,0,5,18,18,110,-1.0,1,190,190,190,21,91,165,97,373,369,369,141,158,158,206,26,49,158,177,45,375,172,105,240,197,190
2020-21,1610612764,WAS,Washington Wizards,0022000109,2021-01-06T00:00:00,WAS @ PHI,L,48.0,47,94,0.5,16,37,0.432,26,35,0.743,9,26,35,27,13.0,9,2,6,27,21,136,-5.0,1,190,190,190,21,40,77,81,65,127,79,22,12,218,206,361,356,98,107,114,329,228,349,138,12,233
2020-21,1610612738,BOS,Boston Celtics,0022000111,2021-01-06T00:00:00,BOS @ MIA,W,48.0,42,99,0.424,12,35,0.343,11,12,0.917,16,37,53,22,7.0,7,5,7,23,15,107,2.0,1,1,1,1,21,142,27,277,205,171,225,306,354,19,16,123,38,259,10,193,152,286,280,336,231,171
2020-21,1610612760,OKC,Oklahoma City Thunder,0022000114,2021-01-06T00:00:00,OKC @ NOP,W,48.0,40,87,0.46,19,46,0.413,12,16,0.75,4,34,38,28,14.0,10,5,0,18,18,111,1.0,1,1,1,1,21,192,201,194,22,21,104,279,285,200,358,204,323,77,145,76,152,1,105,240,184,182
2020-21,1610612741,CHI,Chicago Bulls,0022000117,2021-01-06T00:00:00,CHI @ SAC,L,48.0,49,93,0.527,14,40,0.35,12,15,0.8,10,33,43,27,16.0,3,2,3,21,16,124,-4.0,1,190,190,190,21,16,88,43,125,85,213,279,308,133,151,229,222,98,219,352,329,51,209,305,60,224
2020-21,1610612748,MIA,Miami Heat,0022000111,2021-01-06T00:00:00,MIA vs. BOS,L,48.0,35,81,0.432,13,36,0.361,22,26,0.846,6,36,42,26,9.0,2,7,5,15,23,105,-2.0,1,190,190,190,21,327,318,261,162,151,189,73,100,81,318,152,249,130,28,367,58,172,28,74,262,198
2020-21,1610612766,CHA,Charlotte Hornets,0022000110,2021-01-06T00:00:00,CHA @ ATL,W,48.0,32,85,0.376,11,36,0.306,27,33,0.818,8,41,49,22,10.0,11,7,1,14,25,102,8.0,1,1,1,1,21,358,254,358,231,151,286,17,21,114,245,48,87,259,38,45,58,5,13,38,285,107
2020-21,1610612755,PHI,Philadelphia 76ers,0022000109,2021-01-06T00:00:00,PHI vs. WAS,W,48.0,50,81,0.617,18,29,0.621,23,33,0.697,1,34,35,33,18.0,9,6,2,21,27,141,5.0,1,1,1,1,21,10,318,1,41,294,1,54,21,288,378,204,356,21,283,114,94,17,209,18,4,134
2020-21,1610612737,ATL,Atlanta Hawks,0022000110,2021-01-06T00:00:00,ATL vs. CHA,L,48.0,36,96,0.375,7,40,0.175,15,18,0.833,12,45,57,25,13.0,6,1,7,25,14,94,-8.0,1,190,190,190,21,305,54,359,344,85,371,210,252,88,82,12,10,158,107,220,363,286,323,352,339,263
2020-21,1610612761,TOR,Toronto Raptors,0022000115,2021-01-06T00:00:00,TOR @ PHX,L,48.0,39,79,0.494,14,35,0.4,23,32,0.719,10,32,42,18,12.0,6,5,3,19,23,115,-8.0,1,190,190,190,21,225,341,105,125,171,124,54,31,264,151,250,249,344,86,220,152,51,140,74,144,263
2020-21,1610612758,SAC,Sacramento Kings,0022000117,2021-01-06T00:00:00,SAC vs. CHI,W,48.0,47,91,0.516,14,37,0.378,20,27,0.741,12,27,39,30,7.0,8,3,2,16,21,128,4.0,1,1,1,1,21,40,123,54,125,127,163,97,83,221,82,349,310,47,10,156,272,17,44,138,31,147
2020-21,1610612745,HOU,Houston Rockets,0022000107,2021-01-06T00:00:00,HOU @ IND,L,48.0,39,81,0.481,8,30,0.267,21,26,0.808,5,34,39,19,16.0,7,12,9,22,21,107,-7.0,1,190,190,190,21,225,318,143,321,282,332,83,100,129,338,204,310,330,219,193,2,347,242,138,231,253
2020-21,1610612746,LAC,LA Clippers,0022000116,2021-01-06T00:00:00,LAC @ GSW,W,48.0,36,81,0.444,11,34,0.324,25,25,1.0,12,36,48,19,20.0,6,3,2,26,21,108,7.0,1,1,1,1,21,305,318,228,231,202,254,31,116,1,82,152,99,330,332,220,272,17,342,138,219,117
2020-21,1610612762,UTA,Utah Jazz,0022000112,2021-01-06T00:00:00,UTA @ NYK,L,48.0,40,91,0.44,14,44,0.318,6,11,0.545,10,32,42,20,15.0,5,9,5,15,17,100,-12.0,1,190,190,190,21,192,123,241,125,41,269,371,364,362,151,250,249,306,177,281,21,172,28,275,299,300
2020-21,1610612744,GSW,Golden State Warriors,0022000116,2021-01-06T00:00:00,GSW vs. LAC,L,48.0,39,86,0.453,8,30,0.267,15,19,0.789,8,27,35,25,13.0,10,2,3,21,26,101,-7.0,1,190,190,190,21,225,233,215,321,282,332,210,231,150,245,349,356,158,107,76,329,51,209,31,291,253
2020-21,1610612739,CLE,Cleveland Cavaliers,0022000108,2021-01-06T00:00:00,CLE @ ORL,L,48.0,36,85,0.424,4,26,0.154,18,26,0.692,13,32,45,24,10.0,9,4,4,19,22,94,-11.0,1,190,190,190,21,305,254,278,373,338,373,141,100,292,59,250,180,191,38,114,208,108,140,100,339,294
2020-21,1610612757,POR,Portland Trail Blazers,0022000106,2021-01-05T00:00:00,POR vs. CHI,L,48.0,39,94,0.415,19,51,0.373,11,17,0.647,10,36,46,23,11.0,8,3,5,16,19,108,-3.0,1,190,190,190,21,225,77,299,22,6,170,306,271,321,151,152,159,222,63,156,272,172,44,208,219,209
2020-21,1610612751,BKN,Brooklyn Nets,0022000102,2021-01-05T00:00:00,BKN vs. UTA,W,48.0,52,93,0.559,14,36,0.389,12,16,0.75,8,43,51,31,13.0,11,5,3,22,18,130,34.0,1,1,1,1,21,3,88,15,125,151,147,279,285,200,245,26,64,40,107,45,152,51,242,240,20,7
2020-21,1610612746,LAC,LA Clippers,0022000105,2021-01-05T00:00:00,LAC vs. SAS,L,48.0,43,86,0.5,15,35,0.429,12,13,0.923,7,38,45,29,13.0,6,7,3,16,13,113,-3.0,1,190,190,190,21,116,233,81,93,171,81,279,337,15,280,99,180,60,107,220,58,51,44,367,163,209
2020-21,1610612747,LAL,Los Angeles Lakers,0022000103,2021-01-05T00:00:00,LAL @ MEM,W,48.0,38,87,0.437,9,31,0.29,9,11,0.818,9,43,52,24,17.0,7,8,4,14,14,94,2.0,1,1,1,1,21,248,201,247,296,261,305,342,364,114,206,26,49,191,256,193,33,108,13,352,339,171
2020-21,1610612763,MEM,Memphis Grizzlies,0022000103,2021-01-05T00:00:00,MEM vs. LAL,L,48.0,36,87,0.414,10,26,0.385,10,13,0.769,5,33,38,24,13.0,14,4,8,14,14,92,-2.0,1,190,190,190,21,305,201,300,265,338,151,325,337,178,338,229,323,191,107,10,208,322,13,352,352,198
2020-21,1610612741,CHI,Chicago Bulls,0022000106,2021-01-05T00:00:00,CHI @ POR,W,48.0,40,91,0.44,16,41,0.39,15,18,0.833,11,41,52,27,15.0,5,5,3,19,16,111,3.0,1,1,1,1,21,192,123,241,65,67,144,210,252,88,116,48,49,98,177,281,152,51,140,305,184,156
2020-21,1610612762,UTA,Utah Jazz,0022000102,2021-01-05T00:00:00,UTA @ BKN,L,48.0,33,86,0.384,11,34,0.324,19,27,0.704,9,32,41,17,15.0,6,3,5,18,22,96,-34.0,1,190,190,190,21,352,233,346,231,202,254,114,83,280,206,250,269,356,177,220,272,172,105,100,325,372
2020-21,1610612750,MIN,Minnesota Timberwolves,0022000104,2021-01-05T00:00:00,MIN @ DEN,L,48.0,42,91,0.462,11,34,0.324,21,27,0.778,10,32,42,24,14.0,8,4,2,31,27,116,-7.0,1,190,190,190,21,142,123,189,231,202,254,83,83,165,151,250,249,191,145,156,208,17,376,18,127,253
2020-21,1610612759,SAS,San Antonio Spurs,0022000105,2021-01-05T00:00:00,SAS @ LAC,W,48.0,44,96,0.458,20,40,0.5,8,11,0.727,11,33,44,23,11.0,9,3,7,13,16,116,3.0,1,1,1,1,21,91,54,201,12,85,21,357,364,244,116,229,204,222,63,114,272,286,4,305,127,156
2020-21,1610612743,DEN,Denver Nuggets,0022000104,2021-01-05T00:00:00,DEN vs. MIN,W,48.0,41,79,0.519,8,25,0.32,33,45,0.733,10,32,42,22,16.0,9,2,4,27,31,123,7.0,1,1,1,1,21,164,341,50,321,351,267,3,2,234,151,250,249,259,219,114,329,108,349,2,70,117
2020-21,1610612755,PHI,Philadelphia 76ers,0022000094,2021-01-04T00:00:00,PHI vs. CHA,W,48.0,46,95,0.484,11,32,0.344,15,23,0.652,14,41,55,34,10.0,7,5,4,21,24,118,17.0,1,1,1,1,21,55,65,129,231,246,223,210,158,317,38,48,22,10,38,193,152,108,209,57,109,50
2020-21,1610612740,NOP,New Orleans Pelicans,0022000100,2021-01-04T00:00:00,NOP vs. IND,L,53.0,44,101,0.436,9,27,0.333,19,24,0.792,16,41,57,26,18.0,5,4,8,20,27,116,-2.0,1,190,190,190,3,91,15,253,296,328,235,114,136,146,16,48,10,130,283,281,208,322,172,18,127,198
2020-21,1610612766,CHA,Charlotte Hornets,0022000094,2021-01-04T00:00:00,CHA @ PHI,L,48.0,36,86,0.419,13,39,0.333,16,22,0.727,8,39,47,30,17.0,4,4,5,24,21,101,-17.0,1,190,190,190,21,305,233,287,162,98,235,188,180,244,245,83,129,47,256,319,208,172,306,138,291,325
2020-21,1610612760,OKC,Oklahoma City Thunder,0022000096,2021-01-04T00:00:00,OKC @ MIA,L,48.0,29,79,0.367,13,48,0.271,19,27,0.704,6,32,38,20,18.0,6,4,0,15,20,90,-28.0,1,190,190,190,21,374,341,369,162,12,326,114,83,280,318,250,323,306,283,220,208,1,28,171,359,363
2020-21,1610612745,HOU,Houston Rockets,0022000098,2021-01-04T00:00:00,HOU vs. DAL,L,48.0,30,77,0.39,11,40,0.275,29,36,0.806,7,28,35,17,12.0,5,4,3,19,31,100,-13.0,1,190,190,190,21,372,361,339,231,85,323,6,10,132,280,338,356,356,86,281,208,51,140,2,299,306
2020-21,1610612761,TOR,Toronto Raptors,0022000097,2021-01-04T00:00:00,TOR vs. BOS,L,48.0,36,90,0.4,13,37,0.351,29,38,0.763,8,29,37,20,10.0,13,4,9,26,29,114,-12.0,1,190,190,190,21,305,146,326,162,127,210,6,5,190,245,319,335,306,38,17,208,347,342,4,156,300
2020-21,1610612758,SAC,Sacramento Kings,0022000101,2021-01-04T00:00:00,SAC @ GSW,L,48.0,34,90,0.378,10,35,0.286,28,39,0.718,11,41,52,20,15.0,5,6,6,20,28,106,-31.0,1,190,190,190,21,339,146,356,265,171,309,13,4,267,116,48,49,306,177,281,94,228,172,9,247,369
2020-21,1610612753,ORL,Orlando Magic,0022000093,2021-01-04T00:00:00,ORL vs. CLE,W,48.0,38,88,0.432,15,34,0.441,12,13,0.923,18,36,54,22,21.0,9,7,4,15,14,103,20.0,1,1,1,1,21,248,183,262,93,202,69,279,337,15,5,152,27,259,348,114,58,108,28,352,278,36
2020-21,1610612739,CLE,Cleveland Cavaliers,0022000093,2021-01-04T00:00:00,CLE @ ORL,L,48.0,33,85,0.388,10,28,0.357,7,12,0.583,9,26,35,20,16.0,12,4,7,14,15,83,-20.0,1,190,190,190,21,352,254,343,265,316,199,365,354,350,206,361,356,306,219,35,208,286,13,336,373,337
2020-21,1610612748,MIA,Miami Heat,0022000096,2021-01-04T00:00:00,MIA vs. OKC,W,48.0,46,81,0.568,16,34,0.471,10,18,0.556,4,43,47,34,16.0,7,0,4,20,15,118,28.0,1,1,1,1,21,55,318,8,65,202,42,325,252,361,358,26,129,10,219,193,375,108,172,336,109,15
2020-21,1610612754,IND,Indiana Pacers,0022000100,2021-01-04T00:00:00,IND @ NOP,W,53.0,45,93,0.484,19,45,0.422,9,13,0.692,5,37,42,32,14.0,10,8,4,27,20,118,2.0,1,1,1,1,3,73,88,131,22,31,91,342,337,292,338,123,249,28,145,76,33,108,349,171,109,171
2020-21,1610612742,DAL,Dallas Mavericks,0022000098,2021-01-04T00:00:00,DAL @ HOU,W,48.0,39,82,0.476,16,39,0.41,19,20,0.95,10,41,51,24,18.0,4,3,4,31,19,113,13.0,1,1,1,1,21,225,307,158,65,98,107,114,216,10,151,48,64,191,283,319,272,108,376,208,163,67
2020-21,1610612738,BOS,Boston Celtics,0022000097,2021-01-04T00:00:00,BOS @ TOR,W,48.0,41,84,0.488,15,29,0.517,29,34,0.853,12,44,56,19,20.0,3,9,4,29,26,126,12.0,1,1,1,1,21,164,275,118,93,294,14,6,15,74,82,18,17,330,332,352,21,108,371,31,46,74
2020-21,1610612737,ATL,Atlanta Hawks,0022000095,2021-01-04T00:00:00,ATL vs. NYK,L,48.0,40,87,0.46,10,31,0.323,18,23,0.783,10,30,40,24,13.0,4,2,6,21,21,108,-5.0,1,190,190,190,21,192,201,194,265,261,261,141,158,158,151,302,289,191,107,319,329,228,209,138,219,233
2020-21,1610612752,NYK,New York Knicks,0022000095,2021-01-04T00:00:00,NYK @ ATL,W,48.0,43,85,0.506,7,21,0.333,20,25,0.8,11,34,45,26,16.0,9,6,2,21,21,113,5.0,1,1,1,1,21,116,254,71,344,374,235,97,116,133,116,204,180,130,219,114,94,17,209,138,163,134
2020-21,1610612744,GSW,Golden State Warriors,0022000101,2021-01-04T00:00:00,GSW vs. SAC,W,48.0,51,97,0.526,23,43,0.535,12,14,0.857,3,45,48,41,11.0,4,6,6,28,20,137,31.0,1,1,1,1,21,6,45,44,4,48,9,279,321,65,369,12,99,1,63,319,94,228,362,171,9,10
2020-21,1610612765,DET,Detroit Pistons,0022000099,2021-01-04T00:00:00,DET @ MIL,L,48.0,43,98,0.439,17,40,0.425,12,12,1.0,6,25,31,27,9.0,9,5,4,17,18,115,-10.0,1,190,190,190,21,116,34,243,52,85,87,279,354,1,318,368,374,98,28,114,152,108,75,240,144,280
2020-21,1610612749,MIL,Milwaukee Bucks,0022000099,2021-01-04T00:00:00,MIL vs. DET,W,48.0,49,85,0.576,14,34,0.412,13,16,0.813,7,42,49,32,19.0,6,4,5,18,17,125,10.0,1,1,1,1,21,16,254,7,125,202,105,257,285,118,280,39,87,28,310,220,208,172,105,275,51,86
2020-21,1610612742,DAL,Dallas Mavericks,0022000090,2021-01-03T00:00:00,DAL @ CHI,L,48.0,39,89,0.438,11,42,0.262,19,27,0.704,11,30,41,23,15.0,6,4,2,27,24,108,-10.0,1,190,190,190,21,225,165,246,231,56,338,114,83,280,116,302,269,222,177,220,208,17,349,57,219,280
2020-21,1610612743,DEN,Denver Nuggets,0022000088,2021-01-03T00:00:00,DEN @ MIN,W,48.0,45,92,0.489,19,45,0.422,15,21,0.714,13,30,43,34,15.0,6,4,6,11,17,124,15.0,1,1,1,1,21,73,103,114,22,31,91,210,195,268,59,302,222,10,177,220,208,228,1,275,60,57
2020-21,1610612763,MEM,Memphis Grizzlies,0022000087,2021-01-03T00:00:00,MEM vs. LAL,L,48.0,39,95,0.411,9,33,0.273,7,8,0.875,14,36,50,23,13.0,6,3,5,18,15,94,-14.0,1,190,190,190,21,225,65,309,296,224,324,365,374,45,38,152,73,222,107,220,272,172,105,336,339,313
2020-21,1610612744,GSW,Golden State Warriors,0022000092,2021-01-03T00:00:00,GSW vs. POR,W,48.0,49,88,0.557,13,34,0.382,26,34,0.765,11,42,53,23,15.0,4,7,2,24,27,137,15.0,1,1,1,1,21,16,183,17,162,202,156,22,15,188,116,39,38,222,177,319,58,17,306,18,9,57
2020-21,1610612750,MIN,Minnesota Timberwolves,0022000088,2021-01-03T00:00:00,MIN vs. DEN,L,48.0,44,85,0.518,10,31,0.323,11,16,0.688,9,27,36,30,14.0,11,6,4,17,11,109,-15.0,1,190,190,190,21,91,254,51,265,261,261,306,285,297,206,349,349,47,145,45,94,108,75,378,204,318
2020-21,1610612756,PHX,Phoenix Suns,0022000091,2021-01-03T00:00:00,PHX vs. LAC,L,48.0,37,75,0.493,10,33,0.303,23,28,0.821,7,33,40,23,14.0,4,3,2,22,22,107,-5.0,1,190,190,190,21,281,373,108,265,224,291,54,73,112,280,229,289,222,145,319,272,17,242,100,231,233
2020-21,1610612762,UTA,Utah Jazz,0022000089,2021-01-03T00:00:00,UTA @ SAS,W,48.0,49,89,0.551,21,41,0.512,11,19,0.579,9,48,57,29,20.0,4,11,4,18,16,130,21.0,1,1,1,1,21,16,165,23,8,67,20,306,231,351,206,4,10,60,332,319,6,108,105,305,20,31
2020-21,1610612757,POR,Portland Trail Blazers,0022000092,2021-01-03T00:00:00,POR @ GSW,L,48.0,41,98,0.418,14,43,0.326,26,33,0.788,12,28,40,16,12.0,7,2,7,27,24,122,-15.0,1,190,190,190,21,164,34,289,125,48,251,22,21,154,82,338,289,364,86,193,329,286,349,57,77,318
2020-21,1610612765,DET,Detroit Pistons,0022000085,2021-01-03T00:00:00,DET vs. BOS,L,48.0,41,86,0.477,16,36,0.444,22,25,0.88,8,25,33,29,10.0,8,7,5,16,22,120,-2.0,1,190,190,190,21,164,233,155,65,151,65,73,116,40,245,368,366,60,38,156,58,172,44,100,95,198
2020-21,1610612747,LAL,Los Angeles Lakers,0022000087,2021-01-03T00:00:00,LAL @ MEM,W,48.0,41,89,0.461,12,35,0.343,14,19,0.737,12,37,49,24,10.0,9,5,3,15,18,108,14.0,1,1,1,1,21,164,165,192,205,171,225,236,231,228,82,123,87,191,38,114,152,51,28,240,219,62
2020-21,1610612751,BKN,Brooklyn Nets,0022000086,2021-01-03T00:00:00,BKN vs. WAS,L,48.0,40,81,0.494,14,32,0.438,28,31,0.903,7,44,51,25,20.0,5,9,3,24,22,122,-1.0,1,190,190,190,21,192,318,102,125,246,74,13,40,26,280,18,64,158,332,281,21,51,306,100,77,190
2020-21,1610612746,LAC,LA Clippers,0022000091,2021-01-03T00:00:00,LAC @ PHX,W,48.0,40,83,0.482,17,29,0.586,15,19,0.789,8,29,37,24,10.0,5,2,3,22,22,112,5.0,1,1,1,1,21,192,294,140,52,294,3,210,231,150,245,319,335,191,38,281,329,51,242,100,173,134
2020-21,1610612738,BOS,Boston Celtics,0022000085,2021-01-03T00:00:00,BOS @ DET,W,48.0,49,87,0.563,15,33,0.455,9,13,0.692,12,29,41,35,18.0,4,5,7,22,16,122,2.0,1,1,1,1,21,16,201,10,93,224,55,342,337,292,82,319,269,4,283,319,152,286,242,305,77,171
2020-21,1610612764,WAS,Washington Wizards,0022000086,2021-01-03T00:00:00,WAS @ BKN,W,48.0,43,104,0.413,12,33,0.364,25,34,0.735,13,36,49,27,7.0,9,3,9,22,24,123,1.0,1,1,1,1,21,116,5,303,205,224,182,31,15,232,59,152,87,98,10,114,272,347,242,57,70,182
2020-21,1610612759,SAS,San Antonio Spurs,0022000089,2021-01-03T00:00:00,SAS vs. UTA,L,48.0,44,105,0.419,6,19,0.316,15,21,0.714,14,31,45,23,7.0,13,4,11,16,18,109,-21.0,1,190,190,190,21,91,3,286,362,378,275,210,195,268,38,281,180,222,10,17,208,369,44,240,204,344
2020-21,1610612741,CHI,Chicago Bulls,0022000090,2021-01-03T00:00:00,CHI vs. DAL,W,48.0,39,85,0.459,13,37,0.351,27,30,0.9,11,37,48,16,16.0,11,2,4,24,27,118,10.0,1,1,1,1,21,225,254,198,162,127,210,17,47,27,116,123,99,364,219,45,329,108,306,18,109,86
2020-21,1610612761,TOR,Toronto Raptors,0022000084,2021-01-02T00:00:00,TOR @ NOP,L,48.0,38,91,0.418,14,48,0.292,26,27,0.963,10,30,40,21,10.0,6,4,7,29,18,116,-4.0,1,190,190,190,21,248,123,292,125,12,304,22,83,8,151,302,289,282,38,220,208,286,371,240,127,224
2020-21,1610612754,IND,Indiana Pacers,0022000080,2021-01-02T00:00:00,IND vs. NYK,L,48.0,34,84,0.405,19,50,0.38,15,18,0.833,5,27,32,22,9.0,6,4,3,21,16,102,-4.0,1,190,190,190,21,339,275,321,22,8,159,210,252,88,338,349,369,259,28,220,208,51,209,305,285,224
2020-21,1610612737,ATL,Atlanta Hawks,0022000083,2021-01-02T00:00:00,ATL vs. CLE,L,48.0,35,85,0.412,11,32,0.344,10,19,0.526,15,33,48,22,22.0,9,5,2,20,21,91,-5.0,1,190,190,190,21,327,254,306,231,246,223,325,231,366,26,229,99,259,361,114,152,17,172,138,355,233
2020-21,1610612766,CHA,Charlotte Hornets,0022000082,2021-01-02T00:00:00,CHA @ PHI,L,48.0,38,92,0.413,13,35,0.371,23,26,0.885,14,26,40,34,12.0,15,5,7,18,17,112,-15.0,1,190,190,190,21,248,103,304,162,171,172,54,100,35,38,361,289,10,86,4,152,286,105,275,173,318
2020-21,1610612740,NOP,New Orleans Pelicans,0022000084,2021-01-02T00:00:00,NOP vs. TOR,W,48.0,35,83,0.422,14,38,0.368,36,47,0.766,14,36,50,26,13.0,6,7,4,18,29,120,4.0,1,1,1,1,21,327,294,281,125,112,179,2,1,187,38,152,73,130,107,220,58,108,105,4,95,147
2020-21,1610612752,NYK,New York Knicks,0022000080,2021-01-02T00:00:00,NYK @ IND,W,48.0,42,83,0.506,12,27,0.444,10,13,0.769,10,41,51,23,16.0,4,3,4,16,21,106,4.0,1,1,1,1,21,142,294,69,205,328,65,325,337,178,151,48,64,222,219,319,272,108,44,138,247,147
2020-21,1610612758,SAC,Sacramento Kings,0022000079,2021-01-02T00:00:00,SAC @ HOU,L,48.0,35,90,0.389,9,28,0.321,15,21,0.714,14,33,47,11,15.0,5,4,10,21,22,94,-8.0,1,190,190,190,21,327,146,340,296,316,265,210,195,268,38,229,129,378,177,281,208,359,209,100,339,263
2020-21,1610612753,ORL,Orlando Magic,0022000081,2021-01-02T00:00:00,ORL vs. OKC,L,48.0,40,108,0.37,10,38,0.263,9,12,0.75,15,40,55,21,6.0,7,1,5,18,17,99,-9.0,1,190,190,190,21,192,1,365,265,112,336,342,354,200,26,71,22,282,4,193,363,172,105,275,310,273
2020-21,1610612739,CLE,Cleveland Cavaliers,0022000083,2021-01-02T00:00:00,CLE @ ATL,W,48.0,38,91,0.418,7,29,0.241,13,17,0.765,15,31,46,19,15.0,10,2,5,21,20,96,5.0,1,1,1,1,21,248,123,292,344,294,351,257,271,188,26,281,159,330,177,76,329,172,209,171,325,134
2020-21,1610612760,OKC,Oklahoma City Thunder,0022000081,2021-01-02T00:00:00,OKC @ ORL,W,48.0,38,86,0.442,13,41,0.317,19,21,0.905,6,46,52,22,12.0,5,5,1,17,18,108,9.0,1,1,1,1,21,248,233,233,162,67,271,114,195,23,318,11,49,259,86,281,152,5,75,240,219,100
2020-21,1610612745,HOU,Houston Rockets,0022000079,2021-01-02T00:00:00,HOU vs. SAC,W,48.0,36,81,0.444,13,41,0.317,17,23,0.739,6,42,48,15,14.0,10,10,4,22,21,102,8.0,1,1,1,1,21,305,318,228,162,67,271,164,158,222,318,39,99,370,145,76,11,108,242,138,285,107
2020-21,1610612755,PHI,Philadelphia 76ers,0022000082,2021-01-02T00:00:00,PHI vs. CHA,W,48.0,47,79,0.595,16,35,0.457,17,24,0.708,7,38,45,35,22.0,10,7,5,17,18,127,15.0,1,1,1,1,21,40,341,4,65,171,50,164,136,274,280,99,180,4,361,76,58,172,75,240,41,57
2020-21,1610612742,DAL,Dallas Mavericks,0022000071,2021-01-01T00:00:00,DAL vs. MIA,W,48.0,32,78,0.41,12,37,0.324,17,23,0.739,4,45,49,18,17.0,9,3,2,25,24,93,10.0,1,1,1,1,21,358,355,310,205,127,252,164,158,222,358,12,87,344,256,114,272,17,323,57,347,86
2020-21,1610612746,LAC,LA Clippers,0022000077,2021-01-01T00:00:00,LAC @ UTA,L,48.0,33,85,0.388,13,33,0.394,21,24,0.875,12,31,43,19,10.0,6,8,3,16,20,100,-6.0,1,190,190,190,21,352,254,343,162,224,135,83,136,45,82,281,222,330,38,220,33,51,44,171,299,246
2020-21,1610612764,WAS,Washington Wizards,0022000074,2021-01-01T00:00:00,WAS @ MIN,W,48.0,49,89,0.551,16,33,0.485,16,21,0.762,8,35,43,35,16.0,9,3,3,19,22,130,21.0,1,1,1,1,21,16,165,23,65,224,34,188,195,191,245,185,222,4,219,114,272,51,140,100,20,31
2020-21,1610612765,DET,Detroit Pistons,0022000070,2021-01-01T00:00:00,DET vs. BOS,W,48.0,36,88,0.409,11,34,0.324,13,20,0.65,12,35,47,18,19.0,9,2,11,16,20,96,3.0,1,1,1,1,21,305,183,313,231,202,254,257,216,320,82,185,129,344,310,114,329,369,44,171,325,156
2020-21,1610612763,MEM,Memphis Grizzlies,0022000069,2021-01-01T00:00:00,MEM @ CHA,W,48.0,43,90,0.478,14,39,0.359,8,10,0.8,10,38,48,34,17.0,10,6,4,18,15,108,15.0,1,1,1,1,21,116,146,150,125,98,198,357,370,133,151,99,99,10,256,76,94,108,105,336,219,57
2020-21,1610612748,MIA,Miami Heat,0022000071,2021-01-01T00:00:00,MIA @ DAL,L,48.0,29,78,0.372,7,33,0.212,18,25,0.72,5,36,41,20,16.0,10,2,3,24,25,83,-10.0,1,190,190,190,21,374,355,364,344,224,361,141,116,259,338,152,269,306,219,76,329,51,306,38,373,280
2020-21,1610612756,PHX,Phoenix Suns,0022000076,2021-01-01T00:00:00,PHX @ DEN,W,48.0,37,76,0.487,13,35,0.371,19,21,0.905,8,29,37,24,17.0,1,4,1,20,25,106,3.0,1,1,1,1,21,281,366,125,162,171,172,114,195,23,245,319,335,191,256,375,208,5,172,38,247,156
2020-21,1610612766,CHA,Charlotte Hornets,0022000069,2021-01-01T00:00:00,CHA vs. MEM,L,48.0,35,86,0.407,9,31,0.29,14,21,0.667,10,32,42,23,19.0,9,4,6,15,18,93,-15.0,1,190,190,190,21,327,233,317,296,261,305,236,195,308,151,250,249,222,310,114,208,228,28,240,347,318
2020-21,1610612747,LAL,Los Angeles Lakers,0022000075,2021-01-01T00:00:00,LAL @ SAS,W,48.0,41,101,0.406,14,33,0.424,13,16,0.813,16,42,58,27,13.0,8,7,8,20,20,109,6.0,1,1,1,1,21,164,15,320,125,224,88,257,285,118,16,39,6,98,107,156,58,322,172,171,204,127
2020-21,1610612759,SAS,San Antonio Spurs,0022000075,2021-01-01T00:00:00,SAS vs. LAL,L,48.0,36,85,0.424,13,34,0.382,18,26,0.692,8,37,45,23,13.0,3,8,7,20,20,103,-6.0,1,190,190,190,21,305,254,278,162,202,156,141,100,292,245,123,180,222,107,352,33,286,172,171,278,246
2020-21,1610612749,MIL,Milwaukee Bucks,0022000073,2021-01-01T00:00:00,MIL vs. CHI,W,48.0,42,85,0.494,22,45,0.489,20,30,0.667,5,39,44,27,17.0,16,6,6,19,21,126,30.0,1,1,1,1,21,142,254,100,6,31,28,97,47,308,338,83,204,98,256,3,94,228,140,138,46,11
2020-21,1610612737,ATL,Atlanta Hawks,0022000072,2021-01-01T00:00:00,ATL @ BKN,W,48.0,43,93,0.462,16,39,0.41,12,14,0.857,10,38,48,24,11.0,8,3,6,20,16,114,18.0,1,1,1,1,21,116,88,188,65,98,107,279,321,65,151,99,99,191,63,156,272,228,172,305,156,46
2020-21,1610612762,UTA,Utah Jazz,0022000077,2021-01-01T00:00:00,UTA vs. LAC,W,48.0,41,89,0.461,15,42,0.357,9,14,0.643,13,33,46,28,14.0,3,3,8,20,16,106,6.0,1,1,1,1,21,164,165,192,93,56,199,342,321,324,59,229,159,77,145,352,272,322,172,305,247,127
2020-21,1610612743,DEN,Denver Nuggets,0022000076,2021-01-01T00:00:00,DEN vs. PHX,L,48.0,39,86,0.453,12,29,0.414,13,16,0.813,8,30,38,28,12.0,7,1,4,25,20,103,-3.0,1,190,190,190,21,225,233,215,205,294,99,257,285,118,245,302,323,77,86,193,363,108,323,171,278,209
2020-21,1610612738,BOS,Boston Celtics,0022000070,2021-01-01T00:00:00,BOS @ DET,L,48.0,39,83,0.47,8,31,0.258,7,14,0.5,7,37,44,20,21.0,12,11,2,20,16,93,-3.0,1,190,190,190,21,225,294,174,321,261,339,365,321,368,280,123,204,306,348,35,6,17,172,305,347,209
2020-21,1610612741,CHI,Chicago Bulls,0022000073,2021-01-01T00:00:00,CHI @ MIL,L,48.0,38,87,0.437,6,26,0.231,14,20,0.7,6,36,42,18,21.0,10,6,6,21,19,96,-30.0,1,190,190,190,21,248,201,247,362,338,354,236,216,285,318,152,249,344,348,76,94,228,209,208,325,366
2020-21,1610612757,POR,Portland Trail Blazers,0022000078,2021-01-01T00:00:00,POR @ GSW,W,48.0,40,92,0.435,20,43,0.465,23,30,0.767,8,43,51,23,10.0,11,3,9,27,28,123,25.0,1,1,1,1,21,192,103,256,12,48,46,54,47,185,245,26,64,222,38,45,272,347,349,9,70,20
2020-21,1610612744,GSW,Golden State Warriors,0022000078,2021-01-01T00:00:00,GSW vs. POR,L,48.0,31,79,0.392,7,35,0.2,29,33,0.879,3,41,44,19,15.0,4,9,3,28,27,98,-25.0,1,190,190,190,21,369,341,332,344,171,364,6,21,44,369,48,204,330,177,319,21,51,362,18,319,357
2020-21,1610612750,MIN,Minnesota Timberwolves,0022000074,2021-01-01T00:00:00,MIN vs. WAS,L,48.0,42,88,0.477,13,36,0.361,12,21,0.571,11,32,43,17,20.0,9,3,3,22,19,109,-21.0,1,190,190,190,21,142,183,152,162,151,189,279,195,354,116,250,222,356,332,114,272,51,242,208,204,344
2020-21,1610612751,BKN,Brooklyn Nets,0022000072,2021-01-01T00:00:00,BKN vs. ATL,L,48.0,35,86,0.407,7,37,0.189,19,23,0.826,10,35,45,19,15.0,6,6,3,16,20,96,-18.0,1,190,190,190,21,327,233,317,344,127,367,114,158,106,151,185,180,330,177,220,94,51,44,171,325,330
2020-21,1610612758,SAC,Sacramento Kings,0022000065,2020-12-31T00:00:00,SAC @ HOU,L,48.0,45,96,0.469,11,33,0.333,18,24,0.75,14,31,45,23,15.0,11,5,6,21,14,119,-3.0,1,190,190,190,21,73,54,178,231,224,235,141,136,200,38,281,180,222,177,45,152,228,209,352,103,209
2020-21,1610612760,OKC,Oklahoma City Thunder,0022000067,2020-12-31T00:00:00,OKC vs. NOP,L,48.0,30,80,0.375,15,48,0.313,5,15,0.333,7,33,40,24,19.0,6,3,4,20,16,80,-33.0,1,190,190,190,21,372,336,359,93,12,280,376,308,378,280,229,289,191,310,220,272,108,172,305,376,370
2020-21,1610612755,PHI,Philadelphia 76ers,0022000064,2020-12-31T00:00:00,PHI @ ORL,W,48.0,44,91,0.484,15,33,0.455,13,15,0.867,7,47,54,23,15.0,7,10,5,23,15,116,24.0,1,1,1,1,21,91,123,133,93,224,55,257,308,57,280,5,27,222,177,193,11,172,280,336,127,23
2020-21,1610612761,TOR,Toronto Raptors,0022000066,2020-12-31T00:00:00,TOR vs. NYK,W,48.0,34,83,0.41,17,52,0.327,15,21,0.714,9,44,53,21,18.0,7,6,3,22,21,100,17.0,1,1,1,1,21,339,294,312,52,4,248,210,195,268,206,18,38,282,283,193,94,51,242,138,299,50
2020-21,1610612756,PHX,Phoenix Suns,0022000068,2020-12-31T00:00:00,PHX @ UTA,W,48.0,41,84,0.488,17,33,0.515,7,10,0.7,5,36,41,26,15.0,5,6,3,17,15,106,11.0,1,1,1,1,21,164,275,118,52,224,17,365,370,285,338,152,269,130,177,281,94,51,75,336,247,80
2020-21,1610612745,HOU,Houston Rockets,0022000065,2020-12-31T00:00:00,HOU vs. SAC,W,48.0,45,86,0.523,13,36,0.361,19,25,0.76,10,35,45,26,18.0,10,6,5,14,21,122,3.0,1,1,1,1,21,73,233,47,162,151,189,114,116,194,151,185,180,130,283,76,94,172,13,138,77,156
2020-21,1610612741,CHI,Chicago Bulls,0022000063,2020-12-31T00:00:00,CHI @ WAS,W,48.0,50,92,0.543,14,36,0.389,19,25,0.76,9,35,44,34,17.0,9,3,4,27,27,133,3.0,1,1,1,1,21,10,103,28,125,151,147,114,116,194,206,185,204,10,256,114,272,108,349,18,15,156
2020-21,1610612739,CLE,Cleveland Cavaliers,0022000062,2020-12-31T00:00:00,CLE @ IND,L,48.0,37,82,0.451,12,23,0.522,13,24,0.542,11,32,43,22,18.0,5,6,1,22,22,99,-20.0,1,190,190,190,21,281,307,219,205,363,13,257,136,363,116,250,222,259,283,281,94,5,242,100,310,337
2020-21,1610612740,NOP,New Orleans Pelicans,0022000067,2020-12-31T00:00:00,NOP @ OKC,W,48.0,44,91,0.484,13,36,0.361,12,19,0.632,14,44,58,23,13.0,9,4,3,16,20,113,33.0,1,1,1,1,21,91,123,133,162,151,189,279,231,333,38,18,6,222,107,114,208,51,44,171,163,8
2020-21,1610612753,ORL,Orlando Magic,0022000064,2020-12-31T00:00:00,ORL vs. PHI,L,48.0,33,95,0.347,7,28,0.25,19,21,0.905,10,38,48,17,11.0,2,5,10,15,23,92,-24.0,1,190,190,190,21,352,65,374,344,316,343,114,195,23,151,99,99,356,63,367,152,359,28,74,352,353
2020-21,1610612754,IND,Indiana Pacers,0022000062,2020-12-31T00:00:00,IND vs. CLE,W,48.0,42,87,0.483,16,35,0.457,19,24,0.792,9,35,44,28,14.0,12,1,6,22,22,119,20.0,1,1,1,1,21,142,201,136,65,171,50,114,136,146,206,185,204,77,145,35,363,228,242,100,103,36
2020-21,1610612764,WAS,Washington Wizards,0022000063,2020-12-31T00:00:00,WAS vs. CHI,L,48.0,42,84,0.5,14,29,0.483,32,41,0.78,9,28,37,27,14.0,8,4,3,27,27,130,-3.0,1,190,190,190,21,142,275,81,125,294,36,5,3,164,206,338,335,98,145,156,208,51,349,18,20,209
2020-21,1610612762,UTA,Utah Jazz,0022000068,2020-12-31T00:00:00,UTA vs. PHX,L,48.0,35,84,0.417,12,34,0.353,13,19,0.684,10,36,46,16,14.0,8,3,6,15,17,95,-11.0,1,190,190,190,21,327,275,295,205,202,208,257,231,301,151,152,159,364,145,156,272,228,28,275,333,294
2020-21,1610612752,NYK,New York Knicks,0022000066,2020-12-31T00:00:00,NYK @ TOR,L,48.0,32,88,0.364,3,36,0.083,16,20,0.8,9,39,48,21,16.0,6,3,6,21,22,83,-17.0,1,190,190,190,21,358,183,370,377,151,378,188,216,133,206,83,99,282,219,220,272,228,209,100,373,325
2020-21,1610612757,POR,Portland Trail Blazers,0022000061,2020-12-30T00:00:00,POR @ LAC,L,48.0,32,76,0.421,12,38,0.316,29,34,0.853,5,36,41,14,19.0,5,4,6,17,25,105,-23.0,1,190,190,190,21,358,366,282,205,112,275,6,15,74,338,152,269,374,310,281,208,228,75,38,262,350
2020-21,1610612749,MIL,Milwaukee Bucks,0022000058,2020-12-30T00:00:00,MIL @ MIA,L,48.0,40,102,0.392,16,41,0.39,12,13,0.923,16,31,47,26,13.0,14,6,5,25,18,108,-11.0,1,190,190,190,21,192,11,333,65,67,144,279,337,15,16,281,129,130,107,10,94,172,323,240,219,294
2020-21,1610612747,LAL,Los Angeles Lakers,0022000060,2020-12-30T00:00:00,LAL @ SAS,W,48.0,46,82,0.561,14,26,0.538,15,20,0.75,7,40,47,25,17.0,4,3,4,24,18,121,14.0,1,1,1,1,21,55,307,11,125,338,8,210,216,200,280,71,129,158,256,319,272,108,306,240,89,62
2020-21,1610612748,MIA,Miami Heat,0022000058,2020-12-30T00:00:00,MIA vs. MIL,W,48.0,40,82,0.488,15,39,0.385,24,29,0.828,10,42,52,25,22.0,5,5,6,18,25,119,11.0,1,1,1,1,21,192,307,120,93,98,151,41,57,103,151,39,49,158,361,281,152,228,105,38,103,80
2020-21,1610612737,ATL,Atlanta Hawks,0022000057,2020-12-30T00:00:00,ATL @ BKN,L,48.0,47,99,0.475,18,46,0.391,29,35,0.829,17,37,54,27,12.0,5,2,3,19,24,141,-4.0,1,190,190,190,21,40,27,161,41,21,139,6,12,102,7,123,27,98,86,281,329,51,140,57,4,224
2020-21,1610612759,SAS,San Antonio Spurs,0022000060,2020-12-30T00:00:00,SAS vs. LAL,L,48.0,40,87,0.46,10,24,0.417,17,23,0.739,7,32,39,25,11.0,8,4,3,18,24,107,-14.0,1,190,190,190,21,192,201,194,265,359,94,164,158,222,280,250,310,158,63,156,208,51,105,57,231,313
2020-21,1610612766,CHA,Charlotte Hornets,0022000059,2020-12-30T00:00:00,CHA @ DAL,W,48.0,43,84,0.512,15,34,0.441,17,21,0.81,12,38,50,30,24.0,6,6,6,28,16,118,19.0,1,1,1,1,21,116,275,59,93,202,69,164,195,126,82,99,73,47,373,220,94,228,362,305,109,43
2020-21,1610612742,DAL,Dallas Mavericks,0022000059,2020-12-30T00:00:00,DAL vs. CHA,L,48.0,34,87,0.391,12,42,0.286,19,33,0.576,13,26,39,24,14.0,10,6,6,16,28,99,-19.0,1,190,190,190,21,339,201,337,205,56,309,114,21,353,59,361,310,191,145,76,94,228,44,9,310,334
2020-21,1610612746,LAC,LA Clippers,0022000061,2020-12-30T00:00:00,LAC vs. POR,W,48.0,47,95,0.495,18,38,0.474,16,22,0.727,11,36,47,30,11.0,13,6,4,25,17,128,23.0,1,1,1,1,21,40,65,94,41,112,40,188,180,244,116,152,129,47,63,17,94,108,323,275,31,27
2020-21,1610612763,MEM,Memphis Grizzlies,0022000056,2020-12-30T00:00:00,MEM @ BOS,L,48.0,40,93,0.43,9,33,0.273,18,25,0.72,14,32,46,26,22.0,8,3,11,13,21,107,-19.0,1,190,190,190,21,192,88,268,296,224,324,141,116,259,38,250,159,130,361,156,272,369,4,138,231,334
2020-21,1610612738,BOS,Boston Celtics,0022000056,2020-12-30T00:00:00,BOS vs. MEM,W,48.0,49,91,0.538,16,39,0.41,12,14,0.857,10,32,42,27,16.0,17,11,3,21,13,126,19.0,1,1,1,1,21,16,123,33,65,98,107,279,321,65,151,250,249,98,219,1,6,51,209,367,46,43
2020-21,1610612751,BKN,Brooklyn Nets,0022000057,2020-12-30T00:00:00,BKN vs. ATL,W,48.0,54,100,0.54,19,41,0.463,18,23,0.783,9,31,40,30,9.0,6,3,2,24,19,145,4.0,1,1,1,1,21,1,20,31,22,67,47,141,158,158,206,281,289,47,28,220,272,17,306,208,1,147
2020-21,1610612765,DET,Detroit Pistons,0022000047,2020-12-29T00:00:00,DET vs. GSW,L,48.0,35,92,0.38,13,35,0.371,23,29,0.793,16,29,45,21,15.0,8,6,8,26,28,106,-10.0,1,190,190,190,21,327,103,354,162,171,172,54,57,143,16,319,180,282,177,156,94,322,342,9,247,280
2020-21,1610612752,NYK,New York Knicks,0022000046,2020-12-29T00:00:00,NYK @ CLE,W,48.0,34,79,0.43,14,25,0.56,13,21,0.619,14,41,55,23,27.0,9,6,10,21,17,95,9.0,1,1,1,1,21,339,341,266,125,351,5,257,195,340,38,48,22,222,377,114,94,359,209,275,333,100
2020-21,1610612748,MIA,Miami Heat,0022000051,2020-12-29T00:00:00,MIA vs. MIL,L,48.0,37,79,0.468,11,37,0.297,12,18,0.667,3,27,30,23,22.0,9,6,2,18,22,97,-47.0,1,190,190,190,21,281,341,179,231,127,297,279,252,308,369,349,376,222,361,114,94,17,105,100,323,377
2020-21,1610612743,DEN,Denver Nuggets,0022000055,2020-12-29T00:00:00,DEN @ SAC,L,48.0,44,81,0.543,11,28,0.393,16,20,0.8,7,32,39,27,20.0,7,5,2,18,18,115,-10.0,1,190,190,190,21,91,318,29,231,316,137,188,216,133,280,250,310,98,332,193,152,17,105,240,144,280
2020-21,1610612755,PHI,Philadelphia 76ers,0022000049,2020-12-29T00:00:00,PHI vs. TOR,W,48.0,32,84,0.381,8,31,0.258,28,33,0.848,9,45,54,21,20.0,10,10,7,15,28,100,7.0,1,1,1,1,21,358,275,353,321,261,339,13,21,80,206,12,27,282,332,76,11,286,28,9,299,117
2020-21,1610612753,ORL,Orlando Magic,0022000052,2020-12-29T00:00:00,ORL @ OKC,W,48.0,49,96,0.51,7,22,0.318,13,16,0.813,12,34,46,26,11.0,12,2,7,23,18,118,11.0,1,1,1,1,21,16,54,65,344,369,269,257,285,118,82,204,159,130,63,35,329,286,280,240,109,80
2020-21,1610612744,GSW,Golden State Warriors,0022000047,2020-12-29T00:00:00,GSW @ DET,W,48.0,38,76,0.5,14,33,0.424,26,36,0.722,4,36,40,21,19.0,8,8,6,28,26,116,10.0,1,1,1,1,21,248,366,81,125,224,88,22,10,256,358,152,289,282,310,156,33,228,362,31,127,86
2020-21,1610612750,MIN,Minnesota Timberwolves,0022000054,2020-12-29T00:00:00,MIN @ LAC,L,48.0,37,89,0.416,13,38,0.342,14,17,0.824,11,28,39,22,14.0,7,6,10,15,21,101,-23.0,1,190,190,190,21,281,165,297,162,112,227,236,271,110,116,338,310,259,145,193,94,359,28,138,291,350
2020-21,1610612754,IND,Indiana Pacers,0022000048,2020-12-29T00:00:00,IND vs. BOS,L,48.0,43,84,0.512,12,33,0.364,13,16,0.813,4,32,36,27,15.0,9,5,3,25,16,111,-5.0,1,190,190,190,21,116,275,59,205,224,182,257,285,118,358,250,349,98,177,114,152,51,323,305,184,233
2020-21,1610612746,LAC,LA Clippers,0022000054,2020-12-29T00:00:00,LAC vs. MIN,W,48.0,47,88,0.534,16,31,0.516,14,16,0.875,7,39,46,32,15.0,6,10,6,21,15,124,23.0,1,1,1,1,21,40,183,38,65,261,16,236,285,45,280,83,159,28,177,220,11,228,209,336,60,27
2020-21,1610612758,SAC,Sacramento Kings,0022000055,2020-12-29T00:00:00,SAC vs. DEN,W,48.0,46,94,0.489,16,33,0.485,17,22,0.773,12,25,37,33,11.0,9,2,5,18,18,125,10.0,1,1,1,1,21,55,77,110,65,224,34,164,180,176,82,368,335,21,63,114,329,172,105,240,51,86
2020-21,1610612739,CLE,Cleveland Cavaliers,0022000046,2020-12-29T00:00:00,CLE vs. NYK,L,48.0,32,88,0.364,7,32,0.219,15,22,0.682,14,29,43,22,13.0,13,10,6,17,21,86,-9.0,1,190,190,190,21,358,183,370,344,246,359,210,180,303,38,319,222,259,107,17,11,228,75,138,370,273
2020-21,1610612760,OKC,Oklahoma City Thunder,0022000052,2020-12-29T00:00:00,OKC vs. ORL,L,48.0,43,87,0.494,11,34,0.324,10,19,0.526,10,37,47,20,20.0,3,7,2,18,23,107,-11.0,1,190,190,190,21,116,201,98,231,202,254,325,231,366,151,123,129,306,332,352,58,17,105,74,231,294
2020-21,1610612738,BOS,Boston Celtics,0022000048,2020-12-29T00:00:00,BOS @ IND,W,48.0,40,80,0.5,9,22,0.409,27,37,0.73,12,31,43,21,14.0,10,3,5,16,25,116,5.0,1,1,1,1,21,192,336,81,296,369,112,17,8,243,82,281,222,282,145,76,272,172,44,38,127,134
2020-21,1610612756,PHX,Phoenix Suns,0022000053,2020-12-29T00:00:00,PHX vs. NOP,W,48.0,37,84,0.44,19,47,0.404,18,19,0.947,12,31,43,24,12.0,7,4,3,18,14,111,25.0,1,1,1,1,21,281,275,236,22,16,122,141,231,11,82,281,222,191,86,193,208,51,105,352,184,20
2020-21,1610612740,NOP,New Orleans Pelicans,0022000053,2020-12-29T00:00:00,NOP @ PHX,L,48.0,37,77,0.481,3,24,0.125,9,18,0.5,7,34,41,18,18.0,8,3,4,14,18,86,-25.0,1,190,190,190,21,281,361,145,377,359,376,342,252,368,280,204,269,344,283,156,272,108,13,240,370,357
2020-21,1610612764,WAS,Washington Wizards,0022000050,2020-12-29T00:00:00,WAS vs. CHI,L,48.0,37,84,0.44,10,37,0.27,23,26,0.885,8,39,47,25,21.0,6,6,1,28,23,107,-8.0,1,190,190,190,21,281,275,236,265,127,327,54,100,35,245,83,129,158,348,220,94,5,362,74,231,263
2020-21,1610612761,TOR,Toronto Raptors,0022000049,2020-12-29T00:00:00,TOR @ PHI,L,48.0,32,90,0.356,17,45,0.378,12,14,0.857,10,37,47,21,20.0,12,7,10,28,15,93,-7.0,1,190,190,190,21,358,146,372,52,31,166,279,321,65,151,123,129,282,332,35,58,359,362,336,347,253
2020-21,1610612749,MIL,Milwaukee Bucks,0022000051,2020-12-29T00:00:00,MIL @ MIA,W,48.0,51,92,0.554,29,51,0.569,13,15,0.867,10,35,45,32,17.0,14,2,6,22,18,144,47.0,1,1,1,1,21,6,103,20,1,6,4,257,308,57,151,185,180,28,256,10,329,228,242,240,2,2
2020-21,1610612741,CHI,Chicago Bulls,0022000050,2020-12-29T00:00:00,CHI @ WAS,W,48.0,38,87,0.437,15,36,0.417,24,32,0.75,5,32,37,26,14.0,7,1,6,23,28,115,8.0,1,1,1,1,21,248,201,247,93,151,94,41,31,200,338,250,335,130,145,193,363,228,280,9,144,107
2020-21,1610612757,POR,Portland Trail Blazers,0022000045,2020-12-28T00:00:00,POR @ LAL,W,48.0,43,92,0.467,16,46,0.348,13,15,0.867,7,38,45,27,10.0,9,6,5,16,14,115,8.0,1,1,1,1,21,116,103,180,65,21,216,257,308,57,280,99,180,98,38,114,94,172,44,352,144,107
2020-21,1610612737,ATL,Atlanta Hawks,0022000041,2020-12-28T00:00:00,ATL vs. DET,W,48.0,40,82,0.488,20,42,0.476,28,32,0.875,8,37,45,30,13.0,5,7,4,22,25,128,8.0,1,1,1,1,21,192,307,120,12,56,39,13,31,45,245,123,180,47,107,281,58,108,242,38,31,107
2020-21,1610612762,UTA,Utah Jazz,0022000043,2020-12-28T00:00:00,UTA @ OKC,W,48.0,43,86,0.5,13,36,0.361,11,14,0.786,8,35,43,24,17.0,9,6,5,19,16,110,1.0,1,1,1,1,21,116,233,81,162,151,189,306,321,156,245,185,222,191,256,114,94,172,140,305,197,182
2020-21,1610612743,DEN,Denver Nuggets,0022000044,2020-12-28T00:00:00,DEN vs. HOU,W,48.0,46,87,0.529,14,31,0.452,18,32,0.563,11,41,52,31,16.0,8,7,3,18,25,124,13.0,1,1,1,1,21,55,201,40,125,261,60,141,31,358,116,48,49,40,219,156,58,51,105,38,60,67
2020-21,1610612745,HOU,Houston Rockets,0022000044,2020-12-28T00:00:00,HOU @ DEN,L,48.0,39,86,0.453,16,39,0.41,17,23,0.739,5,33,38,25,16.0,8,3,7,25,18,111,-13.0,1,190,190,190,21,225,233,215,65,98,107,164,158,222,338,229,323,158,219,156,272,286,323,240,184,306
2020-21,1610612751,BKN,Brooklyn Nets,0022000042,2020-12-28T00:00:00,BKN vs. MEM,L,53.0,41,100,0.41,14,42,0.333,15,17,0.882,13,37,50,28,17.0,13,6,4,20,17,111,-5.0,1,190,190,190,3,164,20,311,125,56,235,210,271,38,59,123,73,77,256,17,94,108,172,275,184,233
2020-21,1610612760,OKC,Oklahoma City Thunder,0022000043,2020-12-28T00:00:00,OKC vs. UTA,L,48.0,40,86,0.465,15,38,0.395,14,19,0.737,7,30,37,21,17.0,9,5,6,16,19,109,-1.0,1,190,190,190,21,192,233,185,93,112,133,236,231,228,280,302,335,282,256,114,152,228,44,208,204,190
2020-21,1610612747,LAL,Los Angeles Lakers,0022000045,2020-12-28T00:00:00,LAL vs. POR,L,48.0,41,87,0.471,10,27,0.37,15,18,0.833,6,35,41,20,15.0,6,5,6,14,16,107,-8.0,1,190,190,190,21,164,201,168,265,328,177,210,252,88,318,185,269,306,177,220,152,228,13,305,231,263
2020-21,1610612765,DET,Detroit Pistons,0022000041,2020-12-28T00:00:00,DET @ ATL,L,48.0,43,98,0.439,13,41,0.317,21,24,0.875,17,31,48,24,8.0,7,4,7,25,22,120,-8.0,1,190,190,190,21,116,34,243,162,67,271,83,136,45,7,281,99,191,16,193,208,286,323,100,95,263
2020-21,1610612763,MEM,Memphis Grizzlies,0022000042,2020-12-28T00:00:00,MEM @ BKN,W,53.0,42,98,0.429,10,29,0.345,22,29,0.759,16,40,56,20,19.0,10,4,6,17,20,116,5.0,1,1,1,1,3,142,34,269,265,294,221,73,57,197,16,71,17,306,310,76,208,228,75,171,127,134
2020-21,1610612749,MIL,Milwaukee Bucks,0022000036,2020-12-27T00:00:00,MIL @ NYK,L,48.0,41,95,0.432,7,38,0.184,21,29,0.724,17,27,44,24,11.0,7,5,4,21,23,110,-20.0,1,190,190,190,21,164,65,264,344,112,368,83,57,253,7,349,204,191,63,193,152,108,209,74,197,337
2020-21,1610612758,SAC,Sacramento Kings,0022000039,2020-12-27T00:00:00,SAC vs. PHX,L,48.0,36,76,0.474,10,23,0.435,18,25,0.72,3,36,39,21,15.0,5,4,3,23,20,100,-16.0,1,190,190,190,21,305,366,162,265,363,76,141,116,259,369,152,310,282,177,281,208,51,280,171,299,323
2020-21,1610612750,MIN,Minnesota Timberwolves,0022000040,2020-12-27T00:00:00,MIN @ LAL,L,48.0,38,103,0.369,6,35,0.171,9,14,0.643,17,31,48,24,18.0,11,6,14,24,19,91,-36.0,1,190,190,190,21,248,8,367,362,171,372,342,321,324,7,281,99,191,283,45,94,378,306,208,355,373
2020-21,1610612755,PHI,Philadelphia 76ers,0022000035,2020-12-27T00:00:00,PHI @ CLE,L,48.0,33,79,0.418,12,37,0.324,16,22,0.727,8,31,39,24,22.0,9,5,6,19,22,94,-24.0,1,190,190,190,21,352,341,291,205,127,252,188,180,244,245,281,310,191,361,114,152,228,140,100,339,353
2020-21,1610612746,LAC,LA Clippers,0022000031,2020-12-27T00:00:00,LAC vs. DAL,L,48.0,26,76,0.342,4,33,0.121,17,20,0.85,5,31,36,13,14.0,2,2,2,19,14,73,-51.0,1,190,190,190,21,377,366,376,373,224,377,164,216,78,338,281,349,377,145,367,329,17,140,352,378,378
2020-21,1610612742,DAL,Dallas Mavericks,0022000031,2020-12-27T00:00:00,DAL @ LAC,W,48.0,43,87,0.494,14,41,0.341,24,27,0.889,11,43,54,25,8.0,10,2,2,14,19,124,51.0,1,1,1,1,21,116,201,98,125,67,230,41,83,32,116,26,27,158,16,76,329,17,13,208,60,1
2020-21,1610612747,LAL,Los Angeles Lakers,0022000040,2020-12-27T00:00:00,LAL vs. MIN,W,48.0,50,90,0.556,13,35,0.371,14,18,0.778,5,41,46,32,17.0,6,14,6,19,24,127,36.0,1,1,1,1,21,10,146,18,162,171,172,236,252,165,338,48,159,28,256,220,1,228,140,57,41,6
2020-21,1610612739,CLE,Cleveland Cavaliers,0022000035,2020-12-27T00:00:00,CLE vs. PHI,W,48.0,48,91,0.527,9,23,0.391,13,16,0.813,11,34,45,31,16.0,13,6,5,22,19,118,24.0,1,1,1,1,21,29,123,42,296,363,139,257,285,118,116,204,180,40,219,17,94,172,242,208,109,23
2020-21,1610612752,NYK,New York Knicks,0022000036,2020-12-27T00:00:00,NYK vs. MIL,W,48.0,46,85,0.541,16,27,0.593,22,27,0.815,8,38,46,27,16.0,5,4,5,23,21,130,20.0,1,1,1,1,21,55,254,30,65,328,2,73,83,117,245,99,159,98,219,281,208,172,280,138,20,36
2020-21,1610612756,PHX,Phoenix Suns,0022000039,2020-12-27T00:00:00,PHX @ SAC,W,48.0,46,94,0.489,14,35,0.4,10,11,0.909,8,36,44,34,9.0,6,3,4,20,23,116,16.0,1,1,1,1,21,55,77,110,125,171,124,325,364,21,245,152,204,10,28,220,272,108,172,74,127,55
2020-21,1610612753,ORL,Orlando Magic,0022000033,2020-12-27T00:00:00,ORL @ WAS,W,48.0,37,85,0.435,9,25,0.36,37,38,0.974,11,34,45,19,10.0,6,3,4,14,26,120,7.0,1,1,1,1,21,281,254,255,296,351,196,1,5,7,116,204,180,330,38,220,272,108,13,31,95,117
2020-21,1610612740,NOP,New Orleans Pelicans,0022000034,2020-12-27T00:00:00,NOP vs. SAS,W,48.0,36,94,0.383,5,24,0.208,21,29,0.724,13,43,56,15,8.0,11,4,10,16,23,98,3.0,1,1,1,1,21,305,77,347,368,359,362,83,57,253,59,26,17,370,16,45,208,359,44,74,319,156
2020-21,1610612766,CHA,Charlotte Hornets,0022000032,2020-12-27T00:00:00,CHA vs. BKN,W,48.0,43,96,0.448,10,34,0.294,10,17,0.588,13,39,52,35,15.0,8,3,5,25,17,106,2.0,1,1,1,1,21,116,54,225,265,202,300,325,271,349,59,83,49,4,177,156,272,172,323,275,247,171
2020-21,1610612744,GSW,Golden State Warriors,0022000038,2020-12-27T00:00:00,GSW @ CHI,W,48.0,42,104,0.404,18,47,0.383,27,30,0.9,10,31,41,25,12.0,17,4,6,23,21,129,1.0,1,1,1,1,21,142,5,323,41,16,155,17,47,27,151,281,269,158,86,1,208,228,280,138,28,182
2020-21,1610612754,IND,Indiana Pacers,0022000037,2020-12-27T00:00:00,IND vs. BOS,W,48.0,45,88,0.511,7,26,0.269,11,15,0.733,8,29,37,23,16.0,11,7,7,20,17,108,1.0,1,1,1,1,21,73,183,62,344,338,328,306,308,234,245,319,335,222,219,45,58,286,172,275,219,182
2020-21,1610612738,BOS,Boston Celtics,0022000037,2020-12-27T00:00:00,BOS @ IND,L,48.0,40,79,0.506,9,23,0.391,18,24,0.75,6,34,40,21,18.0,13,7,7,17,20,107,-1.0,1,190,190,190,21,192,341,67,296,363,139,141,136,200,318,204,289,282,283,17,58,286,75,171,231,190
2020-21,1610612741,CHI,Chicago Bulls,0022000038,2020-12-27T00:00:00,CHI vs. GSW,L,48.0,44,86,0.512,17,41,0.415,23,31,0.742,7,47,54,27,24.0,4,6,4,21,23,128,-1.0,1,190,190,190,21,91,233,61,52,67,97,54,40,219,280,5,27,98,373,319,94,108,209,74,31,190
2020-21,1610612751,BKN,Brooklyn Nets,0022000032,2020-12-27T00:00:00,BKN @ CHA,L,48.0,35,82,0.427,17,47,0.362,17,25,0.68,6,40,46,23,19.0,4,5,3,17,25,104,-2.0,1,190,190,190,21,327,307,275,52,16,188,164,116,306,318,71,159,222,310,319,152,51,75,38,272,198
2020-21,1610612759,SAS,San Antonio Spurs,0022000034,2020-12-27T00:00:00,SAS @ NOP,L,48.0,38,89,0.427,11,36,0.306,8,8,1.0,4,43,47,26,15.0,5,10,4,23,16,95,-3.0,1,190,190,190,21,248,165,271,231,151,286,357,374,1,358,26,129,130,177,281,11,108,280,305,333,209
2020-21,1610612764,WAS,Washington Wizards,0022000033,2020-12-27T00:00:00,WAS vs. ORL,L,48.0,47,97,0.485,8,32,0.25,11,13,0.846,13,34,47,27,13.0,6,4,3,26,14,113,-7.0,1,190,190,190,21,40,45,127,321,246,343,306,337,81,59,204,129,98,107,220,208,51,342,352,163,253
2020-21,1610612753,ORL,Orlando Magic,0022000024,2020-12-26T00:00:00,ORL @ WAS,W,48.0,48,95,0.505,11,31,0.355,23,29,0.793,11,43,54,25,14.0,8,0,3,21,25,130,10.0,1,1,1,1,21,29,65,78,231,261,204,54,57,143,116,26,27,158,145,156,375,51,209,38,20,86
2020-21,1610612737,ATL,Atlanta Hawks,0022000021,2020-12-26T00:00:00,ATL @ MEM,W,48.0,38,89,0.427,13,36,0.361,33,38,0.868,13,41,54,23,15.0,4,5,6,20,27,122,10.0,1,1,1,1,21,248,165,271,162,151,189,3,5,56,59,48,27,222,177,319,152,228,172,18,77,86
2020-21,1610612739,CLE,Cleveland Cavaliers,0022000023,2020-12-26T00:00:00,CLE @ DET,W,58.0,48,99,0.485,13,30,0.433,19,30,0.633,7,44,51,29,19.0,13,4,5,24,20,128,9.0,1,1,1,1,1,29,27,126,162,282,77,114,47,331,280,18,64,60,310,17,208,172,306,171,31,100
2020-21,1610612765,DET,Detroit Pistons,0022000023,2020-12-26T00:00:00,DET vs. CLE,L,58.0,40,98,0.408,16,45,0.356,23,32,0.719,10,47,57,24,24.0,9,5,4,20,24,119,-9.0,1,190,190,190,1,192,34,315,65,31,203,54,31,264,151,5,10,191,373,114,152,108,172,57,103,273
2020-21,1610612759,SAS,San Antonio Spurs,0022000027,2020-12-26T00:00:00,SAS vs. TOR,W,48.0,47,100,0.47,14,34,0.412,11,16,0.688,14,39,53,36,16.0,4,3,9,20,23,119,5.0,1,1,1,1,21,40,20,173,125,202,105,306,285,297,38,83,38,2,219,319,272,347,172,74,103,134
2020-21,1610612750,MIN,Minnesota Timberwolves,0022000028,2020-12-26T00:00:00,MIN @ UTA,W,48.0,45,101,0.446,13,29,0.448,13,18,0.722,12,28,40,21,10.0,9,5,4,28,20,116,5.0,1,1,1,1,21,73,15,227,162,294,64,257,252,256,82,338,289,282,38,114,152,108,362,171,127,134
2020-21,1610612758,SAC,Sacramento Kings,0022000030,2020-12-26T00:00:00,SAC vs. PHX,W,48.0,39,86,0.453,5,23,0.217,23,33,0.697,15,41,56,20,18.0,4,9,5,22,23,106,3.0,1,1,1,1,21,225,233,215,368,363,360,54,21,288,26,48,17,306,283,319,21,172,242,74,247,156
2020-21,1610612764,WAS,Washington Wizards,0022000024,2020-12-26T00:00:00,WAS vs. ORL,L,48.0,46,95,0.484,13,37,0.351,15,28,0.536,7,36,43,28,14.0,5,3,0,25,21,120,-10.0,1,190,190,190,21,55,65,129,162,127,210,210,73,364,280,152,222,77,145,281,272,1,323,138,95,280
2020-21,1610612757,POR,Portland Trail Blazers,0022000029,2020-12-26T00:00:00,POR vs. HOU,W,53.0,47,102,0.461,19,45,0.422,15,23,0.652,11,34,45,27,14.0,10,5,5,20,22,128,2.0,1,1,1,1,3,40,11,191,22,31,91,210,158,317,116,204,180,98,145,76,152,172,172,100,31,171
2020-21,1610612760,OKC,Oklahoma City Thunder,0022000022,2020-12-26T00:00:00,OKC @ CHA,W,48.0,40,88,0.455,10,36,0.278,19,24,0.792,9,45,54,25,17.0,10,7,8,21,22,109,2.0,1,1,1,1,21,192,183,212,265,151,318,114,136,146,206,12,27,158,256,76,58,322,209,100,204,171
2020-21,1610612754,IND,Indiana Pacers,0022000026,2020-12-26T00:00:00,IND @ CHI,W,48.0,52,93,0.559,9,26,0.346,12,19,0.632,9,40,49,34,16.0,15,4,7,26,16,125,19.0,1,1,1,1,21,3,88,15,296,338,217,279,231,333,206,71,87,10,219,4,208,286,342,305,51,43
2020-21,1610612752,NYK,New York Knicks,0022000025,2020-12-26T00:00:00,NYK vs. PHI,L,48.0,32,83,0.386,8,29,0.276,17,23,0.739,13,30,43,19,16.0,6,4,6,23,19,89,-20.0,1,190,190,190,21,358,294,345,321,294,319,164,158,222,59,302,222,330,219,220,208,228,280,208,363,337
2020-21,1610612741,CHI,Chicago Bulls,0022000026,2020-12-26T00:00:00,CHI vs. IND,L,48.0,34,91,0.374,16,39,0.41,22,25,0.88,13,28,41,23,20.0,7,7,4,16,26,106,-19.0,1,190,190,190,21,339,123,363,65,98,107,73,116,40,59,338,269,222,332,193,58,108,44,31,247,334
2020-21,1610612755,PHI,Philadelphia 76ers,0022000025,2020-12-26T00:00:00,PHI @ NYK,W,48.0,41,88,0.466,11,31,0.355,16,22,0.727,12,35,47,20,12.0,9,6,4,19,23,109,20.0,1,1,1,1,21,164,183,183,231,261,204,188,180,244,82,185,129,306,86,114,94,108,140,74,204,36
2020-21,1610612762,UTA,Utah Jazz,0022000028,2020-12-26T00:00:00,UTA vs. MIN,L,48.0,36,94,0.383,10,34,0.294,29,37,0.784,19,38,57,15,19.0,5,4,5,20,28,111,-5.0,1,190,190,190,21,305,77,347,265,202,300,6,8,157,4,99,10,370,310,281,208,172,172,9,184,233
2020-21,1610612761,TOR,Toronto Raptors,0022000027,2020-12-26T00:00:00,TOR @ SAS,L,48.0,44,96,0.458,15,41,0.366,11,15,0.733,10,36,46,32,12.0,8,9,3,23,20,114,-5.0,1,190,190,190,21,91,54,201,93,67,181,306,308,234,151,152,159,28,86,156,21,51,280,171,156,233
2020-21,1610612756,PHX,Phoenix Suns,0022000030,2020-12-26T00:00:00,PHX @ SAC,L,48.0,41,98,0.418,11,44,0.25,10,13,0.769,10,30,40,25,11.0,8,5,9,23,22,103,-3.0,1,190,190,190,21,164,34,289,231,41,343,325,337,178,151,302,289,158,63,156,152,347,280,100,278,209
2020-21,1610612745,HOU,Houston Rockets,0022000029,2020-12-26T00:00:00,HOU @ POR,L,53.0,45,87,0.517,11,35,0.314,25,32,0.781,10,32,42,27,16.0,5,5,5,22,20,126,-2.0,1,190,190,190,3,73,201,52,231,171,277,31,31,163,151,250,249,98,219,281,152,172,242,171,46,198
2020-21,1610612763,MEM,Memphis Grizzlies,0022000021,2020-12-26T00:00:00,MEM vs. ATL,L,48.0,37,93,0.398,13,43,0.302,25,29,0.862,9,37,46,20,10.0,5,6,5,27,20,112,-10.0,1,190,190,190,21,281,88,329,162,48,293,31,57,62,206,123,159,306,38,281,94,172,349,171,173,280
2020-21,1610612766,CHA,Charlotte Hornets,0022000022,2020-12-26T00:00:00,CHA vs. OKC,L,48.0,37,93,0.398,13,32,0.406,20,32,0.625,13,34,47,27,13.0,11,8,7,22,21,107,-2.0,1,190,190,190,21,281,88,329,162,246,113,97,31,337,59,204,129,98,107,45,33,286,242,138,231,198
2020-21,1610612751,BKN,Brooklyn Nets,0022000007,2020-12-25T00:00:00,BKN @ BOS,W,48.0,41,76,0.539,15,29,0.517,26,31,0.839,9,34,43,21,16.0,5,10,5,22,27,123,28.0,1,1,1,1,21,164,366,32,93,294,14,22,40,87,206,204,222,282,219,281,11,172,242,18,70,15
2020-21,1610612743,DEN,Denver Nuggets,0022000009,2020-12-25T00:00:00,DEN vs. LAC,L,48.0,37,81,0.457,11,36,0.306,23,31,0.742,10,22,32,25,13.0,7,1,4,20,32,108,-13.0,1,190,190,190,21,281,318,206,231,151,286,54,40,219,151,378,369,158,107,193,363,108,172,1,219,306
2020-21,1610612744,GSW,Golden State Warriors,0022000006,2020-12-25T00:00:00,GSW @ MIL,L,48.0,34,99,0.343,10,45,0.222,21,25,0.84,10,33,43,14,11.0,5,6,4,22,17,99,-39.0,1,190,190,190,21,339,27,375,265,31,357,83,116,86,151,229,222,374,63,281,94,108,242,275,310,375
2020-21,1610612740,NOP,New Orleans Pelicans,0022000005,2020-12-25T00:00:00,NOP @ MIA,L,48.0,31,78,0.397,10,35,0.286,26,33,0.788,11,30,41,18,19.0,8,2,2,20,25,98,-13.0,1,190,190,190,21,369,355,331,265,171,309,22,21,154,116,302,269,344,310,156,329,17,172,38,319,306
2020-21,1610612738,BOS,Boston Celtics,0022000007,2020-12-25T00:00:00,BOS vs. BKN,L,48.0,37,98,0.378,8,27,0.296,13,19,0.684,20,27,47,23,15.0,6,5,10,27,22,95,-28.0,1,190,190,190,21,281,34,357,321,328,299,257,231,301,2,349,129,222,177,220,152,359,349,100,333,363
2020-21,1610612747,LAL,Los Angeles Lakers,0022000008,2020-12-25T00:00:00,LAL vs. DAL,W,48.0,51,91,0.56,19,39,0.487,17,24,0.708,17,36,53,33,17.0,9,4,3,23,22,138,23.0,1,1,1,1,21,6,123,12,22,98,30,164,136,274,7,152,38,21,256,114,208,51,280,100,6,27
2020-21,1610612749,MIL,Milwaukee Bucks,0022000006,2020-12-25T00:00:00,MIL vs. GSW,W,48.0,50,90,0.556,20,36,0.556,18,26,0.692,11,49,60,25,18.0,6,4,6,17,22,138,39.0,1,1,1,1,21,10,146,18,12,151,6,141,100,292,116,3,4,158,283,220,208,228,75,100,6,4
2020-21,1610612742,DAL,Dallas Mavericks,0022000008,2020-12-25T00:00:00,DAL @ LAL,L,48.0,41,83,0.494,13,32,0.406,20,26,0.769,3,24,27,20,9.0,13,3,4,22,23,115,-23.0,1,190,190,190,21,164,294,101,162,246,113,97,100,178,369,372,377,306,28,17,272,108,242,74,144,350
2020-21,1610612748,MIA,Miami Heat,0022000005,2020-12-25T00:00:00,MIA vs. NOP,W,48.0,38,75,0.507,16,37,0.432,19,23,0.826,4,31,35,29,17.0,11,2,2,25,20,111,13.0,1,1,1,1,21,248,373,66,65,127,79,114,158,106,358,281,356,60,256,45,329,17,323,171,184,67
2020-21,1610612746,LAC,LA Clippers,0022000009,2020-12-25T00:00:00,LAC @ DEN,W,48.0,41,74,0.554,19,38,0.5,20,24,0.833,9,29,38,32,21.0,9,4,1,32,20,121,13.0,1,1,1,1,21,164,375,21,22,112,21,97,136,88,206,319,323,28,348,114,208,5,378,171,89,67
2020-21,1610612765,DET,Detroit Pistons,0022000018,2020-12-23T00:00:00,DET @ MIN,L,48.0,45,93,0.484,8,35,0.229,3,8,0.375,7,37,44,29,15.0,5,2,5,20,16,101,-10.0,1,190,190,190,21,73,88,131,321,171,355,378,374,377,280,123,204,60,177,281,329,172,172,305,291,280
2020-21,1610612737,ATL,Atlanta Hawks,0022000015,2020-12-23T00:00:00,ATL @ CHI,W,48.0,43,80,0.538,14,35,0.4,24,29,0.828,8,38,46,24,23.0,6,3,3,29,22,124,20.0,1,1,1,1,21,116,336,35,125,171,124,41,57,103,245,99,159,191,368,220,272,51,371,100,60,36
2020-21,1610612759,SAS,San Antonio Spurs,0022000017,2020-12-23T00:00:00,SAS @ MEM,W,48.0,48,95,0.505,10,25,0.4,25,29,0.862,8,40,48,28,11.0,8,8,8,18,20,131,12.0,1,1,1,1,21,29,65,78,265,351,124,31,57,62,245,71,99,77,63,156,33,322,105,171,18,74
2020-21,1610612763,MEM,Memphis Grizzlies,0022000017,2020-12-23T00:00:00,MEM vs. SAS,L,48.0,49,95,0.516,10,27,0.37,11,18,0.611,5,37,42,27,11.0,6,8,8,20,18,119,-12.0,1,190,190,190,21,16,65,56,265,328,177,306,252,345,338,123,249,98,63,220,33,322,172,240,103,300
2020-21,1610612762,UTA,Utah Jazz,0022000020,2020-12-23T00:00:00,UTA @ POR,W,48.0,43,94,0.457,19,50,0.38,15,19,0.789,12,47,59,24,11.0,3,3,3,16,18,120,20.0,1,1,1,1,21,116,77,204,22,8,159,210,231,150,82,5,5,191,63,352,272,51,44,240,95,36
2020-21,1610612754,IND,Indiana Pacers,0022000011,2020-12-23T00:00:00,IND vs. NYK,W,48.0,46,94,0.489,8,34,0.235,21,29,0.724,10,40,50,28,13.0,6,9,8,24,27,121,14.0,1,1,1,1,21,55,77,110,321,202,353,83,57,253,151,71,73,77,107,220,21,322,306,18,89,62
2020-21,1610612740,NOP,New Orleans Pelicans,0022000014,2020-12-23T00:00:00,NOP @ TOR,W,48.0,42,80,0.525,19,42,0.452,10,20,0.5,8,37,45,30,27.0,13,7,5,17,22,113,14.0,1,1,1,1,21,142,336,45,22,56,59,325,216,368,245,123,180,47,377,17,58,172,75,100,163,62
2020-21,1610612742,DAL,Dallas Mavericks,0022000004,2020-12-23T00:00:00,DAL @ PHX,L,48.0,36,85,0.424,9,37,0.243,21,26,0.808,6,33,39,17,12.0,6,0,7,23,26,102,-4.0,1,190,190,190,21,305,254,278,296,127,348,83,100,129,318,229,310,356,86,220,375,286,280,31,285,224
2020-21,1610612764,WAS,Washington Wizards,0022000013,2020-12-23T00:00:00,WAS @ PHI,L,48.0,39,85,0.459,13,27,0.481,16,23,0.696,5,35,40,28,20.0,7,4,8,26,25,107,-6.0,1,190,190,190,21,225,254,198,162,328,37,188,158,290,338,185,289,77,332,193,208,322,342,38,231,246
2020-21,1610612743,DEN,Denver Nuggets,0022000019,2020-12-23T00:00:00,DEN vs. SAC,L,53.0,47,98,0.48,8,29,0.276,20,24,0.833,10,36,46,28,15.0,6,11,7,25,29,122,-2.0,1,190,190,190,3,40,34,146,321,294,319,97,136,88,151,152,159,77,177,220,6,286,323,4,77,198
2020-21,1610612748,MIA,Miami Heat,0022000012,2020-12-23T00:00:00,MIA @ ORL,L,48.0,42,83,0.506,7,20,0.35,16,19,0.842,7,36,43,25,22.0,11,2,3,21,19,107,-6.0,1,190,190,190,21,142,294,69,344,376,213,188,231,85,280,152,222,158,361,45,329,51,209,208,231,246
2020-21,1610612752,NYK,New York Knicks,0022000011,2020-12-23T00:00:00,NYK @ IND,L,48.0,39,85,0.459,12,28,0.429,17,23,0.739,5,35,40,25,16.0,8,8,9,27,24,107,-14.0,1,190,190,190,21,225,254,198,205,316,81,164,158,222,338,185,289,158,219,156,33,347,349,57,231,313
2020-21,1610612749,MIL,Milwaukee Bucks,0022000003,2020-12-23T00:00:00,MIL @ BOS,L,48.0,46,90,0.511,14,35,0.4,15,18,0.833,11,41,52,19,16.0,4,6,6,20,17,121,-1.0,1,190,190,190,21,55,146,64,125,171,124,210,252,88,116,48,49,330,219,319,94,228,172,275,89,190
2020-21,1610612761,TOR,Toronto Raptors,0022000014,2020-12-23T00:00:00,TOR vs. NOP,L,48.0,38,89,0.427,14,46,0.304,9,12,0.75,7,28,35,26,21.0,10,5,7,22,17,99,-14.0,1,190,190,190,21,248,165,271,125,21,289,342,354,200,280,338,356,130,348,76,152,286,242,275,310,313
2020-21,1610612738,BOS,Boston Celtics,0022000003,2020-12-23T00:00:00,BOS vs. MIL,W,48.0,48,101,0.475,18,40,0.45,8,11,0.727,10,27,37,23,7.0,8,6,6,17,20,122,1.0,1,1,1,1,21,29,15,159,41,85,63,357,364,244,151,349,335,222,10,156,94,228,75,171,77,182
2020-21,1610612766,CHA,Charlotte Hornets,0022000010,2020-12-23T00:00:00,CHA @ CLE,L,48.0,45,90,0.5,16,44,0.364,8,15,0.533,8,24,32,29,15.0,10,4,3,17,22,114,-7.0,1,190,190,190,21,73,146,81,65,41,182,357,308,365,245,372,369,60,177,76,208,51,75,100,156,253
2020-21,1610612758,SAC,Sacramento Kings,0022000019,2020-12-23T00:00:00,SAC @ DEN,W,53.0,45,102,0.441,10,31,0.323,24,31,0.774,18,36,54,27,15.0,5,7,11,29,25,124,2.0,1,1,1,1,3,73,11,234,265,261,261,41,40,173,5,152,27,98,177,281,58,369,371,38,60,171
2020-21,1610612741,CHI,Chicago Bulls,0022000015,2020-12-23T00:00:00,CHI vs. ATL,L,48.0,36,87,0.414,8,35,0.229,24,28,0.857,8,29,37,20,17.0,10,3,3,22,29,104,-20.0,1,190,190,190,21,305,201,300,321,171,355,41,73,65,245,319,335,306,256,76,272,51,242,4,272,337
2020-21,1610612757,POR,Portland Trail Blazers,0022000020,2020-12-23T00:00:00,POR vs. UTA,L,48.0,37,92,0.402,12,33,0.364,14,17,0.824,6,34,40,23,6.0,6,3,3,18,16,100,-20.0,1,190,190,190,21,281,103,324,205,224,182,236,271,110,318,204,289,222,4,220,272,51,105,305,299,337
2020-21,1610612756,PHX,Phoenix Suns,0022000004,2020-12-23T00:00:00,PHX vs. DAL,W,48.0,38,79,0.481,11,30,0.367,19,27,0.704,6,42,48,21,19.0,7,7,0,26,23,106,4.0,1,1,1,1,21,248,341,144,231,282,180,114,83,280,318,39,99,282,310,193,58,1,342,74,247,147
2020-21,1610612755,PHI,Philadelphia 76ers,0022000013,2020-12-23T00:00:00,PHI vs. WAS,W,48.0,41,87,0.471,8,28,0.286,23,30,0.767,10,37,47,22,18.0,11,8,4,25,26,113,6.0,1,1,1,1,21,164,201,168,321,316,309,54,47,185,151,123,129,259,283,45,33,108,323,31,163,127
2020-21,1610612753,ORL,Orlando Magic,0022000012,2020-12-23T00:00:00,ORL vs. MIA,W,48.0,42,88,0.477,10,28,0.357,19,30,0.633,11,30,41,23,18.0,15,3,2,19,21,113,6.0,1,1,1,1,21,142,183,152,265,316,199,114,47,331,116,302,269,222,283,4,272,17,140,138,163,127
2020-21,1610612739,CLE,Cleveland Cavaliers,0022000010,2020-12-23T00:00:00,CLE vs. CHA,W,48.0,46,87,0.529,14,30,0.467,15,20,0.75,10,40,50,34,21.0,12,3,4,22,17,121,7.0,1,1,1,1,21,55,201,40,125,282,45,210,216,200,151,71,73,10,348,35,272,108,242,275,89,117
2020-21,1610612750,MIN,Minnesota Timberwolves,0022000018,2020-12-23T00:00:00,MIN vs. DET,W,48.0,38,88,0.432,11,41,0.268,24,28,0.857,12,36,48,25,12.0,6,5,2,16,20,111,10.0,1,1,1,1,21,248,183,262,231,67,331,41,73,65,82,152,99,158,86,220,152,17,44,171,184,86
2020-21,1610612751,BKN,Brooklyn Nets,0022000001,2020-12-22T00:00:00,BKN vs. GSW,W,48.0,42,92,0.457,15,35,0.429,26,32,0.813,13,44,57,24,20.0,11,7,6,22,24,125,26.0,1,1,1,1,21,142,103,207,93,171,81,22,31,118,59,18,10,191,332,45,58,228,242,57,51,18
2020-21,1610612747,LAL,Los Angeles Lakers,0022000002,2020-12-22T00:00:00,LAL vs. LAC,L,48.0,38,81,0.469,9,29,0.31,24,31,0.774,8,37,45,22,19.0,4,2,3,20,29,109,-7.0,1,190,190,190,21,248,318,175,296,294,282,41,40,173,245,123,180,259,310,319,329,51,172,4,204,253
2020-21,1610612744,GSW,Golden State Warriors,0022000001,2020-12-22T00:00:00,GSW @ BKN,L,48.0,37,99,0.374,10,33,0.303,15,23,0.652,13,34,47,26,18.0,6,6,7,24,22,99,-26.0,1,190,190,190,21,281,27,361,265,224,291,210,158,317,59,204,129,130,283,220,94,286,306,100,310,360
2020-21,1610612746,LAC,LA Clippers,0022000002,2020-12-22T00:00:00,LAC @ LAL,W,48.0,44,93,0.473,14,40,0.35,14,19,0.737,11,29,40,22,16.0,10,3,2,29,20,116,7.0,1,1,1,1,21,91,88,163,125,85,213,236,231,228,116,319,289,259,219,76,272,17,371,171,127,117
