GAME_ID,TEAM_ID,TEAM_NAME,TEAM_ABBREVIATION,TEAM_CITY,MIN,DIST,ORBC,DRBC,RBC,TCHS,SAST,FTAST,PASS,AST,CFGM,CFGA,CFG_PCT,UFGM,UFGA,UFG_PCT,FG_PCT,DFGM,DFGA,DFG_PCT
0022000002,1610612746,Clippers,LAC,LA,240:00,18.03,18,51,68,437,2,2,314,22,13,23,0.565,31,69,0.449,0.473,17,24,0.708
0022000002,1610612747,Lakers,LAL,Los Angeles,240:00,17.73,19,56,72,384,3,2,261,22,14,29,0.483,24,52,0.462,0.469,14,22,0.636
0022000001,1610612744,Warriors,GSW,Golden State,240:00,19.23,31,72,99,434,3,2,301,26,15,42,0.357,22,57,0.386,0.374,18,24,0.75
0022000001,1610612751,Nets,BKN,Brooklyn,240:00,18.33,30,70,98,433,5,4,300,24,16,36,0.444,26,56,0.464,0.457,19,35,0.543
0022000013,1610612764,Wizards,WAS,Washington,240:00,18.4,14,55,67,403,2,0,280,28,13,30,0.433,26,55,0.473,0.459,16,21,0.762
0022000013,1610612755,76ers,PHI,Philadelphia,240:00,18.23,23,57,75,453,3,1,323,22,18,35,0.514,23,52,0.442,0.471,12,27,0.444
0022000015,1610612737,Hawks,ATL,Atlanta,240:00,17.99,17,58,74,421,4,0,299,24,20,30,0.667,23,50,0.46,0.538,14,24,0.583
0022000015,1610612741,Bulls,CHI,Chicago,240:00,18.73,26,44,69,432,3,1,299,20,15,30,0.5,21,57,0.368,0.414,19,26,0.731
0022000004,1610612742,Mavericks,DAL,Dallas,240:00,17.87,17,49,63,373,1,1,260,17,16,28,0.571,20,52,0.385,0.424,9,9,1.0
0022000004,1610612756,Suns,PHX,Phoenix,240:00,18.52,18,54,70,375,3,3,252,21,13,24,0.542,25,55,0.455,0.481,13,18,0.722
0022000003,1610612749,Bucks,MIL,Milwaukee,240:00,17.83,25,69,92,333,4,1,212,19,22,36,0.611,24,54,0.444,0.511,13,24,0.542
0022000003,1610612738,Celtics,BOS,Boston,240:00,18.17,31,46,77,449,1,1,325,23,21,42,0.5,27,59,0.458,0.475,18,27,0.667
0022000012,1610612748,Heat,MIA,Miami,240:00,18.69,24,58,76,394,1,3,272,25,21,40,0.525,21,43,0.488,0.506,15,22,0.682
0022000012,1610612753,Magic,ORL,Orlando,240:00,18.33,20,48,66,399,3,2,271,23,19,37,0.514,23,51,0.451,0.477,20,31,0.645
0022000010,1610612766,Hornets,CHA,Charlotte,240:00,18.38,22,48,68,411,4,2,292,29,15,28,0.536,30,62,0.484,0.5,18,30,0.6
0022000010,1610612739,Cavaliers,CLE,Cleveland,240:00,17.93,27,57,79,471,2,3,342,34,21,38,0.553,25,49,0.51,0.529,20,26,0.769
0022000020,1610612762,Jazz,UTA,Utah,240:00,17.93,23,71,94,432,5,2,304,24,21,39,0.538,22,55,0.4,0.457,17,26,0.654
0022000020,1610612757,Trail Blazers,POR,Portland,240:00,17.53,18,68,84,375,3,2,261,23,17,45,0.378,20,47,0.426,0.402,14,23,0.609
0022000011,1610612752,Knicks,NYK,New York,240:00,19.08,25,53,75,420,2,2,297,25,17,34,0.5,22,51,0.431,0.459,29,43,0.674
0022000011,1610612754,Pacers,IND,Indiana,240:00,19.17,23,58,78,443,1,6,312,28,26,47,0.553,20,47,0.426,0.489,20,37,0.541
0022000019,1610612758,Kings,SAC,Sacramento,265:00,19.84,33,63,95,462,2,4,322,27,23,41,0.561,22,60,0.367,0.441,27,41,0.659
0022000019,1610612743,Nuggets,DEN,Denver,265:00,19.69,31,63,90,467,5,2,329,28,27,47,0.574,20,51,0.392,0.48,24,36,0.667
0022000018,1610612765,Pistons,DET,Detroit,240:00,18.03,22,53,74,432,2,0,303,29,25,43,0.581,20,50,0.4,0.484,20,29,0.69
0022000018,1610612750,Timberwolves,MIN,Minnesota,240:00,17.78,28,66,92,429,6,4,306,25,15,31,0.484,23,57,0.404,0.432,24,31,0.774
0022000014,1610612740,Pelicans,NOP,New Orleans,240:00,18.87,19,64,83,434,5,0,312,30,19,33,0.576,23,46,0.5,0.525,14,20,0.7
0022000014,1610612761,Raptors,TOR,Toronto,240:00,18.29,25,44,65,425,3,0,299,26,12,29,0.414,26,60,0.433,0.427,13,20,0.65
0022000017,1610612759,Spurs,SAS,San Antonio,240:00,18.83,23,67,87,364,3,1,240,28,21,41,0.512,27,54,0.5,0.505,21,32,0.656
0022000017,1610612763,Grizzlies,MEM,Memphis,240:00,18.85,20,61,79,391,0,2,266,27,22,43,0.512,27,52,0.519,0.516,16,32,0.5
0022000008,1610612742,Mavericks,DAL,Dallas,240:00,18.16,17,39,53,391,3,2,275,20,15,28,0.536,26,55,0.473,0.494,17,19,0.895
0022000008,1610612747,Lakers,LAL,Los Angeles,240:00,17.78,24,48,70,425,5,3,295,33,15,23,0.652,36,68,0.529,0.56,16,23,0.696
0022000007,1610612751,Nets,BKN,Brooklyn,240:00,17.07,20,61,78,349,0,5,230,21,21,34,0.618,20,42,0.476,0.539,17,33,0.515
0022000007,1610612738,Celtics,BOS,Boston,240:00,17.92,45,43,85,449,2,1,313,23,18,47,0.383,19,51,0.373,0.378,18,21,0.857
0022000005,1610612740,Pelicans,NOP,New Orleans,240:00,18.42,27,49,75,439,2,8,317,18,18,31,0.581,13,47,0.277,0.397,17,24,0.708
0022000005,1610612748,Heat,MIA,Miami,240:00,18.22,15,57,70,411,4,5,298,29,17,26,0.654,21,49,0.429,0.507,16,22,0.727
0022000006,1610612744,Warriors,GSW,Golden State,240:00,19.4,21,55,74,453,1,3,319,14,15,39,0.385,19,60,0.317,0.343,19,28,0.679
0022000006,1610612749,Bucks,MIL,Milwaukee,240:00,19.1,20,77,92,411,0,3,278,25,16,33,0.485,34,58,0.586,0.556,14,24,0.583
0022000009,1610612746,Clippers,LAC,LA,240:00,16.94,20,48,65,435,4,3,320,32,15,23,0.652,26,51,0.51,0.554,14,25,0.56
0022000009,1610612743,Nuggets,DEN,Denver,240:00,17.42,24,42,65,410,3,1,289,25,16,29,0.552,21,52,0.404,0.457,8,9,0.889
0022000027,1610612761,Raptors,TOR,Toronto,240:00,18.08,19,63,80,398,1,4,261,32,24,50,0.48,20,46,0.435,0.458,18,28,0.643
0022000027,1610612759,Spurs,SAS,San Antonio,240:00,18.4,34,52,85,441,4,1,307,36,21,41,0.512,26,59,0.441,0.47,24,37,0.649
0022000026,1610612754,Pacers,IND,Indiana,240:00,19.35,21,73,93,404,5,5,277,34,25,45,0.556,27,48,0.563,0.559,14,29,0.483
0022000026,1610612741,Bulls,CHI,Chicago,240:00,19.32,31,47,75,434,1,2,299,23,15,41,0.366,19,50,0.38,0.374,27,38,0.711
0022000025,1610612755,76ers,PHI,Philadelphia,240:00,17.7,29,62,90,433,3,4,309,20,17,33,0.515,24,55,0.436,0.466,15,29,0.517
0022000025,1610612752,Knicks,NYK,New York,240:00,17.95,31,57,86,407,2,4,288,19,16,35,0.457,16,48,0.333,0.386,17,28,0.607
0022000023,1610612739,Cavaliers,CLE,Cleveland,290:00,21.56,19,72,87,505,4,6,361,29,24,52,0.462,24,47,0.511,0.485,15,29,0.517
0022000023,1610612765,Pistons,DET,Detroit,290:00,21.88,41,72,105,464,5,3,314,24,13,33,0.394,27,65,0.415,0.408,24,37,0.649
0022000029,1610612745,Rockets,HOU,Houston,265:00,18.49,30,63,89,425,5,1,295,27,23,41,0.561,22,47,0.468,0.517,17,28,0.607
0022000029,1610612757,Trail Blazers,POR,Portland,265:00,18.91,31,53,80,430,8,1,292,27,17,41,0.415,30,61,0.492,0.461,27,37,0.73
0022000028,1610612750,Timberwolves,MIN,Minnesota,240:00,17.77,27,58,83,423,4,2,295,21,16,39,0.41,29,62,0.468,0.446,20,33,0.606
0022000028,1610612762,Jazz,UTA,Utah,240:00,18.01,46,71,114,412,3,2,273,15,19,45,0.422,17,49,0.347,0.383,17,32,0.531
0022000030,1610612756,Suns,PHX,Phoenix,240:00,18.14,31,61,87,450,1,2,322,25,10,26,0.385,31,71,0.437,0.418,19,34,0.559
0022000030,1610612758,Kings,SAC,Sacramento,240:00,18.38,30,68,97,394,2,4,267,20,19,44,0.432,20,42,0.476,0.453,14,24,0.583
0022000022,1610612760,Thunder,OKC,Oklahoma City,240:00,18.09,30,58,82,476,3,3,340,25,14,27,0.519,26,61,0.426,0.455,20,38,0.526
0022000022,1610612766,Hornets,CHA,Charlotte,240:00,19.01,32,70,95,396,2,5,271,27,17,44,0.386,20,48,0.417,0.398,18,30,0.6
0022000024,1610612753,Magic,ORL,Orlando,240:00,19.43,31,61,85,434,5,5,292,25,22,36,0.611,26,59,0.441,0.505,22,29,0.759
0022000024,1610612764,Wizards,WAS,Washington,240:00,19.39,20,57,73,407,3,3,281,28,17,30,0.567,29,65,0.446,0.484,14,19,0.737
0022000021,1610612737,Hawks,ATL,Atlanta,240:00,18.26,30,75,102,401,4,3,274,23,12,32,0.375,26,57,0.456,0.427,9,13,0.692
0022000021,1610612763,Grizzlies,MEM,Memphis,240:00,18.52,22,55,76,441,1,3,313,20,12,29,0.414,25,64,0.391,0.398,15,25,0.6
0022000040,1610612750,Timberwolves,MIN,Minnesota,240:00,18.36,35,44,79,466,3,2,327,24,21,48,0.438,17,55,0.309,0.369,26,34,0.765
0022000040,1610612747,Lakers,LAL,Los Angeles,240:00,17.83,13,78,89,423,7,2,299,32,20,31,0.645,30,59,0.508,0.556,22,39,0.564
0022000038,1610612744,Warriors,GSW,Golden State,240:00,19.47,19,44,62,437,1,4,302,25,15,40,0.375,27,64,0.422,0.404,15,20,0.75
0022000038,1610612741,Bulls,CHI,Chicago,240:00,19.7,24,65,88,426,2,6,289,27,17,34,0.5,27,52,0.519,0.512,13,33,0.394
0022000036,1610612749,Bucks,MIL,Milwaukee,240:00,18.48,27,55,76,395,1,2,267,24,18,30,0.6,23,65,0.354,0.432,13,20,0.65
0022000036,1610612752,Knicks,NYK,New York,240:00,18.63,19,64,83,426,0,4,300,27,12,28,0.429,34,57,0.596,0.541,24,31,0.774
0022000031,1610612742,Mavericks,DAL,Dallas,240:00,17.84,16,58,74,368,4,4,254,25,8,19,0.421,35,68,0.515,0.494,9,14,0.643
0022000031,1610612746,Clippers,LAC,LA,240:00,17.67,14,53,65,417,1,5,308,13,16,29,0.552,10,47,0.213,0.342,16,21,0.762
0022000035,1610612755,76ers,PHI,Philadelphia,240:00,17.85,23,42,63,444,2,2,321,24,10,25,0.4,23,54,0.426,0.418,24,35,0.686
0022000035,1610612739,Cavaliers,CLE,Cleveland,240:00,17.75,20,55,73,406,5,1,285,31,24,46,0.522,24,45,0.533,0.527,17,27,0.63
0022000037,1610612738,Celtics,BOS,Boston,240:00,17.96,26,49,73,395,3,1,266,21,15,34,0.441,25,45,0.556,0.506,26,36,0.722
0022000037,1610612754,Pacers,IND,Indiana,240:00,18.13,18,46,61,421,4,3,302,23,21,39,0.538,24,49,0.49,0.511,16,27,0.593
0022000039,1610612756,Suns,PHX,Phoenix,240:00,17.82,19,49,65,447,5,1,329,34,13,24,0.542,33,69,0.478,0.489,15,23,0.652
0022000039,1610612758,Kings,SAC,Sacramento,240:00,17.78,11,46,56,377,3,2,266,21,16,37,0.432,19,38,0.5,0.474,17,25,0.68
0022000032,1610612751,Nets,BKN,Brooklyn,240:00,17.33,24,55,74,425,5,2,305,23,9,17,0.529,26,65,0.4,0.427,21,28,0.75
0022000032,1610612766,Hornets,CHA,Charlotte,240:00,18.79,31,55,82,501,8,1,372,35,18,36,0.5,25,60,0.417,0.448,9,16,0.563
0022000033,1610612753,Magic,ORL,Orlando,240:00,18.19,25,55,79,347,4,4,222,19,18,42,0.429,19,43,0.442,0.435,25,37,0.676
0022000033,1610612764,Wizards,WAS,Washington,240:00,18.26,28,60,88,446,4,1,320,27,21,41,0.512,26,56,0.464,0.485,7,21,0.333
0022000034,1610612759,Spurs,SAS,San Antonio,240:00,18.15,19,76,92,416,4,0,295,26,17,34,0.5,21,55,0.382,0.427,20,34,0.588
0022000034,1610612740,Pelicans,NOP,New Orleans,240:00,18.53,32,70,100,428,1,5,298,15,16,45,0.356,20,49,0.408,0.383,14,19,0.737
0022000045,1610612757,Trail Blazers,POR,Portland,240:00,17.26,26,51,75,381,2,2,262,27,20,37,0.541,23,55,0.418,0.467,19,26,0.731
0022000045,1610612747,Lakers,LAL,Los Angeles,240:00,16.94,13,65,76,401,5,1,285,20,17,33,0.515,24,54,0.444,0.471,15,22,0.682
0022000042,1610612763,Grizzlies,MEM,Memphis,265:00,20.06,32,72,103,461,2,3,322,20,23,46,0.5,19,51,0.373,0.429,15,22,0.682
0022000042,1610612751,Nets,BKN,Brooklyn,265:00,19.11,30,65,92,424,4,2,292,28,14,30,0.467,26,69,0.377,0.41,12,20,0.6
0022000041,1610612765,Pistons,DET,Detroit,240:00,18.24,37,48,84,397,2,2,273,24,20,41,0.488,23,57,0.404,0.439,11,17,0.647
0022000041,1610612737,Hawks,ATL,Atlanta,240:00,17.58,16,60,73,397,4,5,281,30,11,26,0.423,29,56,0.518,0.488,18,30,0.6
0022000044,1610612745,Rockets,HOU,Houston,240:00,17.28,29,63,86,411,4,1,290,25,21,40,0.525,18,46,0.391,0.453,20,30,0.667
0022000044,1610612743,Nuggets,DEN,Denver,240:00,17.95,29,69,91,405,5,6,280,31,17,33,0.515,29,54,0.537,0.529,21,30,0.7
0022000043,1610612762,Jazz,UTA,Utah,240:00,18.06,19,57,72,437,5,2,316,24,20,32,0.625,23,54,0.426,0.5,16,24,0.667
0022000043,1610612760,Thunder,OKC,Oklahoma City,240:00,17.9,16,51,65,383,1,1,264,21,14,29,0.483,26,57,0.456,0.465,18,24,0.75
0022000049,1610612761,Raptors,TOR,Toronto,240:00,17.74,29,61,87,389,2,1,266,21,8,30,0.267,23,57,0.404,0.356,12,22,0.545
0022000049,1610612755,76ers,PHI,Philadelphia,240:00,18.21,20,66,86,488,2,1,351,21,18,41,0.439,14,43,0.326,0.381,11,25,0.44
0022000053,1610612740,Pelicans,NOP,New Orleans,240:00,17.13,17,48,65,347,0,2,246,18,16,28,0.571,18,40,0.45,0.481,10,13,0.769
0022000053,1610612756,Suns,PHX,Phoenix,240:00,17.29,19,53,69,450,3,5,337,24,12,24,0.5,25,60,0.417,0.44,19,25,0.76
0022000054,1610612750,Timberwolves,MIN,Minnesota,240:00,18.11,26,48,72,442,3,4,316,22,11,31,0.355,26,58,0.448,0.416,18,26,0.692
0022000054,1610612746,Clippers,LAC,LA,240:00,18.04,16,65,79,406,5,4,287,32,20,35,0.571,27,53,0.509,0.534,14,26,0.538
0022000046,1610612752,Knicks,NYK,New York,240:00,18.07,27,66,91,414,1,5,287,23,12,35,0.343,22,44,0.5,0.43,17,29,0.586
0022000046,1610612739,Cavaliers,CLE,Cleveland,240:00,14.33,26,42,65,377,4,1,269,22,14,42,0.333,16,36,0.444,0.364,12,28,0.429
0022000051,1610612749,Bucks,MIL,Milwaukee,240:00,18.3,21,53,71,386,3,1,259,32,12,24,0.5,39,68,0.574,0.554,13,17,0.765
0022000051,1610612748,Heat,MIA,Miami,240:00,18.68,10,49,59,438,2,6,313,23,15,29,0.517,22,50,0.44,0.468,10,15,0.667
0022000047,1610612744,Warriors,GSW,Golden State,240:00,18.23,20,68,83,407,5,7,290,21,16,27,0.593,22,49,0.449,0.5,16,26,0.615
0022000047,1610612765,Pistons,DET,Detroit,240:00,18.51,41,55,88,424,1,3,293,21,15,38,0.395,20,54,0.37,0.38,12,21,0.571
0022000048,1610612738,Celtics,BOS,Boston,240:00,18.25,24,53,76,399,2,0,273,21,25,44,0.568,15,36,0.417,0.5,18,21,0.857
0022000048,1610612754,Pacers,IND,Indiana,240:00,18.68,18,50,64,417,1,4,300,27,18,31,0.581,25,53,0.472,0.512,21,35,0.6
0022000055,1610612743,Nuggets,DEN,Denver,240:00,17.83,19,55,71,421,5,3,302,27,21,37,0.568,23,44,0.523,0.543,12,25,0.48
0022000055,1610612758,Kings,SAC,Sacramento,240:00,18.26,29,43,72,442,4,2,317,33,16,42,0.381,30,52,0.577,0.489,19,27,0.704
0022000050,1610612741,Bulls,CHI,Chicago,240:00,18.94,22,59,80,427,1,4,302,26,16,34,0.471,22,53,0.415,0.437,13,15,0.867
0022000050,1610612764,Wizards,WAS,Washington,240:00,18.74,25,75,96,445,7,5,313,25,6,14,0.429,31,70,0.443,0.44,14,23,0.609
0022000052,1610612753,Magic,ORL,Orlando,240:00,18.45,26,47,69,367,3,1,240,26,27,50,0.54,22,46,0.478,0.51,20,30,0.667
0022000052,1610612760,Thunder,OKC,Oklahoma City,240:00,18.26,19,54,71,448,0,2,318,20,18,30,0.6,25,57,0.439,0.494,26,38,0.684
0022000060,1610612747,Lakers,LAL,Los Angeles,240:00,16.81,20,58,75,389,4,5,276,25,15,31,0.484,30,50,0.6,0.561,19,34,0.559
0022000060,1610612759,Spurs,SAS,San Antonio,240:00,17.76,15,44,57,362,1,3,240,25,15,37,0.405,24,48,0.5,0.46,19,32,0.594
0022000057,1610612737,Hawks,ATL,Atlanta,240:00,18.76,35,62,93,424,3,4,284,27,15,32,0.469,32,67,0.478,0.475,18,25,0.72
0022000057,1610612751,Nets,BKN,Brooklyn,240:00,18.37,22,52,71,387,5,2,260,30,27,40,0.675,27,60,0.45,0.54,20,29,0.69
0022000056,1610612763,Grizzlies,MEM,Memphis,240:00,18.59,37,47,82,450,0,2,315,26,16,34,0.471,24,59,0.407,0.43,23,30,0.767
0022000056,1610612738,Celtics,BOS,Boston,240:00,17.87,22,63,82,384,3,1,262,27,18,29,0.621,31,62,0.5,0.538,17,25,0.68
0022000061,1610612757,Trail Blazers,POR,Portland,240:00,17.82,15,46,59,346,3,3,226,14,12,28,0.429,20,48,0.417,0.421,17,26,0.654
0022000061,1610612746,Clippers,LAC,LA,240:00,17.87,23,52,73,412,4,2,291,30,14,28,0.5,33,67,0.493,0.495,10,21,0.476
0022000058,1610612749,Bucks,MIL,Milwaukee,240:00,18.34,34,51,83,391,3,2,260,26,17,47,0.362,23,55,0.418,0.392,16,22,0.727
0022000058,1610612748,Heat,MIA,Miami,240:00,18.6,20,68,87,410,0,5,280,25,12,28,0.429,28,54,0.519,0.488,14,33,0.424
0022000059,1610612766,Hornets,CHA,Charlotte,240:00,18.91,31,59,84,451,5,2,326,30,17,34,0.5,26,50,0.52,0.512,16,30,0.533
0022000059,1610612742,Mavericks,DAL,Dallas,240:00,18.18,28,47,74,406,3,5,288,24,15,35,0.429,19,52,0.365,0.391,17,22,0.773
0022000064,1610612755,76ers,PHI,Philadelphia,240:00,18.14,14,67,80,432,3,2,311,23,17,38,0.447,27,53,0.509,0.484,14,27,0.519
0022000064,1610612753,Magic,ORL,Orlando,240:00,18.57,24,53,76,371,2,0,246,17,12,32,0.375,21,63,0.333,0.347,20,27,0.741
0022000065,1610612758,Kings,SAC,Sacramento,240:00,18.47,31,51,78,443,1,3,305,23,17,40,0.425,28,56,0.5,0.469,27,41,0.659
0022000065,1610612745,Rockets,HOU,Houston,240:00,17.13,26,57,79,397,4,0,267,26,21,35,0.6,24,51,0.471,0.523,17,28,0.607
0022000062,1610612739,Cavaliers,CLE,Cleveland,240:00,18.7,26,53,76,421,4,4,298,22,21,50,0.42,16,32,0.5,0.451,17,32,0.531
0022000062,1610612754,Pacers,IND,Indiana,240:00,18.55,25,55,76,458,3,5,335,28,20,40,0.5,22,47,0.468,0.483,13,30,0.433
0022000068,1610612756,Suns,PHX,Phoenix,240:00,17.51,13,56,67,390,1,0,274,26,8,21,0.381,33,63,0.524,0.488,17,29,0.586
0022000068,1610612762,Jazz,UTA,Utah,240:00,17.77,25,51,75,385,0,4,269,16,12,32,0.375,23,52,0.442,0.417,9,19,0.474
0022000063,1610612741,Bulls,CHI,Chicago,240:00,18.49,23,55,71,449,6,1,312,34,30,47,0.638,20,45,0.444,0.543,12,23,0.522
0022000063,1610612764,Wizards,WAS,Washington,240:00,18.23,28,62,87,397,6,3,279,27,17,38,0.447,25,46,0.543,0.5,21,28,0.75
0022000066,1610612752,Knicks,NYK,New York,240:00,18.56,26,56,79,457,2,3,334,21,15,31,0.484,17,57,0.298,0.364,13,21,0.619
0022000066,1610612761,Raptors,TOR,Toronto,240:00,18.32,30,71,96,433,5,5,311,21,10,22,0.455,24,61,0.393,0.41,19,30,0.633
0022000067,1610612740,Pelicans,NOP,New Orleans,240:00,18.24,29,63,87,403,2,6,275,23,21,35,0.6,23,56,0.411,0.484,13,18,0.722
0022000067,1610612760,Thunder,OKC,Oklahoma City,240:00,17.72,24,51,73,434,2,1,319,24,12,25,0.48,18,55,0.327,0.375,16,29,0.552
0022000078,1610612757,Trail Blazers,POR,Portland,240:00,18.12,25,63,86,388,4,3,263,23,15,40,0.375,25,52,0.481,0.435,14,17,0.824
0022000078,1610612744,Warriors,GSW,Golden State,240:00,18.3,12,68,77,371,3,5,257,19,14,26,0.538,17,53,0.321,0.392,9,23,0.391
0022000075,1610612747,Lakers,LAL,Los Angeles,240:00,17.57,29,61,86,421,4,1,288,27,16,38,0.421,25,63,0.397,0.406,9,14,0.643
0022000075,1610612759,Spurs,SAS,San Antonio,240:00,18.22,21,65,85,389,0,3,271,23,14,33,0.424,22,52,0.423,0.424,16,33,0.485
0022000072,1610612737,Hawks,ATL,Atlanta,240:00,17.69,30,55,83,413,2,1,289,24,18,34,0.529,25,59,0.424,0.462,14,15,0.933
0022000072,1610612751,Nets,BKN,Brooklyn,240:00,17.3,23,65,87,367,2,4,246,19,16,29,0.552,19,57,0.333,0.407,14,25,0.56
0022000070,1610612738,Celtics,BOS,Boston,240:00,17.59,26,60,84,374,2,1,254,20,16,34,0.471,23,49,0.469,0.47,15,24,0.625
0022000070,1610612765,Pistons,DET,Detroit,240:00,17.9,23,51,72,401,1,2,278,18,18,37,0.486,18,49,0.367,0.409,14,24,0.583
0022000077,1610612746,Clippers,LAC,LA,240:00,16.9,24,55,76,346,1,2,235,19,11,29,0.379,22,56,0.393,0.388,13,27,0.481
0022000077,1610612762,Jazz,UTA,Utah,240:00,17.23,24,54,77,492,3,2,369,28,15,34,0.441,26,55,0.473,0.461,10,19,0.526
0022000073,1610612741,Bulls,CHI,Chicago,240:00,19.04,18,56,72,390,3,2,266,18,21,38,0.553,17,49,0.347,0.437,7,14,0.5
0022000073,1610612749,Bucks,MIL,Milwaukee,240:00,18.65,18,63,79,386,4,4,262,27,7,21,0.333,35,64,0.547,0.494,16,24,0.667
0022000071,1610612748,Heat,MIA,Miami,240:00,18.76,18,63,78,407,2,4,290,20,12,27,0.444,17,51,0.333,0.372,7,12,0.583
0022000071,1610612742,Mavericks,DAL,Dallas,240:00,18.26,20,62,77,409,3,2,290,18,12,25,0.48,20,53,0.377,0.41,12,19,0.632
0022000076,1610612756,Suns,PHX,Phoenix,240:00,16.8,13,54,67,412,4,2,294,24,14,21,0.667,23,55,0.418,0.487,15,24,0.625
0022000076,1610612743,Nuggets,DEN,Denver,240:00,17.22,22,46,66,393,3,3,277,28,16,34,0.471,23,51,0.451,0.453,11,13,0.846
0022000074,1610612764,Wizards,WAS,Washington,240:00,18.72,21,52,68,465,4,4,338,35,22,37,0.595,27,52,0.519,0.551,20,34,0.588
0022000074,1610612750,Timberwolves,MIN,Minnesota,240:00,18.8,24,46,67,450,1,4,331,17,23,43,0.535,19,45,0.422,0.477,18,26,0.692
0022000069,1610612763,Grizzlies,MEM,Memphis,240:00,18.27,22,55,73,460,5,2,337,34,17,34,0.5,26,56,0.464,0.478,16,27,0.593
0022000069,1610612766,Hornets,CHA,Charlotte,240:00,19.06,23,56,77,444,2,3,319,23,16,32,0.5,19,54,0.352,0.407,20,26,0.769
0022000082,1610612766,Hornets,CHA,Charlotte,240:00,19.0,28,37,63,454,3,3,328,34,15,35,0.429,23,57,0.404,0.413,14,21,0.667
0022000082,1610612755,76ers,PHI,Philadelphia,240:00,17.99,16,59,74,474,6,4,352,35,18,26,0.692,29,53,0.547,0.595,15,32,0.469
0022000081,1610612760,Thunder,OKC,Oklahoma City,240:00,18.2,12,88,99,428,4,3,311,22,13,24,0.542,25,62,0.403,0.442,15,28,0.536
0022000081,1610612753,Magic,ORL,Orlando,240:00,18.63,35,56,90,391,1,0,261,21,21,53,0.396,19,55,0.345,0.37,12,21,0.571
0022000079,1610612758,Kings,SAC,Sacramento,240:00,18.25,35,57,91,389,2,3,264,11,17,45,0.378,18,45,0.4,0.389,12,21,0.571
0022000079,1610612745,Rockets,HOU,Houston,240:00,17.26,25,62,82,376,1,2,254,15,14,27,0.519,22,53,0.415,0.444,17,33,0.515
0022000080,1610612752,Knicks,NYK,New York,240:00,17.84,24,63,85,385,3,0,266,23,25,44,0.568,17,39,0.436,0.506,8,16,0.5
0022000080,1610612754,Pacers,IND,Indiana,240:00,17.7,16,42,58,392,1,2,286,22,10,28,0.357,24,56,0.429,0.405,21,30,0.7
0022000083,1610612739,Cavaliers,CLE,Cleveland,240:00,17.59,40,56,90,451,3,1,328,19,17,39,0.436,21,52,0.404,0.418,16,29,0.552
0022000083,1610612737,Hawks,ATL,Atlanta,240:00,17.24,33,62,91,391,5,2,267,22,14,34,0.412,21,51,0.412,0.412,17,31,0.548
0022000084,1610612761,Raptors,TOR,Toronto,240:00,18.59,28,63,89,390,5,7,275,21,15,28,0.536,23,63,0.365,0.418,12,25,0.48
0022000084,1610612740,Pelicans,NOP,New Orleans,240:00,18.82,35,59,93,470,5,6,348,26,15,35,0.429,20,48,0.417,0.422,18,27,0.667
0022000092,1610612757,Trail Blazers,POR,Portland,240:00,17.91,29,39,66,379,0,4,246,16,17,43,0.395,24,55,0.436,0.418,23,29,0.793
0022000092,1610612744,Warriors,GSW,Golden State,240:00,18.41,24,70,91,428,5,2,295,23,22,34,0.647,27,54,0.5,0.557,17,33,0.515
0022000089,1610612762,Jazz,UTA,Utah,240:00,18.45,19,72,88,413,3,2,286,29,19,35,0.543,30,54,0.556,0.551,26,47,0.553
0022000089,1610612759,Spurs,SAS,San Antonio,240:00,18.83,37,41,74,369,1,6,241,23,22,57,0.386,22,48,0.458,0.419,20,29,0.69
0022000090,1610612742,Mavericks,DAL,Dallas,240:00,18.88,23,59,79,438,5,1,311,23,19,31,0.613,20,57,0.351,0.438,16,19,0.842
0022000090,1610612741,Bulls,CHI,Chicago,240:00,18.67,22,60,78,381,1,2,254,16,17,35,0.486,22,50,0.44,0.459,12,18,0.667
0022000091,1610612746,Clippers,LAC,LA,240:00,17.18,25,45,68,381,2,0,264,24,7,21,0.333,33,62,0.532,0.482,17,20,0.85
0022000091,1610612756,Suns,PHX,Phoenix,240:00,17.22,12,56,67,380,5,4,272,23,20,29,0.69,17,46,0.37,0.493,7,13,0.538
0022000086,1610612764,Wizards,WAS,Washington,240:00,18.64,35,52,85,426,3,4,294,27,18,36,0.5,25,68,0.368,0.413,15,22,0.682
0022000086,1610612751,Nets,BKN,Brooklyn,240:00,18.15,21,75,91,384,0,5,259,25,13,28,0.464,27,53,0.509,0.494,21,28,0.75
0022000085,1610612738,Celtics,BOS,Boston,240:00,17.47,21,54,73,409,1,2,289,35,19,33,0.576,30,54,0.556,0.563,14,23,0.609
0022000085,1610612765,Pistons,DET,Detroit,240:00,17.67,21,36,54,413,4,3,291,29,14,32,0.438,27,54,0.5,0.477,15,25,0.6
0022000088,1610612743,Nuggets,DEN,Denver,240:00,18.14,27,47,70,445,7,3,322,34,12,28,0.429,33,64,0.516,0.489,23,32,0.719
0022000088,1610612750,Timberwolves,MIN,Minnesota,240:00,17.98,22,40,59,406,6,7,295,30,23,39,0.59,21,46,0.457,0.518,11,22,0.5
0022000087,1610612747,Lakers,LAL,Los Angeles,240:00,16.93,18,65,81,399,4,1,280,24,20,32,0.625,21,57,0.368,0.461,16,26,0.615
0022000087,1610612763,Grizzlies,MEM,Memphis,240:00,17.99,34,53,85,443,2,1,320,23,20,40,0.5,19,55,0.345,0.411,17,24,0.708
0022000094,1610612766,Hornets,CHA,Charlotte,240:00,19.45,25,64,83,446,3,1,322,30,10,26,0.385,26,60,0.433,0.419,23,36,0.639
0022000094,1610612755,76ers,PHI,Philadelphia,240:00,18.33,27,54,78,469,5,5,338,34,26,43,0.605,20,52,0.385,0.484,12,22,0.545
0022000101,1610612758,Kings,SAC,Sacramento,240:00,19.21,24,59,81,427,0,6,298,20,12,38,0.316,22,51,0.431,0.378,20,27,0.741
0022000101,1610612744,Warriors,GSW,Golden State,240:00,19.06,22,75,92,441,8,1,317,41,17,33,0.515,34,64,0.531,0.526,16,29,0.552
0022000093,1610612739,Cavaliers,CLE,Cleveland,240:00,16.93,26,46,72,432,3,4,311,20,14,44,0.318,19,42,0.452,0.388,9,23,0.391
0022000093,1610612753,Magic,ORL,Orlando,240:00,17.41,26,55,79,375,3,0,254,22,10,25,0.4,28,63,0.444,0.432,16,32,0.5
0022000098,1610612742,Mavericks,DAL,Dallas,240:00,17.63,28,55,79,404,2,3,284,24,12,28,0.429,27,54,0.5,0.476,16,27,0.593
0022000098,1610612745,Rockets,HOU,Houston,240:00,16.67,18,48,66,339,2,2,225,17,12,27,0.444,18,50,0.36,0.39,12,19,0.632
0022000096,1610612760,Thunder,OKC,Oklahoma City,240:00,17.84,22,50,68,456,2,0,337,20,13,22,0.591,16,57,0.281,0.367,20,26,0.769
0022000096,1610612748,Heat,MIA,Miami,240:00,18.41,15,61,72,388,1,2,274,34,16,26,0.615,30,55,0.545,0.568,13,21,0.619
0022000099,1610612765,Pistons,DET,Detroit,240:00,18.53,21,41,61,403,0,1,279,27,14,33,0.424,29,65,0.446,0.439,23,26,0.885
0022000099,1610612749,Bucks,MIL,Milwaukee,240:00,17.87,15,68,82,413,6,1,283,32,23,31,0.742,26,54,0.481,0.576,13,23,0.565
0022000095,1610612752,Knicks,NYK,New York,240:00,18.14,21,55,75,408,1,1,284,26,26,46,0.565,17,39,0.436,0.506,16,28,0.571
0022000095,1610612737,Hawks,ATL,Atlanta,240:00,17.7,25,49,71,386,3,0,271,24,16,37,0.432,24,50,0.48,0.46,20,34,0.588
0022000097,1610612738,Celtics,BOS,Boston,240:00,18.54,28,73,96,380,3,0,257,19,16,43,0.372,25,41,0.61,0.488,15,29,0.517
0022000097,1610612761,Raptors,TOR,Toronto,240:00,18.48,26,43,67,417,6,3,295,20,17,43,0.395,19,47,0.404,0.4,14,24,0.583
0022000100,1610612754,Pacers,IND,Indiana,265:00,20.2,19,70,87,464,6,3,341,32,18,33,0.545,27,60,0.45,0.484,23,41,0.561
0022000100,1610612740,Pelicans,NOP,New Orleans,265:00,20.16,38,64,99,452,4,4,316,26,22,53,0.415,22,48,0.458,0.436,21,29,0.724
0022000102,1610612762,Jazz,UTA,Utah,240:00,18.44,25,45,68,414,2,4,290,17,18,37,0.486,15,48,0.313,0.384,22,30,0.733
0022000102,1610612751,Nets,BKN,Brooklyn,240:00,17.74,20,61,76,405,1,2,278,31,27,40,0.675,25,53,0.472,0.559,12,23,0.522
0022000105,1610612759,Spurs,SAS,San Antonio,240:00,17.86,18,55,73,376,5,0,257,23,17,35,0.486,27,61,0.443,0.458,13,18,0.722
0022000105,1610612746,Clippers,LAC,LA,240:00,17.57,22,65,84,401,3,2,290,29,16,29,0.552,27,57,0.474,0.5,12,23,0.522
0022000106,1610612741,Bulls,CHI,Chicago,240:00,18.18,25,73,96,399,9,3,272,27,14,31,0.452,26,60,0.433,0.44,15,26,0.577
0022000106,1610612757,Trail Blazers,POR,Portland,240:00,17.49,26,66,91,372,2,2,245,23,16,39,0.41,23,55,0.418,0.415,12,23,0.522
0022000104,1610612750,Timberwolves,MIN,Minnesota,240:00,18.21,30,46,70,418,1,2,292,24,21,42,0.5,21,49,0.429,0.462,26,38,0.684
0022000104,1610612743,Nuggets,DEN,Denver,240:00,17.92,22,59,77,401,2,4,276,22,22,37,0.595,19,42,0.452,0.519,22,34,0.647
0022000103,1610612747,Lakers,LAL,Los Angeles,240:00,16.98,21,67,85,414,5,1,294,24,13,26,0.5,25,61,0.41,0.437,15,25,0.6
0022000103,1610612763,Grizzlies,MEM,Memphis,240:00,17.84,18,57,74,437,3,1,325,24,16,33,0.485,20,54,0.37,0.414,15,23,0.652
0022000109,1610612764,Wizards,WAS,Washington,240:00,18.65,19,44,60,409,3,3,282,27,18,37,0.486,29,57,0.509,0.5,17,21,0.81
0022000109,1610612755,76ers,PHI,Philadelphia,240:00,18.49,14,56,67,467,7,3,341,33,20,33,0.606,30,48,0.625,0.617,17,30,0.567
0022000116,1610612746,Clippers,LAC,LA,240:00,17.63,26,63,87,418,1,0,299,19,16,32,0.5,20,49,0.408,0.444,17,29,0.586
0022000116,1610612744,Warriors,GSW,Golden State,240:00,17.92,17,49,66,428,4,1,310,25,16,38,0.421,23,48,0.479,0.453,11,21,0.524
0022000112,1610612762,Jazz,UTA,Utah,240:00,18.06,32,55,83,414,5,3,297,20,14,29,0.483,26,62,0.419,0.44,21,36,0.583
0022000112,1610612752,Knicks,NYK,New York,240:00,18.05,24,64,85,381,2,2,261,22,21,43,0.488,24,44,0.545,0.517,18,26,0.692
0022000115,1610612761,Raptors,TOR,Toronto,240:00,18.05,24,54,78,382,0,6,266,18,21,34,0.618,18,45,0.4,0.494,11,19,0.579
0022000115,1610612756,Suns,PHX,Phoenix,240:00,17.96,24,54,72,420,4,0,305,30,9,26,0.346,31,57,0.544,0.482,17,26,0.654
0022000108,1610612739,Cavaliers,CLE,Cleveland,240:00,17.47,26,41,65,424,1,2,303,24,24,41,0.585,12,44,0.273,0.424,11,18,0.611
0022000108,1610612753,Magic,ORL,Orlando,240:00,17.82,18,57,72,373,3,0,259,20,17,30,0.567,23,51,0.451,0.494,22,32,0.688
0022000111,1610612738,Celtics,BOS,Boston,240:00,17.92,34,50,83,438,1,1,310,22,16,44,0.364,26,55,0.473,0.424,14,24,0.583
0022000111,1610612748,Heat,MIA,Miami,240:00,18.25,12,68,79,401,3,7,283,26,17,30,0.567,18,51,0.353,0.432,18,30,0.6
0022000107,1610612745,Rockets,HOU,Houston,240:00,17.16,21,52,70,384,3,5,266,19,24,44,0.545,15,37,0.405,0.481,23,41,0.561
0022000107,1610612754,Pacers,IND,Indiana,240:00,18.61,23,57,80,437,7,4,309,21,26,56,0.464,16,33,0.485,0.472,29,44,0.659
0022000113,1610612765,Pistons,DET,Detroit,240:00,18.87,31,55,82,422,4,2,295,20,13,35,0.371,25,62,0.403,0.392,17,27,0.63
0022000113,1610612749,Bucks,MIL,Milwaukee,240:00,18.6,24,65,87,394,7,1,268,35,16,28,0.571,33,62,0.532,0.544,17,30,0.567
0022000110,1610612766,Hornets,CHA,Charlotte,240:00,18.8,18,69,86,391,5,2,271,22,11,31,0.355,21,54,0.389,0.376,25,42,0.595
0022000110,1610612737,Hawks,ATL,Atlanta,240:00,18.32,33,65,96,512,6,3,387,25,17,37,0.459,19,59,0.322,0.375,12,25,0.48
0022000117,1610612741,Bulls,CHI,Chicago,240:00,18.27,23,50,70,385,6,1,261,27,21,28,0.75,28,65,0.431,0.527,22,31,0.71
0022000117,1610612758,Kings,SAC,Sacramento,240:00,18.52,19,46,62,468,3,5,344,30,19,40,0.475,28,51,0.549,0.516,22,27,0.815
0022000114,1610612760,Thunder,OKC,Oklahoma City,240:00,18.04,12,59,68,383,3,1,269,28,12,16,0.75,28,71,0.394,0.46,21,32,0.656
0022000114,1610612740,Pelicans,NOP,New Orleans,240:00,18.54,20,51,69,418,2,2,291,25,28,46,0.609,16,43,0.372,0.494,15,18,0.833
0022000121,1610612759,Spurs,SAS,San Antonio,240:00,17.86,15,48,60,392,3,3,277,28,15,35,0.429,28,57,0.491,0.467,30,39,0.769
0022000121,1610612747,Lakers,LAL,Los Angeles,240:00,17.38,18,60,77,388,2,1,271,21,28,43,0.651,15,43,0.349,0.5,10,23,0.435
0022000118,1610612755,76ers,PHI,Philadelphia,240:00,18.19,22,69,86,429,1,3,307,23,16,33,0.485,25,54,0.463,0.471,16,26,0.615
0022000118,1610612751,Nets,BKN,Brooklyn,240:00,17.99,29,57,85,420,6,3,291,30,25,43,0.581,19,54,0.352,0.454,9,18,0.5
0022000122,1610612750,Timberwolves,MIN,Minnesota,240:00,19.1,31,47,77,453,3,6,314,24,14,31,0.452,25,62,0.403,0.419,18,23,0.783
0022000122,1610612757,Trail Blazers,POR,Portland,240:00,18.53,15,58,70,370,2,1,244,25,21,35,0.6,28,55,0.509,0.544,17,30,0.567
0022000120,1610612742,Mavericks,DAL,Dallas,265:00,19.32,16,62,77,425,4,2,298,27,19,34,0.559,23,53,0.434,0.483,14,25,0.56
0022000120,1610612743,Nuggets,DEN,Denver,265:00,19.51,26,55,77,452,3,2,320,25,15,33,0.455,28,64,0.438,0.443,17,23,0.739
0022000119,1610612739,Cavaliers,CLE,Cleveland,240:00,17.33,21,49,70,383,1,2,273,24,17,39,0.436,19,40,0.475,0.456,18,28,0.643
0022000119,1610612763,Grizzlies,MEM,Memphis,240:00,17.53,26,57,80,407,8,0,286,27,17,37,0.459,19,46,0.413,0.434,8,20,0.4
0022000130,1610612746,Clippers,LAC,LA,240:00,17.59,26,48,74,425,5,0,304,23,11,22,0.5,29,61,0.475,0.482,17,24,0.708
0022000130,1610612744,Warriors,GSW,Golden State,240:00,17.5,20,47,66,390,2,2,274,25,14,28,0.5,26,54,0.481,0.488,12,18,0.667
0022000131,1610612741,Bulls,CHI,Chicago,240:00,17.6,24,47,69,393,2,3,274,26,23,40,0.575,23,51,0.451,0.505,12,22,0.545
0022000131,1610612747,Lakers,LAL,Los Angeles,240:00,17.29,17,51,67,426,2,2,307,21,13,25,0.52,28,56,0.5,0.506,20,29,0.69
0022000125,1610612760,Thunder,OKC,Oklahoma City,240:00,17.63,26,84,104,353,2,1,238,16,14,32,0.438,24,55,0.436,0.437,15,29,0.517
0022000125,1610612752,Knicks,NYK,New York,240:00,17.92,30,63,91,397,1,1,277,19,12,37,0.324,22,58,0.379,0.354,16,29,0.552
0022000124,1610612764,Wizards,WAS,Washington,240:00,18.34,21,58,75,375,3,2,250,22,26,43,0.605,15,45,0.333,0.466,16,24,0.667
0022000124,1610612738,Celtics,BOS,Boston,240:00,17.97,25,54,79,439,4,3,306,21,12,34,0.353,29,52,0.558,0.477,18,31,0.581
0022000127,1610612753,Magic,ORL,Orlando,240:00,17.77,31,49,78,362,1,1,244,17,12,31,0.387,22,58,0.379,0.382,23,34,0.676
0022000127,1610612745,Rockets,HOU,Houston,240:00,16.78,11,65,74,409,5,2,292,34,17,31,0.548,34,60,0.567,0.56,14,22,0.636
0022000123,1610612756,Suns,PHX,Phoenix,265:00,19.71,25,64,87,464,3,2,332,24,13,20,0.65,28,70,0.4,0.451,18,31,0.581
0022000123,1610612765,Pistons,DET,Detroit,265:00,19.67,24,54,75,420,3,3,291,23,20,45,0.444,17,45,0.378,0.411,13,16,0.813
0022000129,1610612762,Jazz,UTA,Utah,240:00,18.33,29,63,90,412,4,2,284,31,13,29,0.448,36,68,0.529,0.505,19,29,0.655
0022000129,1610612749,Bucks,MIL,Milwaukee,240:00,18.05,21,59,79,360,1,3,233,18,19,38,0.5,25,60,0.417,0.449,11,20,0.55
0022000132,1610612761,Raptors,TOR,Toronto,240:00,18.71,29,43,66,403,3,4,279,30,20,37,0.541,33,54,0.611,0.582,19,25,0.76
0022000132,1610612758,Kings,SAC,Sacramento,240:00,18.54,14,47,60,421,5,4,307,36,21,33,0.636,25,48,0.521,0.568,25,41,0.61
0022000128,1610612751,Nets,BKN,Brooklyn,240:00,17.73,13,62,74,415,3,2,292,26,21,36,0.583,17,45,0.378,0.469,14,26,0.538
0022000128,1610612763,Grizzlies,MEM,Memphis,240:00,18.53,21,53,73,430,0,2,303,29,18,35,0.514,27,63,0.429,0.459,10,21,0.476
0022000126,1610612766,Hornets,CHA,Charlotte,240:00,18.17,32,52,79,456,6,2,334,33,11,21,0.524,30,66,0.455,0.471,16,24,0.667
0022000126,1610612740,Pelicans,NOP,New Orleans,240:00,18.14,15,48,63,452,2,5,336,29,20,34,0.588,18,43,0.419,0.494,17,24,0.708
0022000133,1610612743,Nuggets,DEN,Denver,240:00,18.03,25,62,86,445,5,3,324,28,20,37,0.541,25,53,0.472,0.5,14,19,0.737
0022000133,1610612755,76ers,PHI,Philadelphia,240:00,18.33,42,49,90,425,0,2,293,23,23,47,0.489,20,56,0.357,0.417,21,31,0.677
0022000135,1610612756,Suns,PHX,Phoenix,240:00,17.99,19,47,64,432,7,1,317,33,14,28,0.5,32,66,0.485,0.489,23,40,0.575
0022000135,1610612754,Pacers,IND,Indiana,240:00,18.49,31,64,92,386,5,3,267,23,20,45,0.444,24,47,0.511,0.478,16,24,0.667
0022000137,1610612739,Cavaliers,CLE,Cleveland,240:00,17.41,25,54,78,398,5,0,277,16,19,41,0.463,17,45,0.378,0.414,12,20,0.6
0022000137,1610612749,Bucks,MIL,Milwaukee,240:00,17.59,19,58,74,422,3,3,295,25,13,25,0.52,24,59,0.407,0.44,13,24,0.542
0022000139,1610612753,Magic,ORL,Orlando,240:00,17.86,24,44,67,404,3,2,283,17,18,38,0.474,20,51,0.392,0.427,13,22,0.591
0022000139,1610612742,Mavericks,DAL,Dallas,240:00,17.84,14,65,78,384,4,2,270,25,14,32,0.438,25,47,0.532,0.494,14,22,0.636
0022000140,1610612757,Trail Blazers,POR,Portland,240:00,18.47,32,58,85,396,3,1,268,26,11,38,0.289,33,62,0.532,0.44,13,22,0.591
0022000140,1610612758,Kings,SAC,Sacramento,240:00,18.96,15,61,74,425,0,5,299,21,14,28,0.5,19,53,0.358,0.407,15,30,0.5
0022000138,1610612759,Spurs,SAS,San Antonio,265:00,19.59,26,47,70,421,4,2,288,22,19,40,0.475,25,61,0.41,0.436,19,30,0.633
0022000138,1610612750,Timberwolves,MIN,Minnesota,265:00,19.53,18,67,83,452,2,2,322,29,21,40,0.525,27,56,0.482,0.5,15,25,0.6
0022000134,1610612737,Hawks,ATL,Atlanta,240:00,17.86,37,48,81,454,4,4,330,25,11,26,0.423,23,65,0.354,0.382,18,23,0.783
0022000134,1610612766,Hornets,CHA,Charlotte,240:00,18.55,15,76,89,449,5,4,334,27,13,26,0.5,27,51,0.529,0.519,18,25,0.72
0022000136,1610612748,Heat,MIA,Miami,240:00,19.38,27,69,92,446,2,1,313,32,25,41,0.61,21,52,0.404,0.495,15,25,0.6
0022000136,1610612764,Wizards,WAS,Washington,240:00,19.29,20,58,75,446,3,3,323,25,25,48,0.521,19,51,0.373,0.444,19,23,0.826
0022000148,1610612761,Raptors,TOR,Toronto,240:00,18.3,28,71,97,417,3,1,292,20,17,42,0.405,22,54,0.407,0.406,18,32,0.563
0022000148,1610612744,Warriors,GSW,Golden State,240:00,18.38,33,69,99,456,5,2,327,30,15,36,0.417,23,57,0.404,0.409,20,41,0.488
0022000144,1610612743,Nuggets,DEN,Denver,240:00,17.45,22,48,66,394,2,1,281,23,20,33,0.606,25,51,0.49,0.536,11,19,0.579
0022000144,1610612752,Knicks,NYK,New York,240:00,17.63,17,40,56,416,0,3,303,19,16,34,0.471,16,40,0.4,0.432,19,26,0.731
0022000143,1610612760,Thunder,OKC,Oklahoma City,240:00,18.21,12,46,55,368,0,1,250,24,20,32,0.625,29,58,0.5,0.544,23,31,0.742
0022000143,1610612751,Nets,BKN,Brooklyn,240:00,17.73,14,46,59,423,5,1,303,23,22,36,0.611,21,49,0.429,0.506,21,27,0.778
0022000142,1610612741,Bulls,CHI,Chicago,240:00,17.96,14,57,68,382,1,2,267,30,12,26,0.462,35,51,0.686,0.61,15,25,0.6
0022000142,1610612746,Clippers,LAC,LA,240:00,17.67,26,39,64,404,3,3,281,28,16,32,0.5,29,60,0.483,0.489,10,14,0.714
0022000146,1610612747,Lakers,LAL,Los Angeles,240:00,17.03,28,61,84,397,1,4,268,28,17,33,0.515,29,58,0.5,0.505,20,35,0.571
0022000146,1610612745,Rockets,HOU,Houston,240:00,17.09,29,61,90,422,3,1,287,22,16,35,0.457,21,55,0.382,0.411,22,34,0.647
0022000141,1610612762,Jazz,UTA,Utah,240:00,17.54,31,66,95,399,2,1,276,17,16,33,0.485,19,49,0.388,0.427,14,23,0.609
0022000141,1610612765,Pistons,DET,Detroit,240:00,17.68,26,57,80,420,3,1,307,21,13,29,0.448,16,58,0.276,0.333,13,21,0.619
0022000147,1610612759,Spurs,SAS,San Antonio,240:00,17.69,24,54,75,369,3,1,250,21,18,41,0.439,18,53,0.34,0.383,18,34,0.529
0022000147,1610612750,Timberwolves,MIN,Minnesota,240:00,17.68,20,73,91,377,0,4,266,19,15,37,0.405,19,44,0.432,0.42,16,27,0.593
0022000151,1610612749,Bucks,MIL,Milwaukee,240:00,17.76,31,55,85,377,7,1,256,25,17,27,0.63,29,64,0.453,0.505,14,27,0.519
0022000151,1610612753,Magic,ORL,Orlando,240:00,18.05,31,54,84,390,0,1,262,24,14,37,0.378,25,54,0.463,0.429,18,22,0.818
0022000150,1610612763,Grizzlies,MEM,Memphis,240:00,18.22,21,63,81,405,5,2,287,32,22,38,0.579,18,40,0.45,0.513,13,25,0.52
0022000150,1610612739,Cavaliers,CLE,Cleveland,240:00,17.63,18,47,62,428,5,1,304,20,21,44,0.477,16,38,0.421,0.451,19,30,0.633
0022000155,1610612761,Raptors,TOR,Toronto,240:00,17.69,21,58,77,410,3,2,293,27,12,22,0.545,28,66,0.424,0.449,14,20,0.7
0022000155,1610612757,Trail Blazers,POR,Portland,240:00,17.01,19,59,77,355,4,1,239,18,17,32,0.531,21,51,0.412,0.458,15,22,0.682
0022000153,1610612755,76ers,PHI,Philadelphia,240:00,18.32,18,63,79,420,2,1,306,20,14,28,0.5,23,64,0.359,0.402,11,29,0.379
0022000153,1610612737,Hawks,ATL,Atlanta,240:00,18.25,35,67,100,430,4,4,304,20,12,38,0.316,25,61,0.41,0.374,13,22,0.591
0022000156,1610612754,Pacers,IND,Indiana,240:00,19.03,25,47,71,426,4,1,296,26,25,43,0.581,22,54,0.407,0.485,18,24,0.75
0022000156,1610612758,Kings,SAC,Sacramento,240:00,18.86,18,58,75,437,4,1,309,29,22,34,0.647,25,50,0.5,0.56,29,45,0.644
0022000149,1610612752,Knicks,NYK,New York,240:00,17.75,32,52,82,470,6,3,349,20,15,32,0.469,19,55,0.345,0.391,15,21,0.714
0022000149,1610612766,Hornets,CHA,Charlotte,240:00,17.98,13,51,62,415,2,2,308,28,15,28,0.536,23,50,0.46,0.487,21,31,0.677
0022000152,1610612756,Suns,PHX,Phoenix,240:00,18.1,24,51,68,363,0,3,251,21,14,26,0.538,25,61,0.41,0.448,12,16,0.75
0022000152,1610612764,Wizards,WAS,Washington,240:00,18.54,25,53,73,420,4,7,299,29,21,38,0.553,27,54,0.5,0.522,11,16,0.688
0022000157,1610612748,Heat,MIA,Miami,265:00,20.55,29,58,85,425,1,3,288,27,22,45,0.489,26,59,0.441,0.462,12,16,0.75
0022000157,1610612755,76ers,PHI,Philadelphia,265:00,19.87,28,60,87,494,3,1,358,32,17,34,0.5,33,68,0.485,0.49,18,25,0.72
0022000163,1610612754,Pacers,IND,Indiana,240:00,18.67,30,68,95,441,2,4,315,26,25,48,0.521,14,40,0.35,0.443,8,18,0.444
0022000163,1610612744,Warriors,GSW,Golden State,240:00,18.36,25,60,81,435,4,2,306,25,11,27,0.407,23,61,0.377,0.382,26,40,0.65
0022000158,1610612743,Nuggets,DEN,Denver,240:00,17.92,25,34,56,427,2,1,308,28,15,28,0.536,29,60,0.483,0.5,19,25,0.76
0022000158,1610612751,Nets,BKN,Brooklyn,240:00,17.42,22,52,70,400,5,1,279,31,20,32,0.625,28,47,0.596,0.608,9,20,0.45
0022000159,1610612762,Jazz,UTA,Utah,240:00,17.81,22,68,89,410,4,0,293,26,12,24,0.5,30,60,0.5,0.5,17,28,0.607
0022000159,1610612739,Cavaliers,CLE,Cleveland,240:00,17.67,23,47,68,420,4,0,303,23,17,38,0.447,18,52,0.346,0.389,8,18,0.444
0022000161,1610612747,Lakers,LAL,Los Angeles,240:00,17.11,28,67,93,399,2,2,271,26,15,27,0.556,27,57,0.474,0.5,23,38,0.605
0022000161,1610612745,Rockets,HOU,Houston,240:00,17.13,31,50,75,404,3,0,275,23,16,36,0.444,22,61,0.361,0.392,15,25,0.6
0022000162,1610612759,Spurs,SAS,San Antonio,240:00,18.6,15,54,66,409,1,1,286,26,11,29,0.379,30,66,0.455,0.432,19,38,0.5
0022000162,1610612760,Thunder,OKC,Oklahoma City,240:00,18.4,16,63,78,364,2,1,245,18,18,38,0.474,18,45,0.4,0.434,12,23,0.522
0022000168,1610612751,Nets,BKN,Brooklyn,240:00,16.8,27,54,79,417,3,2,301,29,17,30,0.567,27,61,0.443,0.484,10,19,0.526
0022000168,1610612752,Knicks,NYK,New York,240:00,17.5,23,50,71,371,0,0,255,22,19,35,0.543,25,57,0.439,0.478,15,22,0.682
0022000172,1610612740,Pelicans,NOP,New Orleans,240:00,18.24,24,50,71,391,1,2,277,18,17,40,0.425,25,48,0.521,0.477,7,9,0.778
0022000172,1610612746,Clippers,LAC,LA,240:00,17.39,16,61,75,387,5,7,283,26,10,19,0.526,25,55,0.455,0.473,17,22,0.773
0022000165,1610612749,Bucks,MIL,Milwaukee,240:00,18.06,19,66,83,382,4,1,262,31,12,25,0.48,29,60,0.483,0.482,16,33,0.485
0022000165,1610612765,Pistons,DET,Detroit,240:00,18.54,37,55,89,424,0,3,293,25,15,42,0.357,21,50,0.42,0.391,13,18,0.722
0022000173,1610612757,Trail Blazers,POR,Portland,240:00,17.53,30,41,68,361,4,3,244,28,14,33,0.424,30,57,0.526,0.489,12,18,0.667
0022000173,1610612758,Kings,SAC,Sacramento,240:00,18.21,19,54,69,408,7,5,289,35,12,27,0.444,32,57,0.561,0.524,14,26,0.538
0022000164,1610612742,Mavericks,DAL,Dallas,240:00,17.51,26,68,90,401,4,2,277,22,9,24,0.375,31,72,0.431,0.417,15,27,0.556
0022000164,1610612766,Hornets,CHA,Charlotte,240:00,18.2,37,58,91,421,1,2,295,26,18,37,0.486,20,63,0.317,0.38,17,26,0.654
0022000169,1610612763,Grizzlies,MEM,Memphis,240:00,18.48,29,57,83,427,6,0,299,33,24,51,0.471,26,55,0.473,0.472,18,26,0.692
0022000169,1610612750,Timberwolves,MIN,Minnesota,240:00,18.14,33,60,92,437,4,3,311,27,15,36,0.417,24,54,0.444,0.433,26,36,0.722
0022000170,1610612747,Lakers,LAL,Los Angeles,240:00,16.95,26,60,84,407,4,1,284,26,18,32,0.563,29,63,0.46,0.495,18,31,0.581
0022000170,1610612760,Thunder,OKC,Oklahoma City,240:00,17.49,22,54,72,365,0,1,244,23,18,39,0.462,19,47,0.404,0.43,17,28,0.607
0022000174,1610612748,Heat,MIA,Miami,240:00,18.92,21,45,65,393,4,5,265,28,23,39,0.59,17,42,0.405,0.494,14,19,0.737
0022000174,1610612755,76ers,PHI,Philadelphia,240:00,18.31,13,40,51,435,3,4,314,27,10,21,0.476,34,61,0.557,0.537,20,26,0.769
0022000176,1610612745,Rockets,HOU,Houston,240:00,17.53,29,51,78,427,1,1,298,25,22,41,0.537,20,45,0.444,0.488,20,33,0.606
0022000176,1610612759,Spurs,SAS,San Antonio,240:00,17.91,21,57,73,382,2,1,263,26,25,46,0.543,17,46,0.37,0.457,22,35,0.629
0022000178,1610612754,Pacers,IND,Indiana,240:00,18.02,25,57,82,411,5,2,284,29,23,42,0.548,21,50,0.42,0.478,11,21,0.524
0022000178,1610612757,Trail Blazers,POR,Portland,240:00,17.39,24,56,78,344,4,0,221,16,11,35,0.314,21,52,0.404,0.368,29,45,0.644
0022000177,1610612744,Warriors,GSW,Golden State,240:00,17.96,14,61,72,409,3,3,288,29,11,30,0.367,27,51,0.529,0.469,19,34,0.559
0022000177,1610612743,Nuggets,DEN,Denver,240:00,18.13,23,54,73,469,5,4,345,29,22,39,0.564,19,51,0.373,0.456,16,32,0.5
0022000175,1610612766,Hornets,CHA,Charlotte,240:00,18.32,30,46,75,423,3,4,302,32,19,40,0.475,23,47,0.489,0.483,14,22,0.636
0022000175,1610612761,Raptors,TOR,Toronto,240:00,17.81,29,53,80,465,6,3,346,33,16,30,0.533,24,58,0.414,0.455,19,30,0.633
0022000187,1610612740,Pelicans,NOP,New Orleans,240:00,18.31,21,64,84,361,2,0,237,22,20,40,0.5,21,46,0.457,0.477,14,24,0.583
0022000187,1610612747,Lakers,LAL,Los Angeles,240:00,17.17,32,49,76,429,5,2,307,31,15,30,0.5,24,63,0.381,0.419,17,26,0.654
0022000180,1610612753,Magic,ORL,Orlando,240:00,17.93,33,46,79,380,2,1,253,14,17,37,0.459,21,57,0.368,0.404,19,25,0.76
0022000180,1610612738,Celtics,BOS,Boston,240:00,17.85,15,61,72,420,1,3,308,25,18,30,0.6,27,58,0.466,0.511,15,22,0.682
0022000181,1610612752,Knicks,NYK,New York,240:00,17.85,22,54,71,398,6,2,284,20,18,26,0.692,22,56,0.393,0.488,23,40,0.575
0022000181,1610612739,Cavaliers,CLE,Cleveland,240:00,17.44,35,49,80,391,4,2,278,26,18,36,0.5,18,43,0.419,0.456,19,27,0.704
0022000186,1610612737,Hawks,ATL,Atlanta,240:00,18.33,25,60,82,442,2,1,316,21,23,48,0.479,15,44,0.341,0.413,16,28,0.571
0022000186,1610612762,Jazz,UTA,Utah,240:00,18.57,24,72,95,415,4,2,290,27,17,34,0.5,26,58,0.448,0.467,13,22,0.591
0022000182,1610612742,Mavericks,DAL,Dallas,240:00,17.67,23,64,82,374,1,2,256,22,16,38,0.421,29,59,0.492,0.464,14,25,0.56
0022000182,1610612749,Bucks,MIL,Milwaukee,240:00,17.43,33,62,91,381,2,4,256,22,16,33,0.485,27,63,0.429,0.448,16,31,0.516
0022000188,1610612746,Clippers,LAC,LA,240:00,17.63,23,52,73,388,6,4,274,29,13,25,0.52,39,64,0.609,0.584,15,23,0.652
0022000188,1610612758,Kings,SAC,Sacramento,240:00,18.19,16,37,51,430,2,2,310,23,18,36,0.5,22,49,0.449,0.471,17,27,0.63
0022000184,1610612741,Bulls,CHI,Chicago,265:00,20.21,22,82,99,419,4,2,281,27,11,23,0.478,32,68,0.471,0.473,20,35,0.571
0022000184,1610612760,Thunder,OKC,Oklahoma City,265:00,20.38,19,54,71,437,1,2,299,26,17,38,0.447,31,67,0.463,0.457,10,17,0.588
0022000189,1610612745,Rockets,HOU,Houston,240:00,18.05,32,63,92,429,3,6,308,20,11,40,0.275,20,44,0.455,0.369,18,33,0.545
0022000189,1610612759,Spurs,SAS,San Antonio,240:00,17.99,33,64,93,365,2,2,233,19,19,45,0.422,21,55,0.382,0.4,16,40,0.4
0022000190,1610612753,Magic,ORL,Orlando,240:00,17.96,26,44,69,408,1,3,284,28,16,27,0.593,28,68,0.412,0.463,14,22,0.636
0022000190,1610612751,Nets,BKN,Brooklyn,240:00,16.98,16,55,69,389,2,2,272,24,15,24,0.625,27,54,0.5,0.538,9,12,0.75
0022000192,1610612765,Pistons,DET,Detroit,240:00,18.02,24,41,63,455,3,3,333,34,19,35,0.543,27,56,0.482,0.505,11,19,0.579
0022000192,1610612748,Heat,MIA,Miami,240:00,18.07,17,55,71,389,1,1,272,25,10,26,0.385,22,41,0.537,0.478,21,29,0.724
0022000195,1610612737,Hawks,ATL,Atlanta,240:00,18.21,19,72,90,370,2,2,246,24,15,38,0.395,23,49,0.469,0.437,17,34,0.5
0022000195,1610612757,Trail Blazers,POR,Portland,240:00,17.71,40,58,97,394,2,1,263,18,16,41,0.39,24,62,0.387,0.388,20,32,0.625
0022000191,1610612766,Hornets,CHA,Charlotte,240:00,18.81,37,59,94,453,4,4,332,26,15,43,0.349,23,44,0.523,0.437,7,17,0.412
0022000191,1610612761,Raptors,TOR,Toronto,240:00,18.35,29,64,89,480,4,5,357,28,8,19,0.421,28,67,0.418,0.419,17,35,0.486
0022000193,1610612755,76ers,PHI,Philadelphia,240:00,18.53,32,58,87,409,3,2,279,23,18,38,0.474,19,46,0.413,0.44,15,30,0.5
0022000193,1610612763,Grizzlies,MEM,Memphis,240:00,18.66,29,48,73,433,1,4,308,27,17,44,0.386,26,54,0.481,0.434,10,20,0.5
0022000196,1610612752,Knicks,NYK,New York,240:00,18.06,27,67,87,413,1,2,293,22,16,31,0.516,22,49,0.449,0.475,12,21,0.571
0022000196,1610612738,Celtics,BOS,Boston,240:00,17.42,33,54,85,409,2,4,284,15,9,21,0.429,16,63,0.254,0.298,16,23,0.696
0022000202,1610612754,Pacers,IND,Indiana,240:00,18.49,21,45,64,403,3,1,277,28,16,37,0.432,21,52,0.404,0.416,24,28,0.857
0022000202,1610612746,Clippers,LAC,LA,240:00,17.74,17,70,83,407,9,3,282,27,27,36,0.75,21,51,0.412,0.552,19,32,0.594
0022000198,1610612741,Bulls,CHI,Chicago,240:00,18.96,19,64,78,409,5,6,283,32,22,41,0.537,21,44,0.477,0.506,20,32,0.625
0022000198,1610612742,Mavericks,DAL,Dallas,240:00,19.01,23,47,66,402,1,3,272,18,20,41,0.488,21,52,0.404,0.441,16,21,0.762
0022000201,1610612740,Pelicans,NOP,New Orleans,240:00,18.74,26,50,74,369,0,3,245,24,23,43,0.535,22,42,0.524,0.529,19,22,0.864
0022000201,1610612758,Kings,SAC,Sacramento,240:00,18.54,20,42,60,412,2,2,294,23,22,36,0.611,25,55,0.455,0.516,25,42,0.595
0022000200,1610612762,Jazz,UTA,Utah,240:00,17.16,20,59,77,382,3,3,269,24,12,23,0.522,27,53,0.509,0.513,13,29,0.448
0022000200,1610612743,Nuggets,DEN,Denver,240:00,17.36,44,46,85,436,3,1,304,25,13,35,0.371,27,65,0.415,0.4,12,20,0.6
0022000212,1610612744,Warriors,GSW,Golden State,240:00,18.08,16,50,63,414,5,1,299,31,22,40,0.55,22,47,0.468,0.506,21,25,0.84
0022000212,1610612747,Lakers,LAL,Los Angeles,240:00,17.14,26,53,76,459,3,0,333,23,19,35,0.543,21,48,0.438,0.482,23,30,0.767
0022000211,1610612745,Rockets,HOU,Houston,240:00,18.06,13,55,68,394,1,3,270,25,21,36,0.583,25,52,0.481,0.523,9,18,0.5
0022000211,1610612741,Bulls,CHI,Chicago,240:00,18.58,23,57,78,411,4,3,284,23,17,36,0.472,26,56,0.464,0.467,24,33,0.727
0022000203,1610612753,Magic,ORL,Orlando,240:00,17.95,27,67,92,390,3,0,269,18,7,30,0.233,22,56,0.393,0.337,19,29,0.655
0022000203,1610612752,Knicks,NYK,New York,240:00,17.93,28,58,86,415,3,3,292,15,16,42,0.381,15,45,0.333,0.356,8,18,0.444
0022000209,1610612749,Bucks,MIL,Milwaukee,240:00,17.98,30,38,67,357,3,2,230,21,15,34,0.441,31,71,0.437,0.438,18,26,0.692
0022000209,1610612751,Nets,BKN,Brooklyn,240:00,17.14,17,67,82,379,0,1,258,26,22,36,0.611,24,48,0.5,0.548,18,30,0.6
0022000206,1610612765,Pistons,DET,Detroit,240:00,17.97,24,31,53,477,1,2,354,24,20,36,0.556,18,46,0.391,0.463,13,19,0.684
0022000206,1610612748,Heat,MIA,Miami,240:00,18.2,20,55,72,379,5,1,260,23,14,26,0.538,29,49,0.592,0.573,18,27,0.667
0022000207,1610612759,Spurs,SAS,San Antonio,240:00,17.64,23,60,81,360,3,2,241,33,10,24,0.417,38,66,0.576,0.533,10,23,0.435
0022000207,1610612757,Trail Blazers,POR,Portland,240:00,17.19,18,40,57,368,3,0,251,20,15,39,0.385,24,51,0.471,0.433,13,17,0.765
0022000205,1610612750,Timberwolves,MIN,Minnesota,240:00,18.14,28,51,76,388,2,3,264,22,17,42,0.405,19,49,0.388,0.396,19,27,0.704
0022000205,1610612737,Hawks,ATL,Atlanta,240:00,17.66,18,79,97,413,3,3,287,32,17,34,0.5,20,45,0.444,0.468,16,28,0.571
0022000208,1610612756,Suns,PHX,Phoenix,240:00,17.97,25,52,77,439,5,1,317,30,16,33,0.485,24,55,0.436,0.455,14,23,0.609
0022000208,1610612763,Grizzlies,MEM,Memphis,240:00,18.39,20,59,75,420,4,0,296,31,17,34,0.5,24,49,0.49,0.494,14,25,0.56
0022000210,1610612742,Mavericks,DAL,Dallas,240:00,17.89,19,52,71,416,5,4,295,21,14,33,0.424,17,49,0.347,0.378,22,36,0.611
0022000210,1610612761,Raptors,TOR,Toronto,240:00,17.82,16,58,73,406,4,1,286,23,22,37,0.595,22,51,0.431,0.5,13,19,0.684
0022000214,1610612740,Pelicans,NOP,New Orleans,240:00,18.22,21,52,71,361,0,0,239,17,16,43,0.372,27,52,0.519,0.453,18,26,0.692
0022000214,1610612762,Jazz,UTA,Utah,240:00,17.8,23,62,82,429,9,3,316,28,14,24,0.583,29,61,0.475,0.506,23,35,0.657
0022000213,1610612760,Thunder,OKC,Oklahoma City,240:00,18.01,11,57,68,418,1,0,292,22,12,26,0.462,24,60,0.4,0.419,25,41,0.61
0022000213,1610612743,Nuggets,DEN,Denver,240:00,17.83,36,50,84,428,6,1,296,29,20,40,0.5,25,62,0.403,0.438,15,23,0.652
0022000218,1610612738,Celtics,BOS,Boston,240:00,17.97,20,47,63,406,2,1,284,22,19,35,0.543,23,54,0.426,0.472,14,23,0.609
0022000218,1610612755,76ers,PHI,Philadelphia,240:00,17.52,21,50,69,416,2,3,300,20,18,33,0.545,18,45,0.4,0.462,14,20,0.7
0022000223,1610612759,Spurs,SAS,San Antonio,240:00,18.62,27,51,75,403,2,0,280,17,16,35,0.457,19,59,0.322,0.372,20,29,0.69
0022000223,1610612744,Warriors,GSW,Golden State,240:00,18.2,22,74,93,436,5,1,313,31,16,31,0.516,30,60,0.5,0.505,17,27,0.63
0022000224,1610612758,Kings,SAC,Sacramento,240:00,18.52,20,61,80,405,5,1,286,25,19,43,0.442,20,43,0.465,0.453,14,22,0.636
0022000224,1610612746,Clippers,LAC,LA,240:00,17.84,21,62,78,425,5,2,303,24,14,28,0.5,27,58,0.466,0.477,12,21,0.571
0022000216,1610612751,Nets,BKN,Brooklyn,290:00,20.03,28,62,88,458,3,1,313,30,18,40,0.45,30,66,0.455,0.453,19,34,0.559
0022000216,1610612739,Cavaliers,CLE,Cleveland,290:00,21.19,25,67,91,477,5,3,331,29,20,50,0.4,36,59,0.61,0.514,19,34,0.559
0022000222,1610612756,Suns,PHX,Phoenix,240:00,18.39,19,60,78,405,5,3,281,25,19,32,0.594,23,57,0.404,0.472,20,31,0.645
0022000222,1610612745,Rockets,HOU,Houston,240:00,17.91,23,50,73,394,1,3,271,17,18,36,0.5,19,52,0.365,0.42,20,25,0.8
0022000217,1610612742,Mavericks,DAL,Dallas,240:00,18.09,17,64,80,394,10,3,268,32,26,51,0.51,25,46,0.543,0.526,17,33,0.515
0022000217,1610612754,Pacers,IND,Indiana,240:00,18.77,19,57,75,420,2,4,302,21,15,33,0.455,26,59,0.441,0.446,28,48,0.583
0022000219,1610612765,Pistons,DET,Detroit,265:00,19.76,28,58,80,411,0,2,283,22,20,39,0.513,24,58,0.414,0.454,23,44,0.523
0022000219,1610612737,Hawks,ATL,Atlanta,265:00,19.61,35,60,95,424,2,3,286,21,26,61,0.426,18,39,0.462,0.44,19,31,0.613
0022000221,1610612753,Magic,ORL,Orlando,240:00,17.81,39,66,102,410,3,6,283,26,11,37,0.297,25,55,0.455,0.391,12,24,0.5
0022000221,1610612750,Timberwolves,MIN,Minnesota,240:00,17.88,31,67,96,427,2,2,311,25,11,34,0.324,25,51,0.49,0.424,9,20,0.45
0022000220,1610612748,Heat,MIA,Miami,240:00,18.23,20,68,87,412,3,1,291,29,16,29,0.552,23,51,0.451,0.488,11,21,0.524
0022000220,1610612761,Raptors,TOR,Toronto,240:00,17.8,23,50,72,461,6,1,341,27,10,27,0.37,25,61,0.41,0.398,17,24,0.708
0022000228,1610612752,Knicks,NYK,New York,240:00,9.85,16,29,39,234,1,2,172,24,5,14,0.357,12,23,0.522,0.463,9,14,0.643
0022000228,1610612744,Warriors,GSW,Golden State,240:00,9.53,9,33,39,223,4,4,164,27,10,18,0.556,8,22,0.364,0.384,5,12,0.417
0022000227,1610612740,Pelicans,NOP,New Orleans,240:00,15.34,22,33,54,355,2,2,246,27,16,35,0.457,22,41,0.537,0.494,13,18,0.722
0022000227,1610612762,Jazz,UTA,Utah,240:00,15.23,15,48,60,356,3,1,251,27,14,22,0.636,26,52,0.5,0.5,17,26,0.654
0022000226,1610612747,Lakers,LAL,Los Angeles,240:00,17.03,16,55,70,432,9,2,310,25,8,22,0.364,33,66,0.5,0.466,26,33,0.788
0022000226,1610612749,Bucks,MIL,Milwaukee,240:00,17.41,19,60,77,352,3,2,237,27,20,33,0.606,24,54,0.444,0.506,9,18,0.5
0022000237,1610612742,Mavericks,DAL,Dallas,240:00,17.8,24,55,76,355,2,1,243,23,13,30,0.433,32,63,0.508,0.484,16,27,0.593
0022000237,1610612759,Spurs,SAS,San Antonio,240:00,17.77,20,58,76,358,4,1,237,21,21,41,0.512,20,48,0.417,0.461,15,26,0.577
0022000238,1610612743,Nuggets,DEN,Denver,265:00,9.23,9,28,37,186,3,3,126,32,13,19,0.684,12,27,0.444,0.515,6,8,0.75
0022000238,1610612756,Suns,PHX,Phoenix,265:00,9.25,9,24,32,213,1,2,142,30,7,13,0.538,7,23,0.304,0.5,13,19,0.684
0022000239,1610612760,Thunder,OKC,Oklahoma City,240:00,17.86,15,38,51,379,4,0,264,24,21,36,0.583,20,51,0.392,0.471,18,20,0.9
0022000239,1610612746,Clippers,LAC,LA,240:00,17.13,21,55,75,402,5,1,282,21,22,29,0.759,21,55,0.382,0.512,19,27,0.704
0022000232,1610612751,Nets,BKN,Brooklyn,240:00,0.0,0,0,0,0,0,0,0,23,0,0,0.0,0,0,0.0,0.483,0,0,0.0
0022000232,1610612739,Cavaliers,CLE,Cleveland,240:00,0.0,0,0,0,0,0,0,0,24,0,0,0.0,0,0,0.0,0.517,0,0,0.0
0022000230,1610612745,Rockets,HOU,Houston,240:00,2.21,7,17,24,26,0,0,4,24,1,4,0.25,12,22,0.545,0.389,0,0,0.0
0022000230,1610612765,Pistons,DET,Detroit,240:00,2.41,10,12,21,22,0,1,6,17,1,5,0.2,8,20,0.4,0.378,0,0,0.0
0022000231,1610612753,Magic,ORL,Orlando,265:00,19.58,23,53,73,432,3,5,300,29,17,40,0.425,26,54,0.481,0.457,23,36,0.639
0022000231,1610612754,Pacers,IND,Indiana,265:00,20.29,20,56,72,443,5,1,326,28,19,38,0.5,27,55,0.491,0.495,16,21,0.762
0022000241,1610612752,Knicks,NYK,New York,240:00,18.5,35,57,89,407,6,0,279,19,26,54,0.481,10,40,0.25,0.383,14,25,0.56
0022000241,1610612758,Kings,SAC,Sacramento,240:00,18.01,34,67,95,402,2,4,281,21,15,39,0.385,23,52,0.442,0.418,21,38,0.553
0022000236,1610612737,Hawks,ATL,Atlanta,240:00,17.69,26,73,95,388,2,5,262,21,12,33,0.364,26,50,0.52,0.458,24,40,0.6
0022000236,1610612750,Timberwolves,MIN,Minnesota,240:00,18.02,25,52,75,419,7,0,297,30,17,38,0.447,23,55,0.418,0.43,17,25,0.68
0022000229,1610612741,Bulls,CHI,Chicago,240:00,18.28,25,52,74,438,6,1,314,33,22,34,0.647,27,61,0.443,0.51,16,24,0.667
0022000229,1610612766,Hornets,CHA,Charlotte,240:00,18.29,28,53,78,419,1,5,296,22,18,31,0.581,24,54,0.444,0.494,24,32,0.75
0022000234,1610612748,Heat,MIA,Miami,240:00,17.8,16,47,60,381,3,1,270,19,18,32,0.563,15,45,0.333,0.429,17,26,0.654
0022000234,1610612761,Raptors,TOR,Toronto,240:00,17.74,28,56,81,436,1,2,313,22,17,33,0.515,22,51,0.431,0.464,15,24,0.625
0022000233,1610612738,Celtics,BOS,Boston,240:00,17.58,23,38,60,392,2,1,272,23,19,45,0.422,22,45,0.489,0.456,12,20,0.6
0022000233,1610612755,76ers,PHI,Philadelphia,240:00,17.34,23,55,76,421,1,1,300,23,19,32,0.594,26,49,0.531,0.556,18,24,0.75
0022000245,1610612747,Lakers,LAL,Los Angeles,240:00,17.45,15,59,73,422,2,5,299,20,15,27,0.556,21,52,0.404,0.456,19,31,0.613
0022000245,1610612741,Bulls,CHI,Chicago,240:00,18.66,28,56,81,394,2,5,271,18,13,36,0.361,20,48,0.417,0.393,22,30,0.733
0022000248,1610612743,Nuggets,DEN,Denver,290:00,20.89,28,76,101,464,5,2,318,22,17,38,0.447,23,59,0.39,0.412,11,18,0.611
0022000248,1610612756,Suns,PHX,Phoenix,290:00,20.85,23,71,92,460,5,1,330,26,12,32,0.375,29,70,0.414,0.402,12,26,0.462
0022000244,1610612748,Heat,MIA,Miami,240:00,18.54,19,44,60,422,3,3,300,29,11,22,0.5,31,67,0.463,0.472,10,21,0.476
0022000244,1610612751,Nets,BKN,Brooklyn,240:00,17.56,16,67,82,434,11,3,312,34,18,34,0.529,26,48,0.542,0.53,13,18,0.722
0022000243,1610612755,76ers,PHI,Philadelphia,240:00,18.02,28,62,88,407,5,1,283,14,14,33,0.424,24,50,0.48,0.458,14,28,0.5
0022000243,1610612765,Pistons,DET,Detroit,240:00,18.5,28,49,71,415,3,3,290,25,15,41,0.366,22,45,0.489,0.43,11,21,0.524
0022000242,1610612744,Warriors,GSW,Golden State,240:00,18.25,15,50,65,411,4,2,288,30,16,27,0.593,26,66,0.394,0.452,13,21,0.619
0022000242,1610612762,Jazz,UTA,Utah,240:00,18.1,28,70,94,476,4,3,343,28,18,30,0.6,27,64,0.422,0.479,11,20,0.55
0022000246,1610612740,Pelicans,NOP,New Orleans,240:00,19.23,25,58,81,384,1,3,256,21,21,38,0.553,19,49,0.388,0.46,21,40,0.525
0022000246,1610612750,Timberwolves,MIN,Minnesota,240:00,19.03,36,62,93,460,3,2,322,23,16,38,0.421,23,53,0.434,0.429,18,27,0.667
0022000247,1610612745,Rockets,HOU,Houston,240:00,17.27,23,56,75,401,5,1,279,28,16,31,0.516,31,55,0.564,0.547,17,26,0.654
0022000247,1610612742,Mavericks,DAL,Dallas,240:00,17.75,22,45,63,363,0,4,244,15,14,34,0.412,23,49,0.469,0.446,24,35,0.686
0022000253,1610612764,Wizards,WAS,Washington,240:00,18.62,24,58,82,428,5,2,303,23,12,31,0.387,27,61,0.443,0.424,10,25,0.4
0022000253,1610612759,Spurs,SAS,San Antonio,240:00,18.4,12,57,68,380,3,2,264,27,14,30,0.467,34,65,0.523,0.5,14,26,0.538
0022000250,1610612739,Cavaliers,CLE,Cleveland,240:00,18.14,25,37,61,432,4,3,308,24,15,33,0.455,19,52,0.365,0.4,21,33,0.636
0022000250,1610612738,Celtics,BOS,Boston,240:00,18.79,23,67,86,426,5,3,291,26,22,44,0.5,30,49,0.612,0.559,16,29,0.552
0022000251,1610612760,Thunder,OKC,Oklahoma City,240:00,17.75,21,55,74,379,2,1,262,22,22,39,0.564,20,56,0.357,0.442,13,17,0.765
0022000251,1610612746,Clippers,LAC,LA,240:00,17.45,21,53,70,418,4,0,296,26,14,28,0.5,27,64,0.422,0.446,21,32,0.656
0022000252,1610612766,Hornets,CHA,Charlotte,240:00,18.49,24,54,76,411,2,2,290,28,20,36,0.556,22,52,0.423,0.477,8,17,0.471
0022000252,1610612753,Magic,ORL,Orlando,240:00,18.06,21,51,70,406,1,2,285,27,20,34,0.588,19,53,0.358,0.448,19,30,0.633
0022000256,1610612752,Knicks,NYK,New York,240:00,17.47,27,50,77,394,1,2,276,20,15,37,0.405,24,49,0.49,0.453,13,20,0.65
0022000256,1610612757,Trail Blazers,POR,Portland,240:00,16.86,17,49,64,368,1,2,254,19,14,28,0.5,25,55,0.455,0.47,15,25,0.6
0022000249,1610612761,Raptors,TOR,Toronto,240:00,18.77,29,56,85,413,5,0,289,24,17,39,0.436,20,51,0.392,0.411,15,33,0.455
0022000249,1610612754,Pacers,IND,Indiana,240:00,18.81,34,67,96,419,3,2,296,23,15,38,0.395,20,49,0.408,0.402,17,32,0.531
0022000254,1610612737,Hawks,ATL,Atlanta,240:00,17.87,10,45,54,417,0,1,305,27,9,21,0.429,33,62,0.532,0.506,21,28,0.75
0022000254,1610612749,Bucks,MIL,Milwaukee,240:00,17.83,26,50,72,383,3,2,257,32,20,33,0.606,30,58,0.517,0.549,10,17,0.588
0022000266,1610612750,Timberwolves,MIN,Minnesota,240:00,19.05,37,52,84,449,3,3,318,26,19,49,0.388,20,45,0.444,0.415,17,36,0.472
0022000266,1610612744,Warriors,GSW,Golden State,240:00,18.39,31,72,102,437,1,3,308,21,18,42,0.429,26,47,0.553,0.494,22,41,0.537
0022000262,1610612738,Celtics,BOS,Boston,240:00,0.0,0,0,0,0,0,0,0,28,0,0,0.0,0,0,0.0,0.506,0,0,0.0
0022000262,1610612741,Bulls,CHI,Chicago,240:00,0.0,0,0,0,0,0,0,0,28,0,0,0.0,0,0,0.0,0.466,0,0,0.0
0022000260,1610612748,Heat,MIA,Miami,240:00,17.73,18,56,74,395,2,1,282,20,13,30,0.433,18,54,0.333,0.369,16,28,0.571
0022000260,1610612751,Nets,BKN,Brooklyn,240:00,16.59,24,69,89,406,4,3,293,24,10,30,0.333,24,55,0.436,0.4,13,20,0.65
0022000259,1610612766,Hornets,CHA,Charlotte,240:00,18.74,24,55,75,438,4,2,317,22,23,40,0.575,16,49,0.327,0.438,12,20,0.6
0022000259,1610612753,Magic,ORL,Orlando,240:00,18.05,20,60,76,459,7,3,334,31,17,35,0.486,25,53,0.472,0.477,20,31,0.645
0022000261,1610612747,Lakers,LAL,Los Angeles,240:00,16.96,20,56,74,418,3,3,299,21,16,25,0.64,26,62,0.419,0.483,21,40,0.525
0022000261,1610612739,Cavaliers,CLE,Cleveland,240:00,17.41,34,52,85,376,3,0,250,19,17,43,0.395,23,43,0.535,0.465,20,26,0.769
0022000267,1610612760,Thunder,OKC,Oklahoma City,240:00,17.99,17,57,72,407,8,4,292,25,17,30,0.567,26,54,0.481,0.512,18,24,0.75
0022000267,1610612757,Trail Blazers,POR,Portland,240:00,17.76,37,46,78,385,2,1,256,17,29,46,0.63,17,52,0.327,0.469,16,26,0.615
0022000258,1610612761,Raptors,TOR,Toronto,240:00,18.73,29,52,80,409,1,1,280,24,17,43,0.395,21,50,0.42,0.409,17,27,0.63
0022000258,1610612754,Pacers,IND,Indiana,240:00,18.96,20,68,85,427,3,6,305,26,18,35,0.514,22,43,0.512,0.513,19,37,0.514
0022000265,1610612743,Nuggets,DEN,Denver,240:00,0.0,0,0,0,0,0,0,0,25,0,0,0.0,0,0,0.0,0.506,0,0,0.0
0022000265,1610612742,Mavericks,DAL,Dallas,240:00,0.0,0,0,0,0,0,0,0,26,0,0,0.0,0,0,0.0,0.488,0,0,0.0
0022000257,1610612755,76ers,PHI,Philadelphia,240:00,18.16,37,36,70,387,1,2,268,15,16,38,0.421,24,56,0.429,0.426,11,19,0.579
0022000257,1610612765,Pistons,DET,Detroit,240:00,18.16,24,68,91,400,3,3,284,22,13,27,0.481,22,43,0.512,0.5,15,24,0.625
0022000268,1610612746,Clippers,LAC,LA,240:00,17.38,25,49,74,389,1,4,268,23,18,40,0.45,18,49,0.367,0.404,17,26,0.654
0022000268,1610612737,Hawks,ATL,Atlanta,240:00,17.59,22,53,74,376,2,3,262,20,17,32,0.531,20,48,0.417,0.463,15,28,0.536
0022000269,1610612764,Wizards,WAS,Washington,240:00,18.02,30,57,84,382,2,5,261,19,13,32,0.406,20,52,0.385,0.393,16,27,0.593
0022000269,1610612745,Rockets,HOU,Houston,240:00,17.1,25,65,86,381,0,1,257,16,14,31,0.452,23,57,0.404,0.42,14,21,0.667
0022000270,1610612752,Knicks,NYK,New York,240:00,17.6,20,59,79,365,1,1,252,15,16,36,0.444,20,47,0.426,0.434,16,28,0.571
0022000270,1610612762,Jazz,UTA,Utah,240:00,17.38,31,58,86,437,4,2,315,24,14,31,0.452,23,61,0.377,0.402,10,19,0.526
0022000271,1610612754,Pacers,IND,Indiana,240:00,18.36,25,71,96,468,4,2,350,34,21,36,0.583,24,52,0.462,0.511,16,32,0.5
0022000271,1610612766,Hornets,CHA,Charlotte,240:00,18.51,30,54,84,470,5,2,346,28,14,38,0.368,23,52,0.442,0.411,24,35,0.686
0022000272,1610612765,Pistons,DET,Detroit,240:00,18.51,28,51,76,425,2,6,294,29,15,34,0.441,22,48,0.458,0.451,25,46,0.543
0022000272,1610612739,Cavaliers,CLE,Cleveland,240:00,18.1,18,56,74,379,2,3,253,24,23,47,0.489,24,40,0.6,0.54,19,33,0.576
0022000273,1610612758,Kings,SAC,Sacramento,240:00,18.2,34,56,89,393,5,2,266,30,18,39,0.462,27,53,0.509,0.489,11,20,0.55
0022000273,1610612753,Magic,ORL,Orlando,240:00,18.24,41,59,96,419,7,1,289,25,16,34,0.471,24,62,0.387,0.417,20,35,0.571
0022000275,1610612743,Nuggets,DEN,Denver,240:00,17.43,27,60,85,453,6,0,337,29,21,34,0.618,21,58,0.362,0.457,13,22,0.591
0022000275,1610612748,Heat,MIA,Miami,240:00,17.93,19,63,82,416,1,0,300,24,11,28,0.393,19,52,0.365,0.375,16,21,0.762
0022000277,1610612749,Bucks,MIL,Milwaukee,240:00,18.19,35,64,95,402,1,4,273,30,17,37,0.459,23,56,0.411,0.43,9,15,0.6
0022000277,1610612761,Raptors,TOR,Toronto,240:00,18.29,30,66,93,453,6,1,331,26,12,25,0.48,26,69,0.377,0.404,13,25,0.52
0022000274,1610612751,Nets,BKN,Brooklyn,265:00,18.05,26,49,75,366,1,2,239,29,19,35,0.543,33,63,0.524,0.531,17,29,0.586
0022000274,1610612737,Hawks,ATL,Atlanta,265:00,19.03,27,48,75,445,6,1,311,29,21,44,0.477,24,50,0.48,0.479,29,37,0.784
0022000276,1610612747,Lakers,LAL,Los Angeles,240:00,17.22,25,54,75,379,4,2,263,20,20,35,0.571,21,51,0.412,0.477,14,21,0.667
0022000276,1610612755,76ers,PHI,Philadelphia,240:00,17.37,24,50,71,402,4,1,281,24,18,33,0.545,23,52,0.442,0.482,21,30,0.7
0022000280,1610612738,Celtics,BOS,Boston,240:00,17.65,28,39,65,366,2,2,241,15,19,42,0.452,23,56,0.411,0.429,21,27,0.778
0022000280,1610612759,Spurs,SAS,San Antonio,240:00,17.75,14,62,76,380,3,1,262,22,23,33,0.697,23,49,0.469,0.561,14,28,0.5
0022000281,1610612760,Thunder,OKC,Oklahoma City,240:00,18.07,14,69,81,368,0,2,254,21,13,25,0.52,25,60,0.417,0.447,12,23,0.522
0022000281,1610612756,Suns,PHX,Phoenix,240:00,18.05,28,57,83,440,5,1,316,19,13,33,0.394,23,62,0.371,0.379,6,12,0.5
0022000282,1610612742,Mavericks,DAL,Dallas,240:00,17.17,15,53,67,378,0,0,265,22,18,37,0.486,24,54,0.444,0.462,15,27,0.556
0022000282,1610612762,Jazz,UTA,Utah,240:00,17.56,26,59,85,400,2,7,285,20,17,39,0.436,25,52,0.481,0.462,12,20,0.6
0022000279,1610612764,Wizards,WAS,Washington,240:00,18.14,27,41,65,453,5,2,333,29,17,39,0.436,20,53,0.377,0.402,20,29,0.69
0022000279,1610612740,Pelicans,NOP,New Orleans,240:00,18.42,17,58,75,391,2,2,269,27,18,32,0.563,28,57,0.491,0.517,14,25,0.56
0022000283,1610612750,Timberwolves,MIN,Minnesota,240:00,19.11,24,48,70,424,1,5,298,23,16,33,0.485,21,54,0.389,0.425,20,29,0.69
0022000283,1610612744,Warriors,GSW,Golden State,240:00,18.81,22,60,78,437,3,4,306,32,20,36,0.556,25,49,0.51,0.529,17,31,0.548
0022000286,1610612744,Warriors,GSW,Golden State,240:00,18.57,23,55,76,404,2,0,275,21,19,45,0.422,19,54,0.352,0.384,18,25,0.72
0022000286,1610612756,Suns,PHX,Phoenix,240:00,18.6,22,58,79,477,7,7,356,34,18,33,0.545,23,55,0.418,0.466,16,29,0.552
0022000287,1610612757,Trail Blazers,POR,Portland,240:00,17.2,26,59,83,372,1,1,252,16,16,36,0.444,23,57,0.404,0.419,17,22,0.773
0022000287,1610612745,Rockets,HOU,Houston,240:00,16.84,26,57,82,359,3,0,241,19,17,29,0.586,21,61,0.344,0.422,12,26,0.462
0022000285,1610612746,Clippers,LAC,LA,240:00,17.37,24,58,80,439,4,1,317,22,10,28,0.357,26,59,0.441,0.414,16,24,0.667
0022000285,1610612748,Heat,MIA,Miami,240:00,18.34,20,63,83,378,3,2,257,24,15,39,0.385,25,51,0.49,0.444,11,18,0.611
0022000284,1610612747,Lakers,LAL,Los Angeles,240:00,16.64,26,57,82,385,3,1,270,25,16,36,0.444,20,52,0.385,0.409,16,24,0.667
0022000284,1610612765,Pistons,DET,Detroit,240:00,17.13,19,58,75,436,1,2,322,27,17,34,0.5,23,53,0.434,0.46,18,36,0.5
0022000288,1610612754,Pacers,IND,Indiana,240:00,18.68,18,52,69,434,2,0,311,30,20,34,0.588,22,53,0.415,0.483,14,23,0.609
0022000288,1610612766,Hornets,CHA,Charlotte,240:00,18.92,21,49,68,443,2,2,321,35,18,35,0.514,25,50,0.5,0.506,21,32,0.656
0022000291,1610612739,Cavaliers,CLE,Cleveland,240:00,17.05,36,49,83,389,3,3,271,15,10,38,0.263,19,46,0.413,0.345,17,28,0.607
0022000291,1610612752,Knicks,NYK,New York,240:00,17.84,26,58,83,409,1,1,297,20,18,32,0.563,21,48,0.438,0.488,14,33,0.424
0022000293,1610612749,Bucks,MIL,Milwaukee,240:00,18.35,22,65,84,372,5,3,252,29,25,38,0.658,23,58,0.397,0.5,11,18,0.611
0022000293,1610612740,Pelicans,NOP,New Orleans,240:00,18.56,27,57,83,431,3,3,304,32,17,33,0.515,28,63,0.444,0.469,24,34,0.706
0022000289,1610612746,Clippers,LAC,LA,240:00,17.64,21,63,84,410,1,0,289,25,22,31,0.71,24,63,0.381,0.489,10,18,0.556
0022000289,1610612753,Magic,ORL,Orlando,240:00,17.97,30,57,87,379,2,4,255,20,14,34,0.412,18,55,0.327,0.36,17,22,0.773
0022000295,1610612751,Nets,BKN,Brooklyn,240:00,17.68,23,56,75,390,5,2,270,33,27,43,0.628,30,57,0.526,0.57,17,27,0.63
0022000295,1610612760,Thunder,OKC,Oklahoma City,240:00,18.45,18,44,61,427,2,4,305,23,13,28,0.464,27,58,0.466,0.465,27,37,0.73
0022000292,1610612758,Kings,SAC,Sacramento,240:00,18.27,23,50,70,442,7,3,319,31,19,33,0.576,24,45,0.533,0.551,20,33,0.606
0022000292,1610612761,Raptors,TOR,Toronto,240:00,18.2,33,47,76,408,1,2,283,20,15,34,0.441,27,52,0.519,0.488,17,20,0.85
0022000294,1610612755,76ers,PHI,Philadelphia,240:00,18.12,22,52,72,387,2,1,263,20,12,35,0.343,27,52,0.519,0.448,11,14,0.786
0022000294,1610612750,Timberwolves,MIN,Minnesota,240:00,18.56,19,55,71,415,2,0,299,20,16,35,0.457,19,47,0.404,0.427,13,25,0.52
0022000296,1610612743,Nuggets,DEN,Denver,240:00,17.79,14,43,55,397,2,2,283,25,16,26,0.615,25,52,0.481,0.526,21,28,0.75
0022000296,1610612759,Spurs,SAS,San Antonio,240:00,18.11,19,42,57,394,4,2,281,29,21,38,0.553,23,43,0.535,0.543,11,20,0.55
0022000297,1610612742,Mavericks,DAL,Dallas,240:00,17.62,17,55,70,364,1,2,247,20,14,28,0.5,23,58,0.397,0.43,12,18,0.667
0022000297,1610612762,Jazz,UTA,Utah,240:00,18.0,30,52,78,446,4,2,321,21,15,31,0.484,23,56,0.411,0.437,11,18,0.611
0022000290,1610612737,Hawks,ATL,Atlanta,240:00,17.98,27,70,97,400,0,4,277,16,17,35,0.486,22,52,0.423,0.448,18,31,0.581
0022000290,1610612764,Wizards,WAS,Washington,240:00,17.82,37,56,89,388,0,4,262,13,17,34,0.5,14,51,0.275,0.365,19,28,0.679
0022000298,1610612757,Trail Blazers,POR,Portland,240:00,17.0,18,49,67,303,2,2,196,20,17,34,0.5,28,54,0.519,0.511,13,20,0.65
0022000298,1610612741,Bulls,CHI,Chicago,240:00,17.72,22,47,67,441,9,0,326,31,18,31,0.581,25,54,0.463,0.506,14,21,0.667
0022000299,1610612749,Bucks,MIL,Milwaukee,240:00,18.13,20,56,75,373,3,3,248,22,17,30,0.567,23,52,0.442,0.488,15,25,0.6
0022000299,1610612766,Hornets,CHA,Charlotte,240:00,18.69,23,49,70,448,4,2,326,32,15,31,0.484,29,61,0.475,0.478,14,24,0.583
0022000300,1610612745,Rockets,HOU,Houston,240:00,17.55,22,59,77,408,5,3,289,32,16,30,0.533,29,62,0.468,0.489,14,23,0.609
0022000300,1610612740,Pelicans,NOP,New Orleans,240:00,18.18,30,62,91,397,1,2,266,27,18,38,0.474,23,53,0.434,0.451,17,30,0.567
0022000301,1610612758,Kings,SAC,Sacramento,240:00,17.73,26,51,75,451,4,1,329,22,14,30,0.467,27,55,0.491,0.482,15,24,0.625
0022000301,1610612748,Heat,MIA,Miami,240:00,18.02,21,58,77,369,2,3,258,25,11,24,0.458,25,53,0.472,0.468,13,20,0.65
0022000302,1610612747,Lakers,LAL,Los Angeles,240:00,16.29,30,48,74,433,3,3,318,20,12,25,0.48,25,59,0.424,0.44,22,30,0.733
0022000302,1610612738,Celtics,BOS,Boston,240:00,16.78,20,58,77,380,1,2,263,24,20,31,0.645,20,51,0.392,0.488,12,25,0.48
0022000304,1610612763,Grizzlies,MEM,Memphis,240:00,18.64,25,59,82,416,3,1,295,34,24,34,0.706,27,57,0.474,0.56,19,30,0.633
0022000304,1610612759,Spurs,SAS,San Antonio,240:00,18.25,18,48,63,409,2,5,288,25,18,38,0.474,21,45,0.467,0.47,15,23,0.652
0022000303,1610612756,Suns,PHX,Phoenix,240:00,18.18,25,49,70,421,0,4,299,22,14,34,0.412,23,47,0.489,0.457,17,24,0.708
0022000303,1610612742,Mavericks,DAL,Dallas,240:00,18.19,11,43,53,411,2,3,292,22,15,28,0.536,29,55,0.527,0.53,11,20,0.55
0022000305,1610612765,Pistons,DET,Detroit,240:00,18.25,23,53,75,401,1,4,286,17,12,27,0.444,17,50,0.34,0.377,18,31,0.581
0022000305,1610612744,Warriors,GSW,Golden State,240:00,17.93,16,66,79,453,8,2,339,34,18,36,0.5,28,53,0.528,0.528,12,21,0.571
0022000308,1610612746,Clippers,LAC,LA,240:00,17.27,22,64,82,392,5,3,280,26,14,28,0.5,30,53,0.566,0.543,11,21,0.524
0022000308,1610612752,Knicks,NYK,New York,240:00,18.2,21,45,65,375,5,0,265,21,19,37,0.514,22,48,0.458,0.482,14,21,0.667
0022000306,1610612762,Jazz,UTA,Utah,240:00,17.77,21,41,61,414,7,4,298,28,15,27,0.556,17,48,0.354,0.427,20,29,0.69
0022000306,1610612743,Nuggets,DEN,Denver,240:00,17.98,21,56,75,427,4,2,307,28,22,36,0.611,25,51,0.49,0.54,10,19,0.526
0022000309,1610612753,Magic,ORL,Orlando,240:00,18.77,17,49,66,414,5,3,295,22,16,39,0.41,17,43,0.395,0.402,21,32,0.656
0022000309,1610612761,Raptors,TOR,Toronto,240:00,18.89,25,56,79,463,4,5,339,27,20,39,0.513,21,51,0.412,0.456,11,15,0.733
0022000307,1610612755,76ers,PHI,Philadelphia,240:00,18.16,30,48,76,412,1,3,284,20,23,44,0.523,22,48,0.458,0.489,19,28,0.679
0022000307,1610612754,Pacers,IND,Indiana,240:00,18.71,23,59,78,429,5,0,306,21,20,37,0.541,21,47,0.447,0.488,17,30,0.567
0022000310,1610612751,Nets,BKN,Brooklyn,240:00,18.12,22,70,88,430,11,4,300,33,19,36,0.528,31,52,0.596,0.568,28,40,0.7
0022000310,1610612764,Wizards,WAS,Washington,240:00,18.64,34,39,70,415,3,5,282,24,26,45,0.578,30,63,0.476,0.519,12,18,0.667
0022000311,1610612739,Cavaliers,CLE,Cleveland,240:00,17.64,25,65,87,374,2,2,248,20,29,50,0.58,12,34,0.353,0.488,16,28,0.571
0022000311,1610612750,Timberwolves,MIN,Minnesota,240:00,18.01,18,43,59,444,5,1,328,24,11,29,0.379,30,62,0.484,0.451,25,38,0.658
0022000313,1610612747,Lakers,LAL,Los Angeles,240:00,16.7,9,41,49,412,6,3,299,24,16,25,0.64,24,52,0.462,0.519,20,31,0.645
0022000313,1610612737,Hawks,ATL,Atlanta,240:00,17.29,21,47,67,365,3,2,247,27,15,31,0.484,22,47,0.468,0.474,19,26,0.731
0022000318,1610612745,Rockets,HOU,Houston,240:00,17.44,25,50,75,400,2,1,273,30,18,41,0.439,31,61,0.508,0.48,13,28,0.464
0022000318,1610612760,Thunder,OKC,Oklahoma City,240:00,18.08,17,57,72,412,1,1,289,21,16,36,0.444,23,53,0.434,0.438,17,29,0.586
0022000314,1610612766,Hornets,CHA,Charlotte,265:00,20.16,27,59,85,491,3,2,357,31,14,41,0.341,29,54,0.537,0.453,16,21,0.762
0022000314,1610612748,Heat,MIA,Miami,265:00,20.15,24,60,83,434,0,5,303,28,10,20,0.5,33,71,0.465,0.473,15,35,0.429
0022000316,1610612757,Trail Blazers,POR,Portland,240:00,17.73,34,51,83,376,0,1,245,19,14,36,0.389,25,68,0.368,0.375,22,29,0.759
0022000316,1610612749,Bucks,MIL,Milwaukee,240:00,17.72,27,69,96,382,0,1,264,38,20,32,0.625,33,64,0.516,0.552,16,32,0.5
0022000312,1610612750,Timberwolves,MIN,Minnesota,240:00,17.8,39,53,90,408,3,1,288,20,21,50,0.42,19,52,0.365,0.392,18,33,0.545
0022000312,1610612739,Cavaliers,CLE,Cleveland,240:00,17.44,28,67,95,373,0,5,244,26,21,48,0.438,14,36,0.389,0.417,18,39,0.462
0022000315,1610612752,Knicks,NYK,New York,240:00,18.32,28,53,80,374,0,3,254,21,20,42,0.476,17,45,0.378,0.425,18,26,0.692
0022000315,1610612741,Bulls,CHI,Chicago,240:00,18.47,22,60,80,411,4,4,296,30,18,33,0.545,24,55,0.436,0.477,17,30,0.567
0022000317,1610612758,Kings,SAC,Sacramento,240:00,18.59,28,55,83,459,2,2,326,31,20,33,0.606,22,55,0.4,0.477,26,42,0.619
0022000317,1610612740,Pelicans,NOP,New Orleans,240:00,18.76,28,52,77,387,6,0,259,22,23,52,0.442,17,49,0.347,0.396,17,21,0.81
0022000320,1610612763,Grizzlies,MEM,Memphis,240:00,18.9,27,77,99,420,5,2,295,37,24,43,0.558,28,50,0.56,0.559,13,21,0.619
0022000320,1610612759,Spurs,SAS,San Antonio,240:00,18.56,28,49,74,416,1,2,296,28,17,38,0.447,20,51,0.392,0.416,22,34,0.647
0022000319,1610612756,Suns,PHX,Phoenix,240:00,17.57,21,46,67,393,2,3,262,19,12,23,0.522,29,60,0.483,0.467,15,23,0.652
0022000319,1610612742,Mavericks,DAL,Dallas,240:00,17.43,11,51,60,362,4,2,244,16,13,30,0.433,20,47,0.426,0.43,10,18,0.556
0022000323,1610612761,Raptors,TOR,Toronto,240:00,18.47,15,50,65,417,4,2,299,32,12,25,0.48,28,58,0.483,0.482,10,16,0.625
0022000323,1610612753,Magic,ORL,Orlando,240:00,18.5,22,49,70,442,5,0,312,24,16,31,0.516,25,58,0.431,0.461,18,27,0.667
0022000324,1610612746,Clippers,LAC,LA,240:00,17.28,26,44,68,375,2,1,252,21,18,40,0.45,27,59,0.458,0.455,17,23,0.739
0022000324,1610612751,Nets,BKN,Brooklyn,240:00,16.72,19,66,84,364,5,5,251,25,17,30,0.567,28,49,0.571,0.57,13,21,0.619
0022000322,1610612763,Grizzlies,MEM,Memphis,240:00,19.05,34,45,74,434,3,1,304,27,25,52,0.481,17,41,0.415,0.452,23,29,0.793
0022000322,1610612754,Pacers,IND,Indiana,240:00,19.06,19,55,73,458,3,7,332,30,22,37,0.595,27,45,0.6,0.598,18,27,0.667
0022000559,1610612757,Trail Blazers,POR,Portland,240:00,16.92,25,40,62,398,1,0,272,19,18,34,0.529,26,61,0.426,0.463,24,29,0.828
0022000559,1610612764,Wizards,WAS,Washington,240:00,17.13,13,55,68,374,3,2,262,32,23,28,0.821,23,55,0.418,0.554,14,20,0.7
0022000326,1610612738,Celtics,BOS,Boston,240:00,18.07,30,56,81,409,1,4,286,16,16,34,0.471,23,50,0.46,0.464,17,28,0.607
0022000326,1610612744,Warriors,GSW,Golden State,240:00,17.83,20,57,74,438,6,1,319,30,16,33,0.485,22,50,0.44,0.458,12,19,0.632
0022000325,1610612765,Pistons,DET,Detroit,240:00,18.49,20,57,76,414,3,1,286,18,18,44,0.409,21,49,0.429,0.419,15,23,0.652
0022000325,1610612762,Jazz,UTA,Utah,240:00,18.11,18,60,78,385,3,5,267,23,13,28,0.464,25,54,0.463,0.463,16,28,0.571
