SEASON_ID,TEAM_ID,TEAM_ABBREVIATION,TEAM_NAME,GAME_ID,GAME_DATE,MATCHUP,WL,MIN,FGM,FGA,FG_PCT,FG3M,FG3A,FG3_PCT,FTM,FTA,FT_PCT,OREB,DREB,REB,AST,STL,BLK,TOV,PF,PTS,PLUS_MINUS,VIDEO_AVAILABLE,SEASON_ID_opp,TEAM_ID_opp,TEAM_ABBREVIATION_opp,TEAM_NAME_opp,GAME_DATE_opp,MATCHUP_opp,WL_opp,MIN_opp,FGM_opp,FGA_opp,FG_PCT_opp,FG3M_opp,FG3A_opp,FG3_PCT_opp,FTM_opp,FTA_opp,FT_PCT_opp,OREB_opp,DREB_opp,REB_opp,AST_opp,STL_opp,BLK_opp,TOV_opp,PF_opp,PTS_opp,PLUS_MINUS_opp,VIDEO_AVAILABLE_opp
22020,1610612751,BKN,Brooklyn Nets,0022000001,2020-12-22,BKN vs. GSW,W,240,42,92,0.457,15,35,0.429,26,32,0.813,13,44,57,24,11,7,20,22,125,26,1,22020,1610612744,GSW,Golden State Warriors,2020-12-22,GSW @ BKN,L,240,37,99,0.374,10,33,0.303,15,23,0.652,13,34,47,26,6,6,18,24,99,-26,1
22020,1610612747,LAL,Los Angeles Lakers,0022000002,2020-12-22,LAL vs. LAC,L,240,38,81,0.469,9,29,0.31,24,31,0.774,8,37,45,22,4,2,19,20,109,-7,1,22020,1610612746,LAC,LA Clippers,2020-12-22,LAC @ LAL,W,240,44,93,0.473,14,40,0.35,14,19,0.737,11,29,40,22,10,3,16,29,116,7,1
22020,1610612748,MIA,Miami Heat,0022000012,2020-12-23,MIA @ ORL,L,240,42,83,0.506,7,20,0.35,16,19,0.842,7,36,43,25,11,2,22,21,107,-6,1,22020,1610612753,ORL,Orlando Magic,2020-12-23,ORL vs. MIA,W,240,42,88,0.477,10,28,0.357,19,30,0.633,11,30,41,23,15,3,18,19,113,6,1
22020,1610612755,PHI,Philadelphia 76ers,0022000013,2020-12-23,PHI vs. WAS,W,240,41,87,0.471,8,28,0.286,23,30,0.767,10,37,47,22,11,8,18,25,113,6,1,22020,1610612764,WAS,Washington Wizards,2020-12-23,WAS @ PHI,L,240,39,85,0.459,13,27,0.481,16,23,0.696,5,35,40,28,7,4,20,26,107,-6,1
22020,1610612740,NOP,New Orleans Pelicans,0022000014,2020-12-23,NOP @ TOR,W,240,42,80,0.525,19,42,0.452,10,20,0.5,8,37,45,30,13,7,27,17,113,14,1,22020,1610612761,TOR,Toronto Raptors,2020-12-23,TOR vs. NOP,L,240,38,89,0.427,14,46,0.304,9,12,0.75,7,28,35,26,10,5,21,22,99,-14,1
22020,1610612738,BOS,Boston Celtics,0022000003,2020-12-23,BOS vs. MIL,W,240,48,101,0.475,18,40,0.45,8,11,0.727,10,27,37,23,8,6,7,17,122,1,1,22020,1610612749,MIL,Milwaukee Bucks,2020-12-23,MIL @ BOS,L,240,46,90,0.511,14,35,0.4,15,18,0.833,11,41,52,19,4,6,16,20,121,-1,1
22020,1610612763,MEM,Memphis Grizzlies,0022000017,2020-12-23,MEM vs. SAS,L,240,49,95,0.516,10,27,0.37,11,18,0.611,5,37,42,27,6,8,11,20,119,-12,1,22020,1610612759,SAS,San Antonio Spurs,2020-12-23,SAS @ MEM,W,240,48,95,0.505,10,25,0.4,25,29,0.862,8,40,48,28,8,8,11,18,131,12,1
22020,1610612741,CHI,Chicago Bulls,0022000015,2020-12-23,CHI vs. ATL,L,240,36,87,0.414,8,35,0.229,24,28,0.857,8,29,37,20,10,3,17,22,104,-20,1,22020,1610612737,ATL,Atlanta Hawks,2020-12-23,ATL @ CHI,W,240,43,80,0.538,14,35,0.4,24,29,0.828,8,38,46,24,6,3,23,29,124,20,1
22020,1610612765,DET,Detroit Pistons,0022000018,2020-12-23,DET @ MIN,L,240,45,93,0.484,8,35,0.229,3,8,0.375,7,37,44,29,5,2,15,20,101,-10,1,22020,1610612750,MIN,Minnesota Timberwolves,2020-12-23,MIN vs. DET,W,240,38,88,0.432,11,41,0.268,24,28,0.857,12,36,48,25,6,5,12,16,111,10,1
22020,1610612743,DEN,Denver Nuggets,0022000019,2020-12-23,DEN vs. SAC,L,265,47,98,0.48,8,29,0.276,20,24,0.833,10,36,46,28,6,11,15,25,122,-2,1,22020,1610612758,SAC,Sacramento Kings,2020-12-23,SAC @ DEN,W,265,45,102,0.441,10,31,0.323,24,31,0.774,18,36,54,27,5,7,15,29,124,2,1
22020,1610612762,UTA,Utah Jazz,0022000020,2020-12-23,UTA @ POR,W,240,43,94,0.457,19,50,0.38,15,19,0.789,12,47,59,24,3,3,11,16,120,20,1,22020,1610612757,POR,Portland Trail Blazers,2020-12-23,POR vs. UTA,L,240,37,92,0.402,12,33,0.364,14,17,0.824,6,34,40,23,6,3,6,18,100,-20,1
22020,1610612756,PHX,Phoenix Suns,0022000004,2020-12-23,PHX vs. DAL,W,240,38,79,0.481,11,30,0.367,19,27,0.704,6,42,48,21,7,7,19,26,106,4,1,22020,1610612742,DAL,Dallas Mavericks,2020-12-23,DAL @ PHX,L,240,36,85,0.424,9,37,0.243,21,26,0.808,6,33,39,17,6,0,12,23,102,-4,1
22020,1610612739,CLE,Cleveland Cavaliers,0022000010,2020-12-23,CLE vs. CHA,W,240,46,87,0.529,14,30,0.467,15,20,0.75,10,40,50,34,12,3,21,22,121,7,1,22020,1610612766,CHA,Charlotte Hornets,2020-12-23,CHA @ CLE,L,240,45,90,0.5,16,44,0.364,8,15,0.533,8,24,32,29,10,4,15,17,114,-7,1
22020,1610612752,NYK,New York Knicks,0022000011,2020-12-23,NYK @ IND,L,240,39,85,0.459,12,28,0.429,17,23,0.739,5,35,40,25,8,8,16,27,107,-14,1,22020,1610612754,IND,Indiana Pacers,2020-12-23,IND vs. NYK,W,240,46,94,0.489,8,34,0.235,21,29,0.724,10,40,50,28,6,9,13,24,121,14,1
22020,1610612748,MIA,Miami Heat,0022000005,2020-12-25,MIA vs. NOP,W,240,38,75,0.507,16,37,0.432,19,23,0.826,4,31,35,29,11,2,17,25,111,13,1,22020,1610612740,NOP,New Orleans Pelicans,2020-12-25,NOP @ MIA,L,240,31,78,0.397,10,35,0.286,26,33,0.788,11,30,41,18,8,2,19,20,98,-13,1
22020,1610612744,GSW,Golden State Warriors,0022000006,2020-12-25,GSW @ MIL,L,240,34,99,0.343,10,45,0.222,21,25,0.84,10,33,43,14,5,6,11,22,99,-39,1,22020,1610612749,MIL,Milwaukee Bucks,2020-12-25,MIL vs. GSW,W,240,50,90,0.556,20,36,0.556,18,26,0.692,11,49,60,25,6,4,18,17,138,39,1
22020,1610612751,BKN,Brooklyn Nets,0022000007,2020-12-25,BKN @ BOS,W,240,41,76,0.539,15,29,0.517,26,31,0.839,9,34,43,21,5,10,16,22,123,28,1,22020,1610612738,BOS,Boston Celtics,2020-12-25,BOS vs. BKN,L,240,37,98,0.378,8,27,0.296,13,19,0.684,20,27,47,23,6,5,15,27,95,-28,1
22020,1610612742,DAL,Dallas Mavericks,0022000008,2020-12-25,DAL @ LAL,L,240,41,83,0.494,13,32,0.406,20,26,0.769,3,24,27,20,13,3,9,22,115,-23,1,22020,1610612747,LAL,Los Angeles Lakers,2020-12-25,LAL vs. DAL,W,240,51,91,0.56,19,39,0.487,17,24,0.708,17,36,53,33,9,4,17,23,138,23,1
22020,1610612743,DEN,Denver Nuggets,0022000009,2020-12-25,DEN vs. LAC,L,240,37,81,0.457,11,36,0.306,23,31,0.742,10,22,32,25,7,1,13,20,108,-13,1,22020,1610612746,LAC,LA Clippers,2020-12-25,LAC @ DEN,W,240,41,74,0.554,19,38,0.5,20,24,0.833,9,29,38,32,9,4,21,32,121,13,1
22020,1610612758,SAC,Sacramento Kings,0022000030,2020-12-26,SAC vs. PHX,W,240,39,86,0.453,5,23,0.217,23,33,0.697,15,41,56,20,4,9,18,22,106,3,1,22020,1610612756,PHX,Phoenix Suns,2020-12-26,PHX @ SAC,L,240,41,98,0.418,11,44,0.25,10,13,0.769,10,30,40,25,8,5,11,23,103,-3,1
22020,1610612737,ATL,Atlanta Hawks,0022000021,2020-12-26,ATL @ MEM,W,240,38,89,0.427,13,36,0.361,33,38,0.868,13,41,54,23,4,5,15,20,122,10,1,22020,1610612763,MEM,Memphis Grizzlies,2020-12-26,MEM vs. ATL,L,240,37,93,0.398,13,43,0.302,25,29,0.862,9,37,46,20,5,6,10,27,112,-10,1
22020,1610612760,OKC,Oklahoma City Thunder,0022000022,2020-12-26,OKC @ CHA,W,240,40,88,0.455,10,36,0.278,19,24,0.792,9,45,54,25,10,7,17,21,109,2,1,22020,1610612766,CHA,Charlotte Hornets,2020-12-26,CHA vs. OKC,L,240,37,93,0.398,13,32,0.406,20,32,0.625,13,34,47,27,11,8,13,22,107,-2,1
22020,1610612753,ORL,Orlando Magic,0022000024,2020-12-26,ORL @ WAS,W,240,48,95,0.505,11,31,0.355,23,29,0.793,11,43,54,25,8,0,14,21,130,10,1,22020,1610612764,WAS,Washington Wizards,2020-12-26,WAS vs. ORL,L,240,46,95,0.484,13,37,0.351,15,28,0.536,7,36,43,28,5,3,14,25,120,-10,1
22020,1610612755,PHI,Philadelphia 76ers,0022000025,2020-12-26,PHI @ NYK,W,240,41,88,0.466,11,31,0.355,16,22,0.727,12,35,47,20,9,6,12,19,109,20,1,22020,1610612752,NYK,New York Knicks,2020-12-26,NYK vs. PHI,L,240,32,83,0.386,8,29,0.276,17,23,0.739,13,30,43,19,6,4,16,23,89,-20,1
22020,1610612765,DET,Detroit Pistons,0022000023,2020-12-26,DET vs. CLE,L,290,40,98,0.408,16,45,0.356,23,32,0.719,10,47,57,24,9,5,24,20,119,-9,1,22020,1610612739,CLE,Cleveland Cavaliers,2020-12-26,CLE @ DET,W,290,48,99,0.485,13,30,0.433,19,30,0.633,7,44,51,29,13,4,19,24,128,9,1
22020,1610612754,IND,Indiana Pacers,0022000026,2020-12-26,IND @ CHI,W,240,52,93,0.559,9,26,0.346,12,19,0.632,9,40,49,34,15,4,16,26,125,19,1,22020,1610612741,CHI,Chicago Bulls,2020-12-26,CHI vs. IND,L,240,34,91,0.374,16,39,0.41,22,25,0.88,13,28,41,23,7,7,20,16,106,-19,1
22020,1610612761,TOR,Toronto Raptors,0022000027,2020-12-26,TOR @ SAS,L,240,44,96,0.458,15,41,0.366,11,15,0.733,10,36,46,32,8,9,12,23,114,-5,1,22020,1610612759,SAS,San Antonio Spurs,2020-12-26,SAS vs. TOR,W,240,47,100,0.47,14,34,0.412,11,16,0.688,14,39,53,36,4,3,16,20,119,5,1
22020,1610612757,POR,Portland Trail Blazers,0022000029,2020-12-26,POR vs. HOU,W,265,47,102,0.461,19,45,0.422,15,23,0.652,11,34,45,27,10,5,14,20,128,2,1,22020,1610612745,HOU,Houston Rockets,2020-12-26,HOU @ POR,L,265,45,87,0.517,11,35,0.314,25,32,0.781,10,32,42,27,5,5,16,22,126,-2,1
22020,1610612750,MIN,Minnesota Timberwolves,0022000028,2020-12-26,MIN @ UTA,W,240,45,101,0.446,13,29,0.448,13,18,0.722,12,28,40,21,9,5,10,28,116,5,1,22020,1610612762,UTA,Utah Jazz,2020-12-26,UTA vs. MIN,L,240,36,94,0.383,10,34,0.294,29,37,0.784,19,38,57,15,5,4,19,20,111,-5,1
22020,1610612766,CHA,Charlotte Hornets,0022000032,2020-12-27,CHA vs. BKN,W,240,43,96,0.448,10,34,0.294,10,17,0.588,13,39,52,35,8,3,15,25,106,2,1,22020,1610612751,BKN,Brooklyn Nets,2020-12-27,BKN @ CHA,L,240,35,82,0.427,17,47,0.362,17,25,0.68,6,40,46,23,4,5,19,17,104,-2,1
22020,1610612764,WAS,Washington Wizards,0022000033,2020-12-27,WAS vs. ORL,L,240,47,97,0.485,8,32,0.25,11,13,0.846,13,34,47,27,6,4,13,26,113,-7,1,22020,1610612753,ORL,Orlando Magic,2020-12-27,ORL @ WAS,W,240,37,85,0.435,9,25,0.36,37,38,0.974,11,34,45,19,6,3,10,14,120,7,1
22020,1610612740,NOP,New Orleans Pelicans,0022000034,2020-12-27,NOP vs. SAS,W,240,36,94,0.383,5,24,0.208,21,29,0.724,13,43,56,15,11,4,8,16,98,3,1,22020,1610612759,SAS,San Antonio Spurs,2020-12-27,SAS @ NOP,L,240,38,89,0.427,11,36,0.306,8,8,1.0,4,43,47,26,5,10,15,23,95,-3,1
22020,1610612749,MIL,Milwaukee Bucks,0022000036,2020-12-27,MIL @ NYK,L,240,41,95,0.432,7,38,0.184,21,29,0.724,17,27,44,24,7,5,11,21,110,-20,1,22020,1610612752,NYK,New York Knicks,2020-12-27,NYK vs. MIL,W,240,46,85,0.541,16,27,0.593,22,27,0.815,8,38,46,27,5,4,16,23,130,20,1
22020,1610612754,IND,Indiana Pacers,0022000037,2020-12-27,IND vs. BOS,W,240,45,88,0.511,7,26,0.269,11,15,0.733,8,29,37,23,11,7,16,20,108,1,1,22020,1610612738,BOS,Boston Celtics,2020-12-27,BOS @ IND,L,240,40,79,0.506,9,23,0.391,18,24,0.75,6,34,40,21,13,7,18,17,107,-1,1
22020,1610612744,GSW,Golden State Warriors,0022000038,2020-12-27,GSW @ CHI,W,240,42,104,0.404,18,47,0.383,27,30,0.9,10,31,41,25,17,4,12,23,129,1,1,22020,1610612741,CHI,Chicago Bulls,2020-12-27,CHI vs. GSW,L,240,44,86,0.512,17,41,0.415,23,31,0.742,7,47,54,27,4,6,24,21,128,-1,1
22020,1610612756,PHX,Phoenix Suns,0022000039,2020-12-27,PHX @ SAC,W,240,46,94,0.489,14,35,0.4,10,11,0.909,8,36,44,34,6,3,9,20,116,16,1,22020,1610612758,SAC,Sacramento Kings,2020-12-27,SAC vs. PHX,L,240,36,76,0.474,10,23,0.435,18,25,0.72,3,36,39,21,5,4,15,23,100,-16,1
22020,1610612750,MIN,Minnesota Timberwolves,0022000040,2020-12-27,MIN @ LAL,L,240,38,103,0.369,6,35,0.171,9,14,0.643,17,31,48,24,11,6,18,24,91,-36,1,22020,1610612747,LAL,Los Angeles Lakers,2020-12-27,LAL vs. MIN,W,240,50,90,0.556,13,35,0.371,14,18,0.778,5,41,46,32,6,14,17,19,127,36,1
22020,1610612755,PHI,Philadelphia 76ers,0022000035,2020-12-27,PHI @ CLE,L,240,33,79,0.418,12,37,0.324,16,22,0.727,8,31,39,24,9,5,22,19,94,-24,1,22020,1610612739,CLE,Cleveland Cavaliers,2020-12-27,CLE vs. PHI,W,240,48,91,0.527,9,23,0.391,13,16,0.813,11,34,45,31,13,6,16,22,118,24,1
22020,1610612746,LAC,LA Clippers,0022000031,2020-12-27,LAC vs. DAL,L,240,26,76,0.342,4,33,0.121,17,20,0.85,5,31,36,13,2,2,14,19,73,-51,1,22020,1610612742,DAL,Dallas Mavericks,2020-12-27,DAL @ LAC,W,240,43,87,0.494,14,41,0.341,24,27,0.889,11,43,54,25,10,2,8,14,124,51,1
22020,1610612765,DET,Detroit Pistons,0022000041,2020-12-28,DET @ ATL,L,240,43,98,0.439,13,41,0.317,21,24,0.875,17,31,48,24,7,4,8,25,120,-8,1,22020,1610612737,ATL,Atlanta Hawks,2020-12-28,ATL vs. DET,W,240,40,82,0.488,20,42,0.476,28,32,0.875,8,37,45,30,5,7,13,22,128,8,1
22020,1610612751,BKN,Brooklyn Nets,0022000042,2020-12-28,BKN vs. MEM,L,265,41,100,0.41,14,42,0.333,15,17,0.882,13,37,50,28,13,6,17,20,111,-5,1,22020,1610612763,MEM,Memphis Grizzlies,2020-12-28,MEM @ BKN,W,265,42,98,0.429,10,29,0.345,22,29,0.759,16,40,56,20,10,4,19,17,116,5,1
22020,1610612762,UTA,Utah Jazz,0022000043,2020-12-28,UTA @ OKC,W,240,43,86,0.5,13,36,0.361,11,14,0.786,8,35,43,24,9,6,17,19,110,1,1,22020,1610612760,OKC,Oklahoma City Thunder,2020-12-28,OKC vs. UTA,L,240,40,86,0.465,15,38,0.395,14,19,0.737,7,30,37,21,9,5,17,16,109,-1,1
22020,1610612743,DEN,Denver Nuggets,0022000044,2020-12-28,DEN vs. HOU,W,240,46,87,0.529,14,31,0.452,18,32,0.563,11,41,52,31,8,7,16,18,124,13,1,22020,1610612745,HOU,Houston Rockets,2020-12-28,HOU @ DEN,L,240,39,86,0.453,16,39,0.41,17,23,0.739,5,33,38,25,8,3,16,25,111,-13,1
22020,1610612747,LAL,Los Angeles Lakers,0022000045,2020-12-28,LAL vs. POR,L,240,41,87,0.471,10,27,0.37,15,18,0.833,6,35,41,20,6,5,15,14,107,-8,1,22020,1610612757,POR,Portland Trail Blazers,2020-12-28,POR @ LAL,W,240,43,92,0.467,16,46,0.348,13,15,0.867,7,38,45,27,9,6,10,16,115,8,1
22020,1610612761,TOR,Toronto Raptors,0022000049,2020-12-29,TOR @ PHI,L,240,32,90,0.356,17,45,0.378,12,14,0.857,10,37,47,21,12,7,20,28,93,-7,1,22020,1610612755,PHI,Philadelphia 76ers,2020-12-29,PHI vs. TOR,W,240,32,84,0.381,8,31,0.258,28,33,0.848,9,45,54,21,10,10,20,15,100,7,1
22020,1610612764,WAS,Washington Wizards,0022000050,2020-12-29,WAS vs. CHI,L,240,37,84,0.44,10,37,0.27,23,26,0.885,8,39,47,25,6,6,21,28,107,-8,1,22020,1610612741,CHI,Chicago Bulls,2020-12-29,CHI @ WAS,W,240,38,87,0.437,15,36,0.417,24,32,0.75,5,32,37,26,7,1,14,23,115,8,1
22020,1610612765,DET,Detroit Pistons,0022000047,2020-12-29,DET vs. GSW,L,240,35,92,0.38,13,35,0.371,23,29,0.793,16,29,45,21,8,6,15,26,106,-10,1,22020,1610612744,GSW,Golden State Warriors,2020-12-29,GSW @ DET,W,240,38,76,0.5,14,33,0.424,26,36,0.722,4,36,40,21,8,8,19,28,116,10,1
22020,1610612748,MIA,Miami Heat,0022000051,2020-12-29,MIA vs. MIL,L,240,37,79,0.468,11,37,0.297,12,18,0.667,3,27,30,23,9,6,22,18,97,-47,1,22020,1610612749,MIL,Milwaukee Bucks,2020-12-29,MIL @ MIA,W,240,51,92,0.554,29,51,0.569,13,15,0.867,10,35,45,32,14,2,17,22,144,47,1
22020,1610612753,ORL,Orlando Magic,0022000052,2020-12-29,ORL @ OKC,W,240,49,96,0.51,7,22,0.318,13,16,0.813,12,34,46,26,12,2,11,23,118,11,1,22020,1610612760,OKC,Oklahoma City Thunder,2020-12-29,OKC vs. ORL,L,240,43,87,0.494,11,34,0.324,10,19,0.526,10,37,47,20,3,7,20,18,107,-11,1
22020,1610612746,LAC,LA Clippers,0022000054,2020-12-29,LAC vs. MIN,W,240,47,88,0.534,16,31,0.516,14,16,0.875,7,39,46,32,6,10,15,21,124,23,1,22020,1610612750,MIN,Minnesota Timberwolves,2020-12-29,MIN @ LAC,L,240,37,89,0.416,13,38,0.342,14,17,0.824,11,28,39,22,7,6,14,15,101,-23,1
22020,1610612740,NOP,New Orleans Pelicans,0022000053,2020-12-29,NOP @ PHX,L,240,37,77,0.481,3,24,0.125,9,18,0.5,7,34,41,18,8,3,18,14,86,-25,1,22020,1610612756,PHX,Phoenix Suns,2020-12-29,PHX vs. NOP,W,240,37,84,0.44,19,47,0.404,18,19,0.947,12,31,43,24,7,4,12,18,111,25,1
22020,1610612758,SAC,Sacramento Kings,0022000055,2020-12-29,SAC vs. DEN,W,240,46,94,0.489,16,33,0.485,17,22,0.773,12,25,37,33,9,2,11,18,125,10,1,22020,1610612743,DEN,Denver Nuggets,2020-12-29,DEN @ SAC,L,240,44,81,0.543,11,28,0.393,16,20,0.8,7,32,39,27,7,5,20,18,115,-10,1
22020,1610612738,BOS,Boston Celtics,0022000048,2020-12-29,BOS @ IND,W,240,40,80,0.5,9,22,0.409,27,37,0.73,12,31,43,21,10,3,14,16,116,5,1,22020,1610612754,IND,Indiana Pacers,2020-12-29,IND vs. BOS,L,240,43,84,0.512,12,33,0.364,13,16,0.813,4,32,36,27,9,5,15,25,111,-5,1
22020,1610612752,NYK,New York Knicks,0022000046,2020-12-29,NYK @ CLE,W,240,34,79,0.43,14,25,0.56,13,21,0.619,14,41,55,23,9,6,27,21,95,9,1,22020,1610612739,CLE,Cleveland Cavaliers,2020-12-29,CLE vs. NYK,L,240,32,88,0.364,7,32,0.219,15,22,0.682,14,29,43,22,13,10,13,17,86,-9,1
22020,1610612751,BKN,Brooklyn Nets,0022000057,2020-12-30,BKN vs. ATL,W,240,54,100,0.54,19,41,0.463,18,23,0.783,9,31,40,30,6,3,9,24,145,4,1,22020,1610612737,ATL,Atlanta Hawks,2020-12-30,ATL @ BKN,L,240,47,99,0.475,18,46,0.391,29,35,0.829,17,37,54,27,5,2,12,19,141,-4,1
22020,1610612738,BOS,Boston Celtics,0022000056,2020-12-30,BOS vs. MEM,W,240,49,91,0.538,16,39,0.41,12,14,0.857,10,32,42,27,17,11,16,21,126,19,1,22020,1610612763,MEM,Memphis Grizzlies,2020-12-30,MEM @ BOS,L,240,40,93,0.43,9,33,0.273,18,25,0.72,14,32,46,26,8,3,22,13,107,-19,1
22020,1610612749,MIL,Milwaukee Bucks,0022000058,2020-12-30,MIL @ MIA,L,240,40,102,0.392,16,41,0.39,12,13,0.923,16,31,47,26,14,6,13,25,108,-11,1,22020,1610612748,MIA,Miami Heat,2020-12-30,MIA vs. MIL,W,240,40,82,0.488,15,39,0.385,24,29,0.828,10,42,52,25,5,5,22,18,119,11,1
22020,1610612747,LAL,Los Angeles Lakers,0022000060,2020-12-30,LAL @ SAS,W,240,46,82,0.561,14,26,0.538,15,20,0.75,7,40,47,25,4,3,17,24,121,14,1,22020,1610612759,SAS,San Antonio Spurs,2020-12-30,SAS vs. LAL,L,240,40,87,0.46,10,24,0.417,17,23,0.739,7,32,39,25,8,4,11,18,107,-14,1
22020,1610612766,CHA,Charlotte Hornets,0022000059,2020-12-30,CHA @ DAL,W,240,43,84,0.512,15,34,0.441,17,21,0.81,12,38,50,30,6,6,24,28,118,19,1,22020,1610612742,DAL,Dallas Mavericks,2020-12-30,DAL vs. CHA,L,240,34,87,0.391,12,42,0.286,19,33,0.576,13,26,39,24,10,6,14,16,99,-19,1
22020,1610612746,LAC,LA Clippers,0022000061,2020-12-30,LAC vs. POR,W,240,47,95,0.495,18,38,0.474,16,22,0.727,11,36,47,30,13,6,11,25,128,23,1,22020,1610612757,POR,Portland Trail Blazers,2020-12-30,POR @ LAC,L,240,32,76,0.421,12,38,0.316,29,34,0.853,5,36,41,14,5,4,19,17,105,-23,1
22020,1610612754,IND,Indiana Pacers,0022000062,2020-12-31,IND vs. CLE,W,240,42,87,0.483,16,35,0.457,19,24,0.792,9,35,44,28,12,1,14,22,119,20,1,22020,1610612739,CLE,Cleveland Cavaliers,2020-12-31,CLE @ IND,L,240,37,82,0.451,12,23,0.522,13,24,0.542,11,32,43,22,5,6,18,22,99,-20,1
22020,1610612764,WAS,Washington Wizards,0022000063,2020-12-31,WAS vs. CHI,L,240,42,84,0.5,14,29,0.483,32,41,0.78,9,28,37,27,8,4,14,27,130,-3,1,22020,1610612741,CHI,Chicago Bulls,2020-12-31,CHI @ WAS,W,240,50,92,0.543,14,36,0.389,19,25,0.76,9,35,44,34,9,3,17,27,133,3,1
22020,1610612755,PHI,Philadelphia 76ers,0022000064,2020-12-31,PHI @ ORL,W,240,44,91,0.484,15,33,0.455,13,15,0.867,7,47,54,23,7,10,15,23,116,24,1,22020,1610612753,ORL,Orlando Magic,2020-12-31,ORL vs. PHI,L,240,33,95,0.347,7,28,0.25,19,21,0.905,10,38,48,17,2,5,11,15,92,-24,1
22020,1610612758,SAC,Sacramento Kings,0022000065,2020-12-31,SAC @ HOU,L,240,45,96,0.469,11,33,0.333,18,24,0.75,14,31,45,23,11,5,15,21,119,-3,1,22020,1610612745,HOU,Houston Rockets,2020-12-31,HOU vs. SAC,W,240,45,86,0.523,13,36,0.361,19,25,0.76,10,35,45,26,10,6,18,14,122,3,1
22020,1610612761,TOR,Toronto Raptors,0022000066,2020-12-31,TOR vs. NYK,W,240,34,83,0.41,17,52,0.327,15,21,0.714,9,44,53,21,7,6,18,22,100,17,1,22020,1610612752,NYK,New York Knicks,2020-12-31,NYK @ TOR,L,240,32,88,0.364,3,36,0.083,16,20,0.8,9,39,48,21,6,3,16,21,83,-17,1
22020,1610612760,OKC,Oklahoma City Thunder,0022000067,2020-12-31,OKC vs. NOP,L,240,30,80,0.375,15,48,0.313,5,15,0.333,7,33,40,24,6,3,19,20,80,-33,1,22020,1610612740,NOP,New Orleans Pelicans,2020-12-31,NOP @ OKC,W,240,44,91,0.484,13,36,0.361,12,19,0.632,14,44,58,23,9,4,13,16,113,33,1
22020,1610612756,PHX,Phoenix Suns,0022000068,2020-12-31,PHX @ UTA,W,240,41,84,0.488,17,33,0.515,7,10,0.7,5,36,41,26,5,6,15,17,106,11,1,22020,1610612762,UTA,Utah Jazz,2020-12-31,UTA vs. PHX,L,240,35,84,0.417,12,34,0.353,13,19,0.684,10,36,46,16,8,3,14,15,95,-11,1
22020,1610612763,MEM,Memphis Grizzlies,0022000069,2021-01-01,MEM @ CHA,W,240,43,90,0.478,14,39,0.359,8,10,0.8,10,38,48,34,10,6,17,18,108,15,1,22020,1610612766,CHA,Charlotte Hornets,2021-01-01,CHA vs. MEM,L,240,35,86,0.407,9,31,0.29,14,21,0.667,10,32,42,23,9,4,19,15,93,-15,1
22020,1610612742,DAL,Dallas Mavericks,0022000071,2021-01-01,DAL vs. MIA,W,240,32,78,0.41,12,37,0.324,17,23,0.739,4,45,49,18,9,3,17,25,93,10,1,22020,1610612748,MIA,Miami Heat,2021-01-01,MIA @ DAL,L,240,29,78,0.372,7,33,0.212,18,25,0.72,5,36,41,20,10,2,16,24,83,-10,1
22020,1610612737,ATL,Atlanta Hawks,0022000072,2021-01-01,ATL @ BKN,W,240,43,93,0.462,16,39,0.41,12,14,0.857,10,38,48,24,8,3,11,20,114,18,1,22020,1610612751,BKN,Brooklyn Nets,2021-01-01,BKN vs. ATL,L,240,35,86,0.407,7,37,0.189,19,23,0.826,10,35,45,19,6,6,15,16,96,-18,1
22020,1610612764,WAS,Washington Wizards,0022000074,2021-01-01,WAS @ MIN,W,240,49,89,0.551,16,33,0.485,16,21,0.762,8,35,43,35,9,3,16,19,130,21,1,22020,1610612750,MIN,Minnesota Timberwolves,2021-01-01,MIN vs. WAS,L,240,42,88,0.477,13,36,0.361,12,21,0.571,11,32,43,17,9,3,20,22,109,-21,1
22020,1610612749,MIL,Milwaukee Bucks,0022000073,2021-01-01,MIL vs. CHI,W,240,42,85,0.494,22,45,0.489,20,30,0.667,5,39,44,27,16,6,17,19,126,30,1,22020,1610612741,CHI,Chicago Bulls,2021-01-01,CHI @ MIL,L,240,38,87,0.437,6,26,0.231,14,20,0.7,6,36,42,18,10,6,21,21,96,-30,1
22020,1610612747,LAL,Los Angeles Lakers,0022000075,2021-01-01,LAL @ SAS,W,240,41,101,0.406,14,33,0.424,13,16,0.813,16,42,58,27,8,7,13,20,109,6,1,22020,1610612759,SAS,San Antonio Spurs,2021-01-01,SAS vs. LAL,L,240,36,85,0.424,13,34,0.382,18,26,0.692,8,37,45,23,3,8,13,20,103,-6,1
22020,1610612762,UTA,Utah Jazz,0022000077,2021-01-01,UTA vs. LAC,W,240,41,89,0.461,15,42,0.357,9,14,0.643,13,33,46,28,3,3,14,20,106,6,1,22020,1610612746,LAC,LA Clippers,2021-01-01,LAC @ UTA,L,240,33,85,0.388,13,33,0.394,21,24,0.875,12,31,43,19,6,8,10,16,100,-6,1
22020,1610612756,PHX,Phoenix Suns,0022000076,2021-01-01,PHX @ DEN,W,240,37,76,0.487,13,35,0.371,19,21,0.905,8,29,37,24,1,4,17,20,106,3,1,22020,1610612743,DEN,Denver Nuggets,2021-01-01,DEN vs. PHX,L,240,39,86,0.453,12,29,0.414,13,16,0.813,8,30,38,28,7,1,12,25,103,-3,1
22020,1610612765,DET,Detroit Pistons,0022000070,2021-01-01,DET vs. BOS,W,240,36,88,0.409,11,34,0.324,13,20,0.65,12,35,47,18,9,2,19,16,96,3,1,22020,1610612738,BOS,Boston Celtics,2021-01-01,BOS @ DET,L,240,39,83,0.47,8,31,0.258,7,14,0.5,7,37,44,20,12,11,21,20,93,-3,1
22020,1610612744,GSW,Golden State Warriors,0022000078,2021-01-01,GSW vs. POR,L,240,31,79,0.392,7,35,0.2,29,33,0.879,3,41,44,19,4,9,15,28,98,-25,1,22020,1610612757,POR,Portland Trail Blazers,2021-01-01,POR @ GSW,W,240,40,92,0.435,20,43,0.465,23,30,0.767,8,43,51,23,11,3,10,27,123,25,1
22020,1610612761,TOR,Toronto Raptors,0022000084,2021-01-02,TOR @ NOP,L,240,38,91,0.418,14,48,0.292,26,27,0.963,10,30,40,21,6,4,10,29,116,-4,1,22020,1610612740,NOP,New Orleans Pelicans,2021-01-02,NOP vs. TOR,W,240,35,83,0.422,14,38,0.368,36,47,0.766,14,36,50,26,6,7,13,18,120,4,1
22020,1610612745,HOU,Houston Rockets,0022000079,2021-01-02,HOU vs. SAC,W,240,36,81,0.444,13,41,0.317,17,23,0.739,6,42,48,15,10,10,14,22,102,8,1,22020,1610612758,SAC,Sacramento Kings,2021-01-02,SAC @ HOU,L,240,35,90,0.389,9,28,0.321,15,21,0.714,14,33,47,11,5,4,15,21,94,-8,1
22020,1610612753,ORL,Orlando Magic,0022000081,2021-01-02,ORL vs. OKC,L,240,40,108,0.37,10,38,0.263,9,12,0.75,15,40,55,21,7,1,6,18,99,-9,1,22020,1610612760,OKC,Oklahoma City Thunder,2021-01-02,OKC @ ORL,W,240,38,86,0.442,13,41,0.317,19,21,0.905,6,46,52,22,5,5,12,17,108,9,1
22020,1610612754,IND,Indiana Pacers,0022000080,2021-01-02,IND vs. NYK,L,240,34,84,0.405,19,50,0.38,15,18,0.833,5,27,32,22,6,4,9,21,102,-4,1,22020,1610612752,NYK,New York Knicks,2021-01-02,NYK @ IND,W,240,42,83,0.506,12,27,0.444,10,13,0.769,10,41,51,23,4,3,16,16,106,4,1
22020,1610612766,CHA,Charlotte Hornets,0022000082,2021-01-02,CHA @ PHI,L,240,38,92,0.413,13,35,0.371,23,26,0.885,14,26,40,34,15,5,12,18,112,-15,1,22020,1610612755,PHI,Philadelphia 76ers,2021-01-02,PHI vs. CHA,W,240,47,79,0.595,16,35,0.457,17,24,0.708,7,38,45,35,10,7,22,17,127,15,1
22020,1610612737,ATL,Atlanta Hawks,0022000083,2021-01-02,ATL vs. CLE,L,240,35,85,0.412,11,32,0.344,10,19,0.526,15,33,48,22,9,5,22,20,91,-5,1,22020,1610612739,CLE,Cleveland Cavaliers,2021-01-02,CLE @ ATL,W,240,38,91,0.418,7,29,0.241,13,17,0.765,15,31,46,19,10,2,15,21,96,5,1
22020,1610612746,LAC,LA Clippers,0022000091,2021-01-03,LAC @ PHX,W,240,40,83,0.482,17,29,0.586,15,19,0.789,8,29,37,24,5,2,10,22,112,5,1,22020,1610612756,PHX,Phoenix Suns,2021-01-03,PHX vs. LAC,L,240,37,75,0.493,10,33,0.303,23,28,0.821,7,33,40,23,4,3,14,22,107,-5,1
22020,1610612757,POR,Portland Trail Blazers,0022000092,2021-01-03,POR @ GSW,L,240,41,98,0.418,14,43,0.326,26,33,0.788,12,28,40,16,7,2,12,27,122,-15,1,22020,1610612744,GSW,Golden State Warriors,2021-01-03,GSW vs. POR,W,240,49,88,0.557,13,34,0.382,26,34,0.765,11,42,53,23,4,7,15,24,137,15,1
22020,1610612741,CHI,Chicago Bulls,0022000090,2021-01-03,CHI vs. DAL,W,240,39,85,0.459,13,37,0.351,27,30,0.9,11,37,48,16,11,2,16,24,118,10,1,22020,1610612742,DAL,Dallas Mavericks,2021-01-03,DAL @ CHI,L,240,39,89,0.438,11,42,0.262,19,27,0.704,11,30,41,23,6,4,15,27,108,-10,1
22020,1610612738,BOS,Boston Celtics,0022000085,2021-01-03,BOS @ DET,W,240,49,87,0.563,15,33,0.455,9,13,0.692,12,29,41,35,4,5,18,22,122,2,1,22020,1610612765,DET,Detroit Pistons,2021-01-03,DET vs. BOS,L,240,41,86,0.477,16,36,0.444,22,25,0.88,8,25,33,29,8,7,10,16,120,-2,1
22020,1610612763,MEM,Memphis Grizzlies,0022000087,2021-01-03,MEM vs. LAL,L,240,39,95,0.411,9,33,0.273,7,8,0.875,14,36,50,23,6,3,13,18,94,-14,1,22020,1610612747,LAL,Los Angeles Lakers,2021-01-03,LAL @ MEM,W,240,41,89,0.461,12,35,0.343,14,19,0.737,12,37,49,24,9,5,10,15,108,14,1
22020,1610612751,BKN,Brooklyn Nets,0022000086,2021-01-03,BKN vs. WAS,L,240,40,81,0.494,14,32,0.438,28,31,0.903,7,44,51,25,5,9,20,24,122,-1,1,22020,1610612764,WAS,Washington Wizards,2021-01-03,WAS @ BKN,W,240,43,104,0.413,12,33,0.364,25,34,0.735,13,36,49,27,9,3,7,22,123,1,1
22020,1610612750,MIN,Minnesota Timberwolves,0022000088,2021-01-03,MIN vs. DEN,L,240,44,85,0.518,10,31,0.323,11,16,0.688,9,27,36,30,11,6,14,17,109,-15,1,22020,1610612743,DEN,Denver Nuggets,2021-01-03,DEN @ MIN,W,240,45,92,0.489,19,45,0.422,15,21,0.714,13,30,43,34,6,4,15,11,124,15,1
22020,1610612759,SAS,San Antonio Spurs,0022000089,2021-01-03,SAS vs. UTA,L,240,44,105,0.419,6,19,0.316,15,21,0.714,14,31,45,23,13,4,7,16,109,-21,1,22020,1610612762,UTA,Utah Jazz,2021-01-03,UTA @ SAS,W,240,49,89,0.551,21,41,0.512,11,19,0.579,9,48,57,29,4,11,20,18,130,21,1
22020,1610612739,CLE,Cleveland Cavaliers,0022000093,2021-01-04,CLE @ ORL,L,240,33,85,0.388,10,28,0.357,7,12,0.583,9,26,35,20,12,4,16,14,83,-20,1,22020,1610612753,ORL,Orlando Magic,2021-01-04,ORL vs. CLE,W,240,38,88,0.432,15,34,0.441,12,13,0.923,18,36,54,22,9,7,21,15,103,20,1
22020,1610612766,CHA,Charlotte Hornets,0022000094,2021-01-04,CHA @ PHI,L,240,36,86,0.419,13,39,0.333,16,22,0.727,8,39,47,30,4,4,17,24,101,-17,1,22020,1610612755,PHI,Philadelphia 76ers,2021-01-04,PHI vs. CHA,W,240,46,95,0.484,11,32,0.344,15,23,0.652,14,41,55,34,7,5,10,21,118,17,1
22020,1610612760,OKC,Oklahoma City Thunder,0022000096,2021-01-04,OKC @ MIA,L,240,29,79,0.367,13,48,0.271,19,27,0.704,6,32,38,20,6,4,18,15,90,-28,1,22020,1610612748,MIA,Miami Heat,2021-01-04,MIA vs. OKC,W,240,46,81,0.568,16,34,0.471,10,18,0.556,4,43,47,34,7,0,16,20,118,28,1
22020,1610612737,ATL,Atlanta Hawks,0022000095,2021-01-04,ATL vs. NYK,L,240,40,87,0.46,10,31,0.323,18,23,0.783,10,30,40,24,4,2,13,21,108,-5,1,22020,1610612752,NYK,New York Knicks,2021-01-04,NYK @ ATL,W,240,43,85,0.506,7,21,0.333,20,25,0.8,11,34,45,26,9,6,16,21,113,5,1
22020,1610612761,TOR,Toronto Raptors,0022000097,2021-01-04,TOR vs. BOS,L,240,36,90,0.4,13,37,0.351,29,38,0.763,8,29,37,20,13,4,10,26,114,-12,1,22020,1610612738,BOS,Boston Celtics,2021-01-04,BOS @ TOR,W,240,41,84,0.488,15,29,0.517,29,34,0.853,12,44,56,19,3,9,20,29,126,12,1
22020,1610612749,MIL,Milwaukee Bucks,0022000099,2021-01-04,MIL vs. DET,W,240,49,85,0.576,14,34,0.412,13,16,0.813,7,42,49,32,6,4,19,18,125,10,1,22020,1610612765,DET,Detroit Pistons,2021-01-04,DET @ MIL,L,240,43,98,0.439,17,40,0.425,12,12,1.0,6,25,31,27,9,5,9,17,115,-10,1
22020,1610612742,DAL,Dallas Mavericks,0022000098,2021-01-04,DAL @ HOU,W,240,39,82,0.476,16,39,0.41,19,20,0.95,10,41,51,24,4,3,18,31,113,13,1,22020,1610612745,HOU,Houston Rockets,2021-01-04,HOU vs. DAL,L,240,30,77,0.39,11,40,0.275,29,36,0.806,7,28,35,17,5,4,12,19,100,-13,1
22020,1610612754,IND,Indiana Pacers,0022000100,2021-01-04,IND @ NOP,W,265,45,93,0.484,19,45,0.422,9,13,0.692,5,37,42,32,10,8,14,27,118,2,1,22020,1610612740,NOP,New Orleans Pelicans,2021-01-04,NOP vs. IND,L,265,44,101,0.436,9,27,0.333,19,24,0.792,16,41,57,26,5,4,18,20,116,-2,1
22020,1610612744,GSW,Golden State Warriors,0022000101,2021-01-04,GSW vs. SAC,W,240,51,97,0.526,23,43,0.535,12,14,0.857,3,45,48,41,4,6,11,28,137,31,1,22020,1610612758,SAC,Sacramento Kings,2021-01-04,SAC @ GSW,L,240,34,90,0.378,10,35,0.286,28,39,0.718,11,41,52,20,5,6,15,20,106,-31,1
22020,1610612763,MEM,Memphis Grizzlies,0022000103,2021-01-05,MEM vs. LAL,L,240,36,87,0.414,10,26,0.385,10,13,0.769,5,33,38,24,14,4,13,14,92,-2,1,22020,1610612747,LAL,Los Angeles Lakers,2021-01-05,LAL @ MEM,W,240,38,87,0.437,9,31,0.29,9,11,0.818,9,43,52,24,7,8,17,14,94,2,1
22020,1610612750,MIN,Minnesota Timberwolves,0022000104,2021-01-05,MIN @ DEN,L,240,42,91,0.462,11,34,0.324,21,27,0.778,10,32,42,24,8,4,14,31,116,-7,1,22020,1610612743,DEN,Denver Nuggets,2021-01-05,DEN vs. MIN,W,240,41,79,0.519,8,25,0.32,33,45,0.733,10,32,42,22,9,2,16,27,123,7,1
22020,1610612757,POR,Portland Trail Blazers,0022000106,2021-01-05,POR vs. CHI,L,240,39,94,0.415,19,51,0.373,11,17,0.647,10,36,46,23,8,3,11,16,108,-3,1,22020,1610612741,CHI,Chicago Bulls,2021-01-05,CHI @ POR,W,240,40,91,0.44,16,41,0.39,15,18,0.833,11,41,52,27,5,5,15,19,111,3,1
22020,1610612759,SAS,San Antonio Spurs,0022000105,2021-01-05,SAS @ LAC,W,240,44,96,0.458,20,40,0.5,8,11,0.727,11,33,44,23,9,3,11,13,116,3,1,22020,1610612746,LAC,LA Clippers,2021-01-05,LAC vs. SAS,L,240,43,86,0.5,15,35,0.429,12,13,0.923,7,38,45,29,6,7,13,16,113,-3,1
22020,1610612762,UTA,Utah Jazz,0022000102,2021-01-05,UTA @ BKN,L,240,33,86,0.384,11,34,0.324,19,27,0.704,9,32,41,17,6,3,15,18,96,-34,1,22020,1610612751,BKN,Brooklyn Nets,2021-01-05,BKN vs. UTA,W,240,52,93,0.559,14,36,0.389,12,16,0.75,8,43,51,31,11,5,13,22,130,34,1
22020,1610612748,MIA,Miami Heat,0022000111,2021-01-06,MIA vs. BOS,L,240,35,81,0.432,13,36,0.361,22,26,0.846,6,36,42,26,2,7,9,15,105,-2,1,22020,1610612738,BOS,Boston Celtics,2021-01-06,BOS @ MIA,W,240,42,99,0.424,12,35,0.343,11,12,0.917,16,37,53,22,7,5,7,23,107,2,1
22020,1610612737,ATL,Atlanta Hawks,0022000110,2021-01-06,ATL vs. CHA,L,240,36,96,0.375,7,40,0.175,15,18,0.833,12,45,57,25,6,1,13,25,94,-8,1,22020,1610612766,CHA,Charlotte Hornets,2021-01-06,CHA @ ATL,W,240,32,85,0.376,11,36,0.306,27,33,0.818,8,41,49,22,11,7,10,14,102,8,1
22020,1610612765,DET,Detroit Pistons,0022000113,2021-01-06,DET @ MIL,L,240,38,97,0.392,13,41,0.317,26,30,0.867,15,32,47,20,6,3,9,20,115,-15,1,22020,1610612749,MIL,Milwaukee Bucks,2021-01-06,MIL vs. DET,W,240,49,90,0.544,19,43,0.442,13,21,0.619,9,38,47,35,5,4,14,22,130,15,1
22020,1610612760,OKC,Oklahoma City Thunder,0022000114,2021-01-06,OKC @ NOP,W,240,40,87,0.46,19,46,0.413,12,16,0.75,4,34,38,28,10,5,14,18,111,1,1,22020,1610612740,NOP,New Orleans Pelicans,2021-01-06,NOP vs. OKC,L,240,44,89,0.494,4,22,0.182,18,23,0.783,9,43,52,25,11,0,15,18,110,-1,1
22020,1610612756,PHX,Phoenix Suns,0022000115,2021-01-06,PHX vs. TOR,W,240,40,83,0.482,21,40,0.525,22,24,0.917,8,33,41,30,4,3,12,23,123,8,1,22020,1610612761,TOR,Toronto Raptors,2021-01-06,TOR @ PHX,L,240,39,79,0.494,14,35,0.4,23,32,0.719,10,32,42,18,6,5,12,19,115,-8,1
22020,1610612741,CHI,Chicago Bulls,0022000117,2021-01-06,CHI @ SAC,L,240,49,93,0.527,14,40,0.35,12,15,0.8,10,33,43,27,3,2,16,21,124,-4,1,22020,1610612758,SAC,Sacramento Kings,2021-01-06,SAC vs. CHI,W,240,47,91,0.516,14,37,0.378,20,27,0.741,12,27,39,30,8,3,7,16,128,4,1
22020,1610612746,LAC,LA Clippers,0022000116,2021-01-06,LAC @ GSW,W,240,36,81,0.444,11,34,0.324,25,25,1.0,12,36,48,19,6,3,20,26,108,7,1,22020,1610612744,GSW,Golden State Warriors,2021-01-06,GSW vs. LAC,L,240,39,86,0.453,8,30,0.267,15,19,0.789,8,27,35,25,10,2,13,21,101,-7,1
22020,1610612739,CLE,Cleveland Cavaliers,0022000108,2021-01-06,CLE @ ORL,L,240,36,85,0.424,4,26,0.154,18,26,0.692,13,32,45,24,9,4,10,19,94,-11,1,22020,1610612753,ORL,Orlando Magic,2021-01-06,ORL vs. CLE,W,240,40,81,0.494,12,29,0.414,13,18,0.722,8,35,43,20,4,4,16,22,105,11,1
22020,1610612745,HOU,Houston Rockets,0022000107,2021-01-06,HOU @ IND,L,240,39,81,0.481,8,30,0.267,21,26,0.808,5,34,39,19,7,12,16,22,107,-7,1,22020,1610612754,IND,Indiana Pacers,2021-01-06,IND vs. HOU,W,240,42,89,0.472,9,23,0.391,21,26,0.808,7,31,38,21,10,9,14,21,114,7,1
22020,1610612764,WAS,Washington Wizards,0022000109,2021-01-06,WAS @ PHI,L,240,47,94,0.5,16,37,0.432,26,35,0.743,9,26,35,27,9,2,13,27,136,-5,1,22020,1610612755,PHI,Philadelphia 76ers,2021-01-06,PHI vs. WAS,W,240,50,81,0.617,18,29,0.621,23,33,0.697,1,34,35,33,9,6,18,21,141,5,1
22020,1610612752,NYK,New York Knicks,0022000112,2021-01-06,NYK vs. UTA,W,240,45,87,0.517,8,22,0.364,14,19,0.737,11,37,48,22,10,5,13,17,112,12,1,22020,1610612762,UTA,Utah Jazz,2021-01-06,UTA @ NYK,L,240,40,91,0.44,14,44,0.318,6,11,0.545,10,32,42,20,5,9,15,15,100,-12,1
22020,1610612755,PHI,Philadelphia 76ers,0022000118,2021-01-07,PHI @ BKN,L,240,41,87,0.471,9,26,0.346,18,20,0.9,4,43,47,23,6,6,20,25,109,-13,1,22020,1610612751,BKN,Brooklyn Nets,2021-01-07,BKN vs. PHI,W,240,44,97,0.454,15,37,0.405,19,29,0.655,11,37,48,30,11,7,13,17,122,13,1
22020,1610612739,CLE,Cleveland Cavaliers,0022000119,2021-01-07,CLE @ MEM,W,240,36,79,0.456,13,30,0.433,9,16,0.563,7,30,37,24,11,3,16,14,94,4,1,22020,1610612763,MEM,Memphis Grizzlies,2021-01-07,MEM vs. CLE,L,240,36,83,0.434,11,31,0.355,7,8,0.875,11,37,48,27,13,6,18,17,90,-4,1
22020,1610612750,MIN,Minnesota Timberwolves,0022000122,2021-01-07,MIN @ POR,L,240,39,93,0.419,14,41,0.341,25,33,0.758,15,33,48,24,11,4,16,19,117,-18,1,22020,1610612757,POR,Portland Trail Blazers,2021-01-07,POR vs. MIN,W,240,49,90,0.544,18,41,0.439,19,23,0.826,6,38,44,25,10,6,15,23,135,18,1
22020,1610612759,SAS,San Antonio Spurs,0022000121,2021-01-07,SAS @ LAL,W,240,43,92,0.467,16,35,0.457,16,17,0.941,6,34,40,28,4,3,8,15,118,9,1,22020,1610612747,LAL,Los Angeles Lakers,2021-01-07,LAL vs. SAS,L,240,43,86,0.5,10,30,0.333,13,21,0.619,9,39,48,21,2,4,13,20,109,-9,1
22020,1610612742,DAL,Dallas Mavericks,0022000120,2021-01-07,DAL @ DEN,W,265,42,87,0.483,16,40,0.4,24,31,0.774,7,37,44,27,12,7,13,21,124,7,1,22020,1610612743,DEN,Denver Nuggets,2021-01-07,DEN vs. DAL,L,265,43,97,0.443,15,44,0.341,16,21,0.762,9,38,47,25,8,1,14,27,117,-7,1
22020,1610612738,BOS,Boston Celtics,0022000124,2021-01-08,BOS vs. WAS,W,240,41,86,0.477,12,32,0.375,22,30,0.733,11,38,49,21,11,4,21,22,116,9,1,22020,1610612764,WAS,Washington Wizards,2021-01-08,WAS @ BOS,L,240,41,88,0.466,11,29,0.379,14,16,0.875,7,31,38,22,9,4,17,24,107,-9,1
22020,1610612740,NOP,New Orleans Pelicans,0022000126,2021-01-08,NOP vs. CHA,L,240,38,77,0.494,15,38,0.395,19,26,0.731,10,26,36,29,6,4,19,17,110,-8,1,22020,1610612766,CHA,Charlotte Hornets,2021-01-08,CHA @ NOP,W,240,41,87,0.471,16,42,0.381,20,25,0.8,16,29,45,33,10,4,15,20,118,8,1
22020,1610612745,HOU,Houston Rockets,0022000127,2021-01-08,HOU vs. ORL,W,240,51,91,0.56,22,47,0.468,8,11,0.727,7,42,49,34,6,8,8,18,132,42,1,22020,1610612753,ORL,Orlando Magic,2021-01-08,ORL @ HOU,L,240,34,89,0.382,8,29,0.276,14,16,0.875,9,33,42,17,5,2,13,13,90,-42,1
22020,1610612763,MEM,Memphis Grizzlies,0022000128,2021-01-08,MEM vs. BKN,W,240,45,98,0.459,13,32,0.406,12,14,0.857,12,34,46,29,14,6,14,18,115,5,1,22020,1610612751,BKN,Brooklyn Nets,2021-01-08,BKN @ MEM,L,240,38,81,0.469,14,31,0.452,20,21,0.952,4,38,42,26,6,4,21,13,110,-5,1
22020,1610612749,MIL,Milwaukee Bucks,0022000129,2021-01-08,MIL vs. UTA,L,240,44,98,0.449,13,42,0.31,17,21,0.81,9,36,45,18,5,5,12,19,118,-13,1,22020,1610612762,UTA,Utah Jazz,2021-01-08,UTA @ MIL,W,240,49,97,0.505,25,53,0.472,8,13,0.615,10,40,50,31,6,8,10,18,131,13,1
22020,1610612761,TOR,Toronto Raptors,0022000132,2021-01-08,TOR @ SAC,W,240,53,91,0.582,20,39,0.513,18,22,0.818,12,32,44,30,8,5,13,20,144,21,1,22020,1610612758,SAC,Sacramento Kings,2021-01-08,SAC vs. TOR,L,240,46,81,0.568,15,34,0.441,16,28,0.571,3,23,26,36,9,8,12,18,123,-21,1
22020,1610612747,LAL,Los Angeles Lakers,0022000131,2021-01-08,LAL vs. CHI,W,240,41,81,0.506,12,29,0.414,23,27,0.852,10,32,42,21,3,8,15,15,117,2,1,22020,1610612741,CHI,Chicago Bulls,2021-01-08,CHI @ LAL,L,240,46,91,0.505,10,26,0.385,13,14,0.929,9,32,41,26,10,3,13,23,115,-2,1
22020,1610612744,GSW,Golden State Warriors,0022000130,2021-01-08,GSW vs. LAC,W,240,40,82,0.488,20,41,0.488,15,18,0.833,9,29,38,25,13,3,16,19,115,10,1,22020,1610612746,LAC,LA Clippers,2021-01-08,LAC @ GSW,L,240,40,83,0.482,14,31,0.452,11,13,0.846,10,27,37,23,6,5,19,16,105,-10,1
22020,1610612752,NYK,New York Knicks,0022000125,2021-01-08,NYK vs. OKC,L,240,34,96,0.354,9,27,0.333,12,20,0.6,11,38,49,19,8,7,5,19,89,-12,1,22020,1610612760,OKC,Oklahoma City Thunder,2021-01-08,OKC @ NYK,W,240,38,87,0.437,11,34,0.324,14,21,0.667,11,51,62,16,2,7,11,19,101,12,1
22020,1610612756,PHX,Phoenix Suns,0022000123,2021-01-08,PHX @ DET,L,265,41,91,0.451,17,52,0.327,6,13,0.462,9,41,50,24,10,7,21,25,105,-5,1,22020,1610612765,DET,Detroit Pistons,2021-01-08,DET vs. PHX,W,265,37,90,0.411,11,34,0.324,25,29,0.862,9,37,46,23,13,4,17,14,110,5,1
22020,1610612754,IND,Indiana Pacers,0022000135,2021-01-09,IND vs. PHX,L,240,44,92,0.478,12,29,0.414,17,24,0.708,13,39,52,23,2,4,10,19,117,-8,1,22020,1610612756,PHX,Phoenix Suns,2021-01-09,PHX @ IND,W,240,46,94,0.489,16,41,0.39,17,17,1.0,4,36,40,33,6,2,3,17,125,8,1
22020,1610612764,WAS,Washington Wizards,0022000136,2021-01-09,WAS vs. MIA,L,240,44,99,0.444,15,40,0.375,21,28,0.75,7,32,39,25,9,2,6,24,124,-4,1,22020,1610612748,MIA,Miami Heat,2021-01-09,MIA @ WAS,W,240,46,93,0.495,16,43,0.372,20,26,0.769,10,51,61,32,3,5,16,24,128,4,1
22020,1610612759,SAS,San Antonio Spurs,0022000138,2021-01-09,SAS @ MIN,W,265,44,101,0.436,13,32,0.406,24,29,0.828,12,36,48,22,8,3,6,19,125,3,1,22020,1610612750,MIN,Minnesota Timberwolves,2021-01-09,MIN vs. SAS,L,265,48,96,0.5,15,30,0.5,11,17,0.647,11,42,53,29,1,7,17,20,122,-3,1
22020,1610612753,ORL,Orlando Magic,0022000139,2021-01-09,ORL @ DAL,L,240,38,89,0.427,6,31,0.194,16,22,0.727,10,33,43,17,11,2,10,16,98,-14,1,22020,1610612742,DAL,Dallas Mavericks,2021-01-09,DAL vs. ORL,W,240,39,79,0.494,20,40,0.5,14,18,0.778,6,38,44,25,5,8,18,17,112,14,1
22020,1610612758,SAC,Sacramento Kings,0022000140,2021-01-09,SAC vs. POR,L,240,33,81,0.407,8,30,0.267,25,35,0.714,6,41,47,21,4,5,15,20,99,-26,1,22020,1610612757,POR,Portland Trail Blazers,2021-01-09,POR @ SAC,W,240,44,100,0.44,17,41,0.415,20,23,0.87,9,41,50,26,10,5,8,27,125,26,1
22020,1610612749,MIL,Milwaukee Bucks,0022000137,2021-01-09,MIL vs. CLE,W,240,37,84,0.44,12,36,0.333,14,18,0.778,11,34,45,25,11,4,16,14,100,10,1,22020,1610612739,CLE,Cleveland Cavaliers,2021-01-09,CLE @ MIL,L,240,36,87,0.414,7,26,0.269,11,16,0.688,14,33,47,16,6,4,18,18,90,-10,1
22020,1610612766,CHA,Charlotte Hornets,0022000134,2021-01-09,CHA vs. ATL,W,240,40,77,0.519,15,33,0.455,18,24,0.75,6,35,41,27,11,7,15,19,113,8,1,22020,1610612737,ATL,Atlanta Hawks,2021-01-09,ATL @ CHA,L,240,34,89,0.382,14,45,0.311,23,28,0.821,17,30,47,25,10,4,14,22,105,-8,1
22020,1610612743,DEN,Denver Nuggets,0022000133,2021-01-09,DEN @ PHI,W,240,45,90,0.5,12,33,0.364,13,15,0.867,15,30,45,28,11,7,17,12,115,12,1,22020,1610612755,PHI,Philadelphia 76ers,2021-01-09,PHI vs. DEN,L,240,43,103,0.417,11,35,0.314,6,10,0.6,20,28,48,23,8,4,17,19,103,-12,1
22020,1610612765,DET,Detroit Pistons,0022000141,2021-01-10,DET vs. UTA,L,240,29,87,0.333,10,42,0.238,18,21,0.857,11,28,39,21,10,7,8,23,86,-10,1,22020,1610612762,UTA,Utah Jazz,2021-01-10,UTA @ DET,W,240,35,82,0.427,11,35,0.314,15,22,0.682,16,47,63,17,3,5,16,17,96,10,1
22020,1610612741,CHI,Chicago Bulls,0022000142,2021-01-10,CHI @ LAC,L,240,47,77,0.61,18,33,0.545,15,17,0.882,3,35,38,30,6,2,23,19,127,-3,1,22020,1610612746,LAC,LA Clippers,2021-01-10,LAC vs. CHI,W,240,45,92,0.489,20,38,0.526,20,25,0.8,12,23,35,28,13,5,10,19,130,3,1
22020,1610612751,BKN,Brooklyn Nets,0022000143,2021-01-10,BKN vs. OKC,L,240,43,85,0.506,10,34,0.294,20,24,0.833,6,37,43,23,3,2,17,18,116,-13,1,22020,1610612760,OKC,Oklahoma City Thunder,2021-01-10,OKC @ BKN,W,240,49,90,0.544,15,39,0.385,16,17,0.941,3,31,34,24,12,4,11,22,129,13,1
22020,1610612743,DEN,Denver Nuggets,0022000144,2021-01-10,DEN @ NYK,W,240,45,84,0.536,15,35,0.429,9,12,0.75,8,35,43,23,11,4,12,25,114,25,1,22020,1610612752,NYK,New York Knicks,2021-01-10,NYK vs. DEN,L,240,32,74,0.432,6,21,0.286,19,25,0.76,8,28,36,19,4,1,16,15,89,-25,1
22020,1610612745,HOU,Houston Rockets,0022000146,2021-01-10,HOU vs. LAL,L,240,37,90,0.411,12,41,0.293,16,23,0.696,13,30,43,22,7,8,21,22,102,-18,1,22020,1610612747,LAL,Los Angeles Lakers,2021-01-10,LAL @ HOU,W,240,46,91,0.505,10,29,0.345,18,24,0.75,10,39,49,28,13,8,17,23,120,18,1
22020,1610612750,MIN,Minnesota Timberwolves,0022000147,2021-01-10,MIN vs. SAS,W,240,34,81,0.42,9,26,0.346,19,23,0.826,9,43,52,19,6,3,14,17,96,8,1,22020,1610612759,SAS,San Antonio Spurs,2021-01-10,SAS @ MIN,L,240,36,94,0.383,8,30,0.267,8,14,0.571,9,36,45,21,4,5,10,16,88,-8,1
22020,1610612744,GSW,Golden State Warriors,0022000148,2021-01-10,GSW vs. TOR,W,240,38,93,0.409,13,46,0.283,17,19,0.895,12,39,51,30,2,10,15,18,106,1,1,22020,1610612761,TOR,Toronto Raptors,2021-01-10,TOR @ GSW,L,240,39,96,0.406,13,38,0.342,14,22,0.636,13,35,48,20,8,10,12,22,105,-1,1
22020,1610612753,ORL,Orlando Magic,0022000151,2021-01-11,ORL vs. MIL,L,240,39,91,0.429,11,31,0.355,10,13,0.769,15,29,44,24,5,4,19,13,99,-22,1,22020,1610612749,MIL,Milwaukee Bucks,2021-01-11,MIL @ ORL,W,240,46,91,0.505,13,35,0.371,16,20,0.8,11,32,43,25,15,7,15,17,121,22,1
22020,1610612766,CHA,Charlotte Hornets,0022000149,2021-01-11,CHA vs. NYK,W,240,38,78,0.487,13,32,0.406,20,23,0.87,5,32,37,28,8,8,10,13,109,21,1,22020,1610612752,NYK,New York Knicks,2021-01-11,NYK @ CHA,L,240,34,87,0.391,9,37,0.243,11,17,0.647,17,32,49,20,6,6,17,23,88,-21,1
22020,1610612763,MEM,Memphis Grizzlies,0022000150,2021-01-11,MEM @ CLE,W,240,40,78,0.513,5,20,0.25,16,21,0.762,7,33,40,32,10,6,15,17,101,10,1,22020,1610612739,CLE,Cleveland Cavaliers,2021-01-11,CLE vs. MEM,L,240,37,82,0.451,11,26,0.423,6,14,0.429,10,30,40,20,11,7,21,21,91,-10,1
22020,1610612756,PHX,Phoenix Suns,0022000152,2021-01-11,PHX @ WAS,L,240,39,87,0.448,4,27,0.148,25,30,0.833,8,34,42,21,3,6,6,22,107,-21,1,22020,1610612764,WAS,Washington Wizards,2021-01-11,WAS vs. PHX,W,240,48,92,0.522,15,34,0.441,17,28,0.607,14,39,53,29,3,3,8,23,128,21,1
22020,1610612755,PHI,Philadelphia 76ers,0022000153,2021-01-11,PHI @ ATL,L,240,37,92,0.402,8,36,0.222,12,13,0.923,9,41,50,20,2,12,9,17,94,-18,1,22020,1610612737,ATL,Atlanta Hawks,2021-01-11,ATL vs. PHI,W,240,37,99,0.374,17,44,0.386,21,27,0.778,14,44,58,20,7,3,8,13,112,18,1
22020,1610612754,IND,Indiana Pacers,0022000156,2021-01-11,IND @ SAC,L,240,47,97,0.485,13,39,0.333,15,18,0.833,10,27,37,26,14,3,13,21,122,-5,1,22020,1610612758,SAC,Sacramento Kings,2021-01-11,SAC vs. IND,W,240,47,84,0.56,15,32,0.469,18,23,0.783,7,37,44,29,6,9,19,17,127,5,1
22020,1610612757,POR,Portland Trail Blazers,0022000155,2021-01-11,POR vs. TOR,W,240,38,83,0.458,14,42,0.333,22,25,0.88,8,34,42,18,9,6,13,14,112,1,1,22020,1610612761,TOR,Toronto Raptors,2021-01-11,TOR @ POR,L,240,40,89,0.449,19,47,0.404,12,12,1.0,7,36,43,27,6,5,15,22,111,-1,1
22020,1610612745,HOU,Houston Rockets,0022000161,2021-01-12,HOU vs. LAL,L,240,38,97,0.392,12,40,0.3,12,16,0.75,10,32,42,23,14,5,15,19,100,-17,1,22020,1610612747,LAL,Los Angeles Lakers,2021-01-12,LAL @ HOU,W,240,42,84,0.5,14,32,0.438,19,27,0.704,11,44,55,26,10,12,21,18,117,17,1
22020,1610612744,GSW,Golden State Warriors,0022000163,2021-01-12,GSW vs. IND,L,240,34,89,0.382,13,38,0.342,14,22,0.636,10,36,46,25,8,8,16,21,95,-9,1,22020,1610612754,IND,Indiana Pacers,2021-01-12,IND @ GSW,W,240,39,88,0.443,9,28,0.321,17,25,0.68,10,40,50,26,9,9,15,17,104,9,1
22020,1610612762,UTA,Utah Jazz,0022000159,2021-01-12,UTA @ CLE,W,240,42,84,0.5,24,45,0.533,9,12,0.75,10,38,48,26,8,8,18,16,117,30,1,22020,1610612739,CLE,Cleveland Cavaliers,2021-01-12,CLE vs. UTA,L,240,35,90,0.389,8,31,0.258,9,14,0.643,12,28,40,23,7,4,14,13,87,-30,1
22020,1610612751,BKN,Brooklyn Nets,0022000158,2021-01-12,BKN vs. DEN,W,240,48,79,0.608,16,32,0.5,10,15,0.667,8,33,41,31,6,6,19,18,122,6,1,22020,1610612743,DEN,Denver Nuggets,2021-01-12,DEN @ BKN,L,240,44,88,0.5,18,37,0.486,10,16,0.625,9,23,32,28,12,5,13,18,116,-6,1
22020,1610612755,PHI,Philadelphia 76ers,0022000157,2021-01-12,PHI vs. MIA,W,265,50,102,0.49,19,55,0.345,18,25,0.72,16,36,52,32,10,6,19,21,137,3,1,22020,1610612748,MIA,Miami Heat,2021-01-12,MIA @ PHI,L,265,48,104,0.462,19,56,0.339,19,24,0.792,14,32,46,27,6,4,18,21,134,-3,1
22020,1610612760,OKC,Oklahoma City Thunder,0022000162,2021-01-12,OKC vs. SAS,L,240,36,83,0.434,7,26,0.269,23,29,0.793,7,45,52,18,1,5,13,20,102,-10,1,22020,1610612759,SAS,San Antonio Spurs,2021-01-12,SAS @ OKC,W,240,41,95,0.432,10,35,0.286,20,22,0.909,7,39,46,26,8,5,4,20,112,10,1
22020,1610612766,CHA,Charlotte Hornets,0022000164,2021-01-13,CHA vs. DAL,L,240,38,100,0.38,10,38,0.263,7,14,0.5,15,38,53,26,8,7,14,17,93,-11,1,22020,1610612742,DAL,Dallas Mavericks,2021-01-13,DAL @ CHA,W,240,40,96,0.417,15,46,0.326,9,16,0.563,13,41,54,22,8,12,10,15,104,11,1
22020,1610612747,LAL,Los Angeles Lakers,0022000170,2021-01-13,LAL @ OKC,W,240,47,95,0.495,17,37,0.459,17,22,0.773,12,38,50,26,6,6,10,16,128,29,1,22020,1610612760,OKC,Oklahoma City Thunder,2021-01-13,OKC vs. LAL,L,240,37,86,0.43,10,31,0.323,15,19,0.789,9,33,42,23,4,6,12,21,99,-29,1
22020,1610612750,MIN,Minnesota Timberwolves,0022000169,2021-01-13,MIN vs. MEM,L,240,39,90,0.433,9,37,0.243,20,24,0.833,11,37,48,27,3,6,13,18,107,-11,1,22020,1610612763,MEM,Memphis Grizzlies,2021-01-13,MEM @ MIN,W,240,50,106,0.472,8,25,0.32,10,13,0.769,15,32,47,33,11,5,7,24,118,11,1
22020,1610612746,LAC,LA Clippers,0022000172,2021-01-13,LAC vs. NOP,W,240,35,74,0.473,18,37,0.486,23,27,0.852,3,33,36,26,4,6,10,16,111,5,1,22020,1610612740,NOP,New Orleans Pelicans,2021-01-13,NOP @ LAC,L,240,42,88,0.477,10,28,0.357,12,16,0.75,12,36,48,18,4,4,11,19,106,-5,1
22020,1610612758,SAC,Sacramento Kings,0022000173,2021-01-13,SAC vs. POR,L,240,44,84,0.524,19,38,0.5,19,26,0.731,8,34,42,35,4,2,13,18,126,-6,1,22020,1610612757,POR,Portland Trail Blazers,2021-01-13,POR @ SAC,W,240,44,90,0.489,23,48,0.479,21,27,0.778,12,26,38,28,9,8,8,24,132,6,1
22020,1610612749,MIL,Milwaukee Bucks,0022000165,2021-01-13,MIL @ DET,W,240,41,85,0.482,19,43,0.442,9,14,0.643,10,38,48,31,10,9,14,20,110,9,1,22020,1610612765,DET,Detroit Pistons,2021-01-13,DET vs. MIL,L,240,36,92,0.391,14,35,0.4,15,22,0.682,13,34,47,25,8,3,16,19,101,-9,1
22020,1610612752,NYK,New York Knicks,0022000168,2021-01-13,NYK vs. BKN,L,240,44,92,0.478,11,28,0.393,10,12,0.833,12,31,43,22,4,3,9,16,109,-7,1,22020,1610612751,BKN,Brooklyn Nets,2021-01-13,BKN @ NYK,W,240,44,91,0.484,16,40,0.4,12,17,0.706,12,34,46,29,3,5,6,12,116,7,1
22020,1610612755,PHI,Philadelphia 76ers,0022000174,2021-01-14,PHI vs. MIA,W,240,44,82,0.537,17,37,0.459,20,24,0.833,5,30,35,27,15,3,18,22,125,17,1,22020,1610612748,MIA,Miami Heat,2021-01-14,MIA @ PHI,L,240,40,81,0.494,12,34,0.353,16,26,0.615,9,32,41,28,4,1,20,19,108,-17,1
22020,1610612766,CHA,Charlotte Hornets,0022000175,2021-01-14,CHA @ TOR,L,240,42,87,0.483,15,35,0.429,9,12,0.75,14,30,44,32,11,5,20,15,108,-3,1,22020,1610612761,TOR,Toronto Raptors,2021-01-14,TOR vs. CHA,W,240,40,88,0.455,20,50,0.4,11,13,0.846,13,27,40,33,13,6,18,16,111,3,1
22020,1610612745,HOU,Houston Rockets,0022000176,2021-01-14,HOU @ SAS,W,240,42,86,0.488,13,33,0.394,12,19,0.632,10,39,49,25,6,6,18,16,109,4,1,22020,1610612759,SAS,San Antonio Spurs,2021-01-14,SAS vs. HOU,L,240,42,92,0.457,9,31,0.29,12,16,0.75,10,31,41,26,10,4,10,17,105,-4,1
22020,1610612757,POR,Portland Trail Blazers,0022000178,2021-01-14,POR vs. IND,L,240,32,87,0.368,13,43,0.302,10,10,1.0,14,29,43,16,8,5,18,22,87,-24,1,22020,1610612754,IND,Indiana Pacers,2021-01-14,IND @ POR,W,240,44,92,0.478,9,30,0.3,14,18,0.778,13,37,50,29,11,5,14,13,111,24,1
22020,1610612744,GSW,Golden State Warriors,0022000177,2021-01-14,GSW @ DEN,L,240,38,81,0.469,11,29,0.379,17,24,0.708,5,38,43,29,9,4,19,25,104,-10,1,22020,1610612743,DEN,Denver Nuggets,2021-01-14,DEN vs. GSW,W,240,41,90,0.456,11,37,0.297,21,27,0.778,10,40,50,29,11,5,14,23,114,10,1
22020,1610612738,BOS,Boston Celtics,0022000180,2021-01-15,BOS vs. ORL,W,240,45,88,0.511,17,42,0.405,17,19,0.895,6,39,45,25,7,4,11,18,124,27,1,22020,1610612753,ORL,Orlando Magic,2021-01-15,ORL @ BOS,L,240,38,94,0.404,7,28,0.25,14,22,0.636,15,31,46,14,5,1,13,16,97,-27,1
22020,1610612752,NYK,New York Knicks,0022000181,2021-01-15,NYK @ CLE,L,240,40,82,0.488,9,25,0.36,14,16,0.875,7,32,39,20,9,10,13,21,103,-3,1,22020,1610612739,CLE,Cleveland Cavaliers,2021-01-15,CLE vs. NYK,W,240,36,79,0.456,9,27,0.333,25,34,0.735,14,34,48,26,9,6,16,18,106,3,1
22020,1610612742,DAL,Dallas Mavericks,0022000182,2021-01-15,DAL @ MIL,L,240,45,97,0.464,13,36,0.361,6,13,0.462,11,40,51,22,5,6,9,23,109,-3,1,22020,1610612749,MIL,Milwaukee Bucks,2021-01-15,MIL vs. DAL,W,240,43,96,0.448,14,37,0.378,12,25,0.48,16,41,57,22,5,3,11,14,112,3,1
22020,1610612760,OKC,Oklahoma City Thunder,0022000184,2021-01-15,OKC vs. CHI,W,265,48,105,0.457,15,45,0.333,16,24,0.667,7,37,44,26,12,2,13,23,127,2,1,22020,1610612741,CHI,Chicago Bulls,2021-01-15,CHI @ OKC,L,265,43,91,0.473,21,46,0.457,18,25,0.72,9,47,56,27,5,8,24,25,125,-2,1
22020,1610612737,ATL,Atlanta Hawks,0022000186,2021-01-15,ATL @ UTA,L,240,38,92,0.413,5,28,0.179,11,15,0.733,8,33,41,21,6,1,15,16,92,-24,1,22020,1610612762,UTA,Utah Jazz,2021-01-15,UTA vs. ATL,W,240,43,92,0.467,20,44,0.455,10,14,0.714,12,41,53,27,7,6,19,18,116,24,1
22020,1610612746,LAC,LA Clippers,0022000188,2021-01-15,LAC @ SAC,W,240,52,89,0.584,18,35,0.514,16,20,0.8,12,35,47,29,10,3,11,19,138,38,1,22020,1610612758,SAC,Sacramento Kings,2021-01-15,SAC vs. LAC,L,240,40,85,0.471,8,26,0.308,12,17,0.706,9,23,32,23,4,2,14,16,100,-38,1
22020,1610612747,LAL,Los Angeles Lakers,0022000187,2021-01-15,LAL vs. NOP,W,240,39,93,0.419,15,37,0.405,19,26,0.731,13,31,44,31,11,6,8,16,112,17,1,22020,1610612740,NOP,New Orleans Pelicans,2021-01-15,NOP @ LAL,L,240,41,86,0.477,9,29,0.31,4,8,0.5,10,37,47,22,3,5,20,21,95,-17,1
22020,1610612759,SAS,San Antonio Spurs,0022000189,2021-01-16,SAS vs. HOU,W,240,40,100,0.4,5,24,0.208,18,23,0.783,17,41,58,19,10,7,12,21,103,12,1,22020,1610612745,HOU,Houston Rockets,2021-01-16,HOU @ SAS,L,240,31,84,0.369,12,32,0.375,17,27,0.63,12,39,51,20,6,9,23,20,91,-12,1
22020,1610612753,ORL,Orlando Magic,0022000190,2021-01-16,ORL @ BKN,L,240,44,95,0.463,14,46,0.304,13,16,0.813,9,29,38,28,13,4,12,19,115,-7,1,22020,1610612751,BKN,Brooklyn Nets,2021-01-16,BKN vs. ORL,W,240,42,78,0.538,16,35,0.457,22,25,0.88,4,37,41,24,9,5,19,14,122,7,1
22020,1610612766,CHA,Charlotte Hornets,0022000191,2021-01-16,CHA @ TOR,L,240,38,87,0.437,15,36,0.417,22,29,0.759,12,36,48,26,6,5,15,20,113,-3,1,22020,1610612761,TOR,Toronto Raptors,2021-01-16,TOR vs. CHA,W,240,36,86,0.419,21,49,0.429,23,26,0.885,7,36,43,28,5,8,15,22,116,3,1
22020,1610612763,MEM,Memphis Grizzlies,0022000193,2021-01-16,MEM vs. PHI,W,240,43,98,0.439,8,29,0.276,12,18,0.667,10,32,42,27,15,3,11,25,106,2,1,22020,1610612755,PHI,Philadelphia 76ers,2021-01-16,PHI @ MEM,L,240,37,84,0.44,7,25,0.28,23,32,0.719,15,38,53,23,5,11,23,17,104,-2,1
22020,1610612765,DET,Detroit Pistons,0022000192,2021-01-16,DET @ MIA,W,240,46,91,0.505,18,46,0.391,10,15,0.667,10,29,39,34,9,8,13,28,120,20,1,22020,1610612748,MIA,Miami Heat,2021-01-16,MIA vs. DET,L,240,32,67,0.478,12,29,0.414,24,27,0.889,5,26,31,25,1,5,23,21,100,-20,1
22020,1610612757,POR,Portland Trail Blazers,0022000195,2021-01-16,POR vs. ATL,W,240,40,103,0.388,15,44,0.341,17,20,0.85,17,38,55,18,6,8,8,20,112,6,1,22020,1610612737,ATL,Atlanta Hawks,2021-01-16,ATL @ POR,L,240,38,87,0.437,6,30,0.2,24,28,0.857,7,41,48,24,4,6,13,22,106,-6,1
