GAME_ID,TEAM_ID,TEAM_NAME,TEAM_ABBREVIATION,TEAM_CITY,MINUTES,PTS,CONTESTED_SHOTS,CONTESTED_SHOTS_2PT,CONTESTED_SHOTS_3PT,DEFLECTIONS,CHARGES_DRAWN,SCREEN_ASSISTS,SCREEN_AST_PTS,OFF_LOOSE_BALLS_RECOVERED,DEF_LOOSE_BALLS_RECOVERED,LOOSE_BALLS_RECOVERED,OFF_BOXOUTS,DEF_BOXOUTS,BOX_OUT_PLAYER_TEAM_REBS,BOX_OUT_PLAYER_REBS,BOX_OUTS
0021500003,1610612740,Pelicans,NOP,New Orleans,240.000000:00,95,63,35,28,17,3,6,14,0,0,6,0,0,0,0,0
0021500003,1610612744,Warriors,GSW,Golden State,240.000000:00,111,73,57,16,15,2,10,23,0,0,15,0,0,0,0,0
,,,,,0,0,0,0,0,0,0,0,0,0,0,0,0,0,0,0,0
,,,,,0,0,0,0,0,0,0,0,0,0,0,0,0,0,0,0,0
0021500017,1610612750,Timberwolves,MIN,Minnesota,240.000000:00,112,0,0,0,0,0,0,0,0,0,0,0,0,0,0,0
0021500017,1610612747,Lakers,LAL,Los Angeles,240.000000:00,111,0,0,0,0,0,0,0,0,0,0,0,0,0,0,0
,,,,,0,0,0,0,0,0,0,0,0,0,0,0,0,0,0,0,0
,,,,,0,0,0,0,0,0,0,0,0,0,0,0,0,0,0,0,0
,,,,,0,0,0,0,0,0,0,0,0,0,0,0,0,0,0,0,0
,,,,,0,0,0,0,0,0,0,0,0,0,0,0,0,0,0,0,0
,,,,,0,0,0,0,0,0,0,0,0,0,0,0,0,0,0,0,0
,,,,,0,0,0,0,0,0,0,0,0,0,0,0,0,0,0,0,0
0021500007,1610612762,Jazz,UTA,Utah,240.000000:00,87,0,0,0,0,0,0,0,0,0,0,0,0,0,0,0
0021500007,1610612765,Pistons,DET,Detroit,240.000000:00,92,0,0,0,0,0,0,0,0,0,0,0,0,0,0,0
,,,,,0,0,0,0,0,0,0,0,0,0,0,0,0,0,0,0,0
,,,,,0,0,0,0,0,0,0,0,0,0,0,0,0,0,0,0,0
,,,,,0,0,0,0,0,0,0,0,0,0,0,0,0,0,0,0,0
,,,,,0,0,0,0,0,0,0,0,0,0,0,0,0,0,0,0,0
,,,,,0,0,0,0,0,0,0,0,0,0,0,0,0,0,0,0,0
,,,,,0,0,0,0,0,0,0,0,0,0,0,0,0,0,0,0,0
,,,,,0,0,0,0,0,0,0,0,0,0,0,0,0,0,0,0,0
,,,,,0,0,0,0,0,0,0,0,0,0,0,0,0,0,0,0,0
,,,,,0,0,0,0,0,0,0,0,0,0,0,0,0,0,0,0,0
,,,,,0,0,0,0,0,0,0,0,0,0,0,0,0,0,0,0,0
,,,,,0,0,0,0,0,0,0,0,0,0,0,0,0,0,0,0,0
,,,,,0,0,0,0,0,0,0,0,0,0,0,0,0,0,0,0,0
,,,,,0,0,0,0,0,0,0,0,0,0,0,0,0,0,0,0,0
,,,,,0,0,0,0,0,0,0,0,0,0,0,0,0,0,0,0,0
,,,,,0,0,0,0,0,0,0,0,0,0,0,0,0,0,0,0,0
,,,,,0,0,0,0,0,0,0,0,0,0,0,0,0,0,0,0,0
,,,,,0,0,0,0,0,0,0,0,0,0,0,0,0,0,0,0,0
,,,,,0,0,0,0,0,0,0,0,0,0,0,0,0,0,0,0,0
,,,,,0,0,0,0,0,0,0,0,0,0,0,0,0,0,0,0,0
0021500029,1610612750,Timberwolves,MIN,Minnesota,240.000000:00,95,0,0,0,0,0,0,0,0,0,0,0,0,0,0,0
0021500029,1610612743,Nuggets,DEN,Denver,240.000000:00,78,0,0,0,0,0,0,0,0,0,0,0,0,0,0,0
,,,,,0,0,0,0,0,0,0,0,0,0,0,0,0,0,0,0,0
,,,,,0,0,0,0,0,0,0,0,0,0,0,0,0,0,0,0,0
,,,,,0,0,0,0,0,0,0,0,0,0,0,0,0,0,0,0,0
,,,,,0,0,0,0,0,0,0,0,0,0,0,0,0,0,0,0,0
,,,,,0,0,0,0,0,0,0,0,0,0,0,0,0,0,0,0,0
,,,,,0,0,0,0,0,0,0,0,0,0,0,0,0,0,0,0,0
0021500035,1610612744,Warriors,GSW,Golden State,240.000000:00,134,0,0,0,0,0,0,0,0,0,0,0,0,0,0,0
0021500035,1610612740,Pelicans,NOP,New Orleans,240.000000:00,120,0,0,0,0,0,0,0,0,0,0,0,0,0,0,0
,,,,,0,0,0,0,0,0,0,0,0,0,0,0,0,0,0,0,0
,,,,,0,0,0,0,0,0,0,0,0,0,0,0,0,0,0,0,0
,,,,,0,0,0,0,0,0,0,0,0,0,0,0,0,0,0,0,0
,,,,,0,0,0,0,0,0,0,0,0,0,0,0,0,0,0,0,0
,,,,,0,0,0,0,0,0,0,0,0,0,0,0,0,0,0,0,0
,,,,,0,0,0,0,0,0,0,0,0,0,0,0,0,0,0,0,0
,,,,,0,0,0,0,0,0,0,0,0,0,0,0,0,0,0,0,0
,,,,,0,0,0,0,0,0,0,0,0,0,0,0,0,0,0,0,0
0021500051,1610612763,Grizzlies,MEM,Memphis,240.000000:00,69,0,0,0,0,0,0,0,0,0,0,0,0,0,0,0
0021500051,1610612744,Warriors,GSW,Golden State,240.000000:00,119,0,0,0,0,0,0,0,0,0,0,0,0,0,0,0
,,,,,0,0,0,0,0,0,0,0,0,0,0,0,0,0,0,0,0
,,,,,0,0,0,0,0,0,0,0,0,0,0,0,0,0,0,0,0
,,,,,0,0,0,0,0,0,0,0,0,0,0,0,0,0,0,0,0
,,,,,0,0,0,0,0,0,0,0,0,0,0,0,0,0,0,0,0
0021500050,1610612757,Trail Blazers,POR,Portland,240.000000:00,106,0,0,0,0,0,0,0,0,0,0,0,0,0,0,0
0021500050,1610612750,Timberwolves,MIN,Minnesota,240.000000:00,101,0,0,0,0,0,0,0,0,0,0,0,0,0,0,0
,,,,,0,0,0,0,0,0,0,0,0,0,0,0,0,0,0,0,0
,,,,,0,0,0,0,0,0,0,0,0,0,0,0,0,0,0,0,0
,,,,,0,0,0,0,0,0,0,0,0,0,0,0,0,0,0,0,0
,,,,,0,0,0,0,0,0,0,0,0,0,0,0,0,0,0,0,0
,,,,,0,0,0,0,0,0,0,0,0,0,0,0,0,0,0,0,0
,,,,,0,0,0,0,0,0,0,0,0,0,0,0,0,0,0,0,0
,,,,,0,0,0,0,0,0,0,0,0,0,0,0,0,0,0,0,0
,,,,,0,0,0,0,0,0,0,0,0,0,0,0,0,0,0,0,0
,,,,,0,0,0,0,0,0,0,0,0,0,0,0,0,0,0,0,0
,,,,,0,0,0,0,0,0,0,0,0,0,0,0,0,0,0,0,0
,,,,,0,0,0,0,0,0,0,0,0,0,0,0,0,0,0,0,0
,,,,,0,0,0,0,0,0,0,0,0,0,0,0,0,0,0,0,0
,,,,,0,0,0,0,0,0,0,0,0,0,0,0,0,0,0,0,0
,,,,,0,0,0,0,0,0,0,0,0,0,0,0,0,0,0,0,0
,,,,,0,0,0,0,0,0,0,0,0,0,0,0,0,0,0,0,0
,,,,,0,0,0,0,0,0,0,0,0,0,0,0,0,0,0,0,0
,,,,,0,0,0,0,0,0,0,0,0,0,0,0,0,0,0,0,0
,,,,,0,0,0,0,0,0,0,0,0,0,0,0,0,0,0,0,0
,,,,,0,0,0,0,0,0,0,0,0,0,0,0,0,0,0,0,0
,,,,,0,0,0,0,0,0,0,0,0,0,0,0,0,0,0,0,0
,,,,,0,0,0,0,0,0,0,0,0,0,0,0,0,0,0,0,0
,,,,,0,0,0,0,0,0,0,0,0,0,0,0,0,0,0,0,0
,,,,,0,0,0,0,0,0,0,0,0,0,0,0,0,0,0,0,0
,,,,,0,0,0,0,0,0,0,0,0,0,0,0,0,0,0,0,0
,,,,,0,0,0,0,0,0,0,0,0,0,0,0,0,0,0,0,0
,,,,,0,0,0,0,0,0,0,0,0,0,0,0,0,0,0,0,0
,,,,,0,0,0,0,0,0,0,0,0,0,0,0,0,0,0,0,0
,,,,,0,0,0,0,0,0,0,0,0,0,0,0,0,0,0,0,0
,,,,,0,0,0,0,0,0,0,0,0,0,0,0,0,0,0,0,0
,,,,,0,0,0,0,0,0,0,0,0,0,0,0,0,0,0,0,0
,,,,,0,0,0,0,0,0,0,0,0,0,0,0,0,0,0,0,0
,,,,,0,0,0,0,0,0,0,0,0,0,0,0,0,0,0,0,0
,,,,,0,0,0,0,0,0,0,0,0,0,0,0,0,0,0,0,0
,,,,,0,0,0,0,0,0,0,0,0,0,0,0,0,0,0,0,0
,,,,,0,0,0,0,0,0,0,0,0,0,0,0,0,0,0,0,0
,,,,,0,0,0,0,0,0,0,0,0,0,0,0,0,0,0,0,0
,,,,,0,0,0,0,0,0,0,0,0,0,0,0,0,0,0,0,0
,,,,,0,0,0,0,0,0,0,0,0,0,0,0,0,0,0,0,0
,,,,,0,0,0,0,0,0,0,0,0,0,0,0,0,0,0,0,0
,,,,,0,0,0,0,0,0,0,0,0,0,0,0,0,0,0,0,0
,,,,,0,0,0,0,0,0,0,0,0,0,0,0,0,0,0,0,0
,,,,,0,0,0,0,0,0,0,0,0,0,0,0,0,0,0,0,0
,,,,,0,0,0,0,0,0,0,0,0,0,0,0,0,0,0,0,0
,,,,,0,0,0,0,0,0,0,0,0,0,0,0,0,0,0,0,0
,,,,,0,0,0,0,0,0,0,0,0,0,0,0,0,0,0,0,0
,,,,,0,0,0,0,0,0,0,0,0,0,0,0,0,0,0,0,0
,,,,,0,0,0,0,0,0,0,0,0,0,0,0,0,0,0,0,0
,,,,,0,0,0,0,0,0,0,0,0,0,0,0,0,0,0,0,0
,,,,,0,0,0,0,0,0,0,0,0,0,0,0,0,0,0,0,0
,,,,,0,0,0,0,0,0,0,0,0,0,0,0,0,0,0,0,0
,,,,,0,0,0,0,0,0,0,0,0,0,0,0,0,0,0,0,0
,,,,,0,0,0,0,0,0,0,0,0,0,0,0,0,0,0,0,0
,,,,,0,0,0,0,0,0,0,0,0,0,0,0,0,0,0,0,0
0021500106,1610612762,Jazz,UTA,Utah,240.000000:00,114,0,0,0,0,0,0,0,0,0,0,0,0,0,0,0
0021500106,1610612739,Cavaliers,CLE,Cleveland,240.000000:00,118,0,0,0,0,0,0,0,0,0,0,0,0,0,0,0
,,,,,0,0,0,0,0,0,0,0,0,0,0,0,0,0,0,0,0
,,,,,0,0,0,0,0,0,0,0,0,0,0,0,0,0,0,0,0
,,,,,0,0,0,0,0,0,0,0,0,0,0,0,0,0,0,0,0
,,,,,0,0,0,0,0,0,0,0,0,0,0,0,0,0,0,0,0
,,,,,0,0,0,0,0,0,0,0,0,0,0,0,0,0,0,0,0
,,,,,0,0,0,0,0,0,0,0,0,0,0,0,0,0,0,0,0
,,,,,0,0,0,0,0,0,0,0,0,0,0,0,0,0,0,0,0
,,,,,0,0,0,0,0,0,0,0,0,0,0,0,0,0,0,0,0
,,,,,0,0,0,0,0,0,0,0,0,0,0,0,0,0,0,0,0
,,,,,0,0,0,0,0,0,0,0,0,0,0,0,0,0,0,0,0
,,,,,0,0,0,0,0,0,0,0,0,0,0,0,0,0,0,0,0
,,,,,0,0,0,0,0,0,0,0,0,0,0,0,0,0,0,0,0
,,,,,0,0,0,0,0,0,0,0,0,0,0,0,0,0,0,0,0
,,,,,0,0,0,0,0,0,0,0,0,0,0,0,0,0,0,0,0
,,,,,0,0,0,0,0,0,0,0,0,0,0,0,0,0,0,0,0
,,,,,0,0,0,0,0,0,0,0,0,0,0,0,0,0,0,0,0
,,,,,0,0,0,0,0,0,0,0,0,0,0,0,0,0,0,0,0
,,,,,0,0,0,0,0,0,0,0,0,0,0,0,0,0,0,0,0
,,,,,0,0,0,0,0,0,0,0,0,0,0,0,0,0,0,0,0
,,,,,0,0,0,0,0,0,0,0,0,0,0,0,0,0,0,0,0
,,,,,0,0,0,0,0,0,0,0,0,0,0,0,0,0,0,0,0
,,,,,0,0,0,0,0,0,0,0,0,0,0,0,0,0,0,0,0
,,,,,0,0,0,0,0,0,0,0,0,0,0,0,0,0,0,0,0
,,,,,0,0,0,0,0,0,0,0,0,0,0,0,0,0,0,0,0
,,,,,0,0,0,0,0,0,0,0,0,0,0,0,0,0,0,0,0
,,,,,0,0,0,0,0,0,0,0,0,0,0,0,0,0,0,0,0
,,,,,0,0,0,0,0,0,0,0,0,0,0,0,0,0,0,0,0
,,,,,0,0,0,0,0,0,0,0,0,0,0,0,0,0,0,0,0
,,,,,0,0,0,0,0,0,0,0,0,0,0,0,0,0,0,0,0
,,,,,0,0,0,0,0,0,0,0,0,0,0,0,0,0,0,0,0
,,,,,0,0,0,0,0,0,0,0,0,0,0,0,0,0,0,0,0
,,,,,0,0,0,0,0,0,0,0,0,0,0,0,0,0,0,0,0
,,,,,0,0,0,0,0,0,0,0,0,0,0,0,0,0,0,0,0
,,,,,0,0,0,0,0,0,0,0,0,0,0,0,0,0,0,0,0
,,,,,0,0,0,0,0,0,0,0,0,0,0,0,0,0,0,0,0
,,,,,0,0,0,0,0,0,0,0,0,0,0,0,0,0,0,0,0
,,,,,0,0,0,0,0,0,0,0,0,0,0,0,0,0,0,0,0
,,,,,0,0,0,0,0,0,0,0,0,0,0,0,0,0,0,0,0
,,,,,0,0,0,0,0,0,0,0,0,0,0,0,0,0,0,0,0
,,,,,0,0,0,0,0,0,0,0,0,0,0,0,0,0,0,0,0
,,,,,0,0,0,0,0,0,0,0,0,0,0,0,0,0,0,0,0
,,,,,0,0,0,0,0,0,0,0,0,0,0,0,0,0,0,0,0
,,,,,0,0,0,0,0,0,0,0,0,0,0,0,0,0,0,0,0
,,,,,0,0,0,0,0,0,0,0,0,0,0,0,0,0,0,0,0
,,,,,0,0,0,0,0,0,0,0,0,0,0,0,0,0,0,0,0
,,,,,0,0,0,0,0,0,0,0,0,0,0,0,0,0,0,0,0
,,,,,0,0,0,0,0,0,0,0,0,0,0,0,0,0,0,0,0
,,,,,0,0,0,0,0,0,0,0,0,0,0,0,0,0,0,0,0
,,,,,0,0,0,0,0,0,0,0,0,0,0,0,0,0,0,0,0
,,,,,0,0,0,0,0,0,0,0,0,0,0,0,0,0,0,0,0
,,,,,0,0,0,0,0,0,0,0,0,0,0,0,0,0,0,0,0
,,,,,0,0,0,0,0,0,0,0,0,0,0,0,0,0,0,0,0
,,,,,0,0,0,0,0,0,0,0,0,0,0,0,0,0,0,0,0
,,,,,0,0,0,0,0,0,0,0,0,0,0,0,0,0,0,0,0
,,,,,0,0,0,0,0,0,0,0,0,0,0,0,0,0,0,0,0
,,,,,0,0,0,0,0,0,0,0,0,0,0,0,0,0,0,0,0
,,,,,0,0,0,0,0,0,0,0,0,0,0,0,0,0,0,0,0
,,,,,0,0,0,0,0,0,0,0,0,0,0,0,0,0,0,0,0
,,,,,0,0,0,0,0,0,0,0,0,0,0,0,0,0,0,0,0
,,,,,0,0,0,0,0,0,0,0,0,0,0,0,0,0,0,0,0
,,,,,0,0,0,0,0,0,0,0,0,0,0,0,0,0,0,0,0
,,,,,0,0,0,0,0,0,0,0,0,0,0,0,0,0,0,0,0
,,,,,0,0,0,0,0,0,0,0,0,0,0,0,0,0,0,0,0
,,,,,0,0,0,0,0,0,0,0,0,0,0,0,0,0,0,0,0
,,,,,0,0,0,0,0,0,0,0,0,0,0,0,0,0,0,0,0
,,,,,0,0,0,0,0,0,0,0,0,0,0,0,0,0,0,0,0
,,,,,0,0,0,0,0,0,0,0,0,0,0,0,0,0,0,0,0
,,,,,0,0,0,0,0,0,0,0,0,0,0,0,0,0,0,0,0
,,,,,0,0,0,0,0,0,0,0,0,0,0,0,0,0,0,0,0
,,,,,0,0,0,0,0,0,0,0,0,0,0,0,0,0,0,0,0
,,,,,0,0,0,0,0,0,0,0,0,0,0,0,0,0,0,0,0
,,,,,0,0,0,0,0,0,0,0,0,0,0,0,0,0,0,0,0
,,,,,0,0,0,0,0,0,0,0,0,0,0,0,0,0,0,0,0
,,,,,0,0,0,0,0,0,0,0,0,0,0,0,0,0,0,0,0
,,,,,0,0,0,0,0,0,0,0,0,0,0,0,0,0,0,0,0
,,,,,0,0,0,0,0,0,0,0,0,0,0,0,0,0,0,0,0
,,,,,0,0,0,0,0,0,0,0,0,0,0,0,0,0,0,0,0
,,,,,0,0,0,0,0,0,0,0,0,0,0,0,0,0,0,0,0
,,,,,0,0,0,0,0,0,0,0,0,0,0,0,0,0,0,0,0
,,,,,0,0,0,0,0,0,0,0,0,0,0,0,0,0,0,0,0
,,,,,0,0,0,0,0,0,0,0,0,0,0,0,0,0,0,0,0
,,,,,0,0,0,0,0,0,0,0,0,0,0,0,0,0,0,0,0
,,,,,0,0,0,0,0,0,0,0,0,0,0,0,0,0,0,0,0
,,,,,0,0,0,0,0,0,0,0,0,0,0,0,0,0,0,0,0
,,,,,0,0,0,0,0,0,0,0,0,0,0,0,0,0,0,0,0
,,,,,0,0,0,0,0,0,0,0,0,0,0,0,0,0,0,0,0
,,,,,0,0,0,0,0,0,0,0,0,0,0,0,0,0,0,0,0
,,,,,0,0,0,0,0,0,0,0,0,0,0,0,0,0,0,0,0
,,,,,0,0,0,0,0,0,0,0,0,0,0,0,0,0,0,0,0
,,,,,0,0,0,0,0,0,0,0,0,0,0,0,0,0,0,0,0
,,,,,0,0,0,0,0,0,0,0,0,0,0,0,0,0,0,0,0
,,,,,0,0,0,0,0,0,0,0,0,0,0,0,0,0,0,0,0
,,,,,0,0,0,0,0,0,0,0,0,0,0,0,0,0,0,0,0
,,,,,0,0,0,0,0,0,0,0,0,0,0,0,0,0,0,0,0
,,,,,0,0,0,0,0,0,0,0,0,0,0,0,0,0,0,0,0
,,,,,0,0,0,0,0,0,0,0,0,0,0,0,0,0,0,0,0
,,,,,0,0,0,0,0,0,0,0,0,0,0,0,0,0,0,0,0
,,,,,0,0,0,0,0,0,0,0,0,0,0,0,0,0,0,0,0
,,,,,0,0,0,0,0,0,0,0,0,0,0,0,0,0,0,0,0
0021500205,1610612765,Pistons,DET,Detroit,240.000000:00,88,0,0,0,0,0,0,0,0,0,0,0,0,0,0,0
0021500205,1610612749,Bucks,MIL,Milwaukee,240.000000:00,109,0,0,0,0,0,0,0,0,0,0,0,0,0,0,0
,,,,,0,0,0,0,0,0,0,0,0,0,0,0,0,0,0,0,0
,,,,,0,0,0,0,0,0,0,0,0,0,0,0,0,0,0,0,0
,,,,,0,0,0,0,0,0,0,0,0,0,0,0,0,0,0,0,0
,,,,,0,0,0,0,0,0,0,0,0,0,0,0,0,0,0,0,0
,,,,,0,0,0,0,0,0,0,0,0,0,0,0,0,0,0,0,0
,,,,,0,0,0,0,0,0,0,0,0,0,0,0,0,0,0,0,0
,,,,,0,0,0,0,0,0,0,0,0,0,0,0,0,0,0,0,0
,,,,,0,0,0,0,0,0,0,0,0,0,0,0,0,0,0,0,0
,,,,,0,0,0,0,0,0,0,0,0,0,0,0,0,0,0,0,0
,,,,,0,0,0,0,0,0,0,0,0,0,0,0,0,0,0,0,0
,,,,,0,0,0,0,0,0,0,0,0,0,0,0,0,0,0,0,0
,,,,,0,0,0,0,0,0,0,0,0,0,0,0,0,0,0,0,0
,,,,,0,0,0,0,0,0,0,0,0,0,0,0,0,0,0,0,0
,,,,,0,0,0,0,0,0,0,0,0,0,0,0,0,0,0,0,0
,,,,,0,0,0,0,0,0,0,0,0,0,0,0,0,0,0,0,0
,,,,,0,0,0,0,0,0,0,0,0,0,0,0,0,0,0,0,0
,,,,,0,0,0,0,0,0,0,0,0,0,0,0,0,0,0,0,0
,,,,,0,0,0,0,0,0,0,0,0,0,0,0,0,0,0,0,0
,,,,,0,0,0,0,0,0,0,0,0,0,0,0,0,0,0,0,0
,,,,,0,0,0,0,0,0,0,0,0,0,0,0,0,0,0,0,0
,,,,,0,0,0,0,0,0,0,0,0,0,0,0,0,0,0,0,0
,,,,,0,0,0,0,0,0,0,0,0,0,0,0,0,0,0,0,0
,,,,,0,0,0,0,0,0,0,0,0,0,0,0,0,0,0,0,0
,,,,,0,0,0,0,0,0,0,0,0,0,0,0,0,0,0,0,0
,,,,,0,0,0,0,0,0,0,0,0,0,0,0,0,0,0,0,0
,,,,,0,0,0,0,0,0,0,0,0,0,0,0,0,0,0,0,0
,,,,,0,0,0,0,0,0,0,0,0,0,0,0,0,0,0,0,0
,,,,,0,0,0,0,0,0,0,0,0,0,0,0,0,0,0,0,0
,,,,,0,0,0,0,0,0,0,0,0,0,0,0,0,0,0,0,0
,,,,,0,0,0,0,0,0,0,0,0,0,0,0,0,0,0,0,0
,,,,,0,0,0,0,0,0,0,0,0,0,0,0,0,0,0,0,0
,,,,,0,0,0,0,0,0,0,0,0,0,0,0,0,0,0,0,0
,,,,,0,0,0,0,0,0,0,0,0,0,0,0,0,0,0,0,0
,,,,,0,0,0,0,0,0,0,0,0,0,0,0,0,0,0,0,0
,,,,,0,0,0,0,0,0,0,0,0,0,0,0,0,0,0,0,0
,,,,,0,0,0,0,0,0,0,0,0,0,0,0,0,0,0,0,0
,,,,,0,0,0,0,0,0,0,0,0,0,0,0,0,0,0,0,0
,,,,,0,0,0,0,0,0,0,0,0,0,0,0,0,0,0,0,0
,,,,,0,0,0,0,0,0,0,0,0,0,0,0,0,0,0,0,0
,,,,,0,0,0,0,0,0,0,0,0,0,0,0,0,0,0,0,0
,,,,,0,0,0,0,0,0,0,0,0,0,0,0,0,0,0,0,0
,,,,,0,0,0,0,0,0,0,0,0,0,0,0,0,0,0,0,0
,,,,,0,0,0,0,0,0,0,0,0,0,0,0,0,0,0,0,0
,,,,,0,0,0,0,0,0,0,0,0,0,0,0,0,0,0,0,0
,,,,,0,0,0,0,0,0,0,0,0,0,0,0,0,0,0,0,0
0021500250,1610612756,Suns,PHX,Phoenix,240.000000:00,107,0,0,0,0,0,0,0,0,0,0,0,0,0,0,0
0021500250,1610612761,Raptors,TOR,Toronto,240.000000:00,102,0,0,0,0,0,0,0,0,0,0,0,0,0,0,0
,,,,,0,0,0,0,0,0,0,0,0,0,0,0,0,0,0,0,0
,,,,,0,0,0,0,0,0,0,0,0,0,0,0,0,0,0,0,0
,,,,,0,0,0,0,0,0,0,0,0,0,0,0,0,0,0,0,0
,,,,,0,0,0,0,0,0,0,0,0,0,0,0,0,0,0,0,0
,,,,,0,0,0,0,0,0,0,0,0,0,0,0,0,0,0,0,0
,,,,,0,0,0,0,0,0,0,0,0,0,0,0,0,0,0,0,0
,,,,,0,0,0,0,0,0,0,0,0,0,0,0,0,0,0,0,0
,,,,,0,0,0,0,0,0,0,0,0,0,0,0,0,0,0,0,0
,,,,,0,0,0,0,0,0,0,0,0,0,0,0,0,0,0,0,0
,,,,,0,0,0,0,0,0,0,0,0,0,0,0,0,0,0,0,0
,,,,,0,0,0,0,0,0,0,0,0,0,0,0,0,0,0,0,0
,,,,,0,0,0,0,0,0,0,0,0,0,0,0,0,0,0,0,0
,,,,,0,0,0,0,0,0,0,0,0,0,0,0,0,0,0,0,0
,,,,,0,0,0,0,0,0,0,0,0,0,0,0,0,0,0,0,0
,,,,,0,0,0,0,0,0,0,0,0,0,0,0,0,0,0,0,0
,,,,,0,0,0,0,0,0,0,0,0,0,0,0,0,0,0,0,0
,,,,,0,0,0,0,0,0,0,0,0,0,0,0,0,0,0,0,0
,,,,,0,0,0,0,0,0,0,0,0,0,0,0,0,0,0,0,0
,,,,,0,0,0,0,0,0,0,0,0,0,0,0,0,0,0,0,0
,,,,,0,0,0,0,0,0,0,0,0,0,0,0,0,0,0,0,0
,,,,,0,0,0,0,0,0,0,0,0,0,0,0,0,0,0,0,0
,,,,,0,0,0,0,0,0,0,0,0,0,0,0,0,0,0,0,0
,,,,,0,0,0,0,0,0,0,0,0,0,0,0,0,0,0,0,0
,,,,,0,0,0,0,0,0,0,0,0,0,0,0,0,0,0,0,0
,,,,,0,0,0,0,0,0,0,0,0,0,0,0,0,0,0,0,0
,,,,,0,0,0,0,0,0,0,0,0,0,0,0,0,0,0,0,0
,,,,,0,0,0,0,0,0,0,0,0,0,0,0,0,0,0,0,0
,,,,,0,0,0,0,0,0,0,0,0,0,0,0,0,0,0,0,0
,,,,,0,0,0,0,0,0,0,0,0,0,0,0,0,0,0,0,0
,,,,,0,0,0,0,0,0,0,0,0,0,0,0,0,0,0,0,0
,,,,,0,0,0,0,0,0,0,0,0,0,0,0,0,0,0,0,0
,,,,,0,0,0,0,0,0,0,0,0,0,0,0,0,0,0,0,0
,,,,,0,0,0,0,0,0,0,0,0,0,0,0,0,0,0,0,0
,,,,,0,0,0,0,0,0,0,0,0,0,0,0,0,0,0,0,0
,,,,,0,0,0,0,0,0,0,0,0,0,0,0,0,0,0,0,0
,,,,,0,0,0,0,0,0,0,0,0,0,0,0,0,0,0,0,0
,,,,,0,0,0,0,0,0,0,0,0,0,0,0,0,0,0,0,0
,,,,,0,0,0,0,0,0,0,0,0,0,0,0,0,0,0,0,0
,,,,,0,0,0,0,0,0,0,0,0,0,0,0,0,0,0,0,0
,,,,,0,0,0,0,0,0,0,0,0,0,0,0,0,0,0,0,0
,,,,,0,0,0,0,0,0,0,0,0,0,0,0,0,0,0,0,0
,,,,,0,0,0,0,0,0,0,0,0,0,0,0,0,0,0,0,0
,,,,,0,0,0,0,0,0,0,0,0,0,0,0,0,0,0,0,0
,,,,,0,0,0,0,0,0,0,0,0,0,0,0,0,0,0,0,0
,,,,,0,0,0,0,0,0,0,0,0,0,0,0,0,0,0,0,0
,,,,,0,0,0,0,0,0,0,0,0,0,0,0,0,0,0,0,0
,,,,,0,0,0,0,0,0,0,0,0,0,0,0,0,0,0,0,0
,,,,,0,0,0,0,0,0,0,0,0,0,0,0,0,0,0,0,0
,,,,,0,0,0,0,0,0,0,0,0,0,0,0,0,0,0,0,0
,,,,,0,0,0,0,0,0,0,0,0,0,0,0,0,0,0,0,0
,,,,,0,0,0,0,0,0,0,0,0,0,0,0,0,0,0,0,0
,,,,,0,0,0,0,0,0,0,0,0,0,0,0,0,0,0,0,0
,,,,,0,0,0,0,0,0,0,0,0,0,0,0,0,0,0,0,0
,,,,,0,0,0,0,0,0,0,0,0,0,0,0,0,0,0,0,0
,,,,,0,0,0,0,0,0,0,0,0,0,0,0,0,0,0,0,0
,,,,,0,0,0,0,0,0,0,0,0,0,0,0,0,0,0,0,0
,,,,,0,0,0,0,0,0,0,0,0,0,0,0,0,0,0,0,0
,,,,,0,0,0,0,0,0,0,0,0,0,0,0,0,0,0,0,0
,,,,,0,0,0,0,0,0,0,0,0,0,0,0,0,0,0,0,0
,,,,,0,0,0,0,0,0,0,0,0,0,0,0,0,0,0,0,0
,,,,,0,0,0,0,0,0,0,0,0,0,0,0,0,0,0,0,0
,,,,,0,0,0,0,0,0,0,0,0,0,0,0,0,0,0,0,0
,,,,,0,0,0,0,0,0,0,0,0,0,0,0,0,0,0,0,0
,,,,,0,0,0,0,0,0,0,0,0,0,0,0,0,0,0,0,0
,,,,,0,0,0,0,0,0,0,0,0,0,0,0,0,0,0,0,0
,,,,,0,0,0,0,0,0,0,0,0,0,0,0,0,0,0,0,0
,,,,,0,0,0,0,0,0,0,0,0,0,0,0,0,0,0,0,0
,,,,,0,0,0,0,0,0,0,0,0,0,0,0,0,0,0,0,0
,,,,,0,0,0,0,0,0,0,0,0,0,0,0,0,0,0,0,0
,,,,,0,0,0,0,0,0,0,0,0,0,0,0,0,0,0,0,0
,,,,,0,0,0,0,0,0,0,0,0,0,0,0,0,0,0,0,0
,,,,,0,0,0,0,0,0,0,0,0,0,0,0,0,0,0,0,0
,,,,,0,0,0,0,0,0,0,0,0,0,0,0,0,0,0,0,0
,,,,,0,0,0,0,0,0,0,0,0,0,0,0,0,0,0,0,0
,,,,,0,0,0,0,0,0,0,0,0,0,0,0,0,0,0,0,0
,,,,,0,0,0,0,0,0,0,0,0,0,0,0,0,0,0,0,0
,,,,,0,0,0,0,0,0,0,0,0,0,0,0,0,0,0,0,0
,,,,,0,0,0,0,0,0,0,0,0,0,0,0,0,0,0,0,0
,,,,,0,0,0,0,0,0,0,0,0,0,0,0,0,0,0,0,0
,,,,,0,0,0,0,0,0,0,0,0,0,0,0,0,0,0,0,0
,,,,,0,0,0,0,0,0,0,0,0,0,0,0,0,0,0,0,0
,,,,,0,0,0,0,0,0,0,0,0,0,0,0,0,0,0,0,0
,,,,,0,0,0,0,0,0,0,0,0,0,0,0,0,0,0,0,0
,,,,,0,0,0,0,0,0,0,0,0,0,0,0,0,0,0,0,0
,,,,,0,0,0,0,0,0,0,0,0,0,0,0,0,0,0,0,0
,,,,,0,0,0,0,0,0,0,0,0,0,0,0,0,0,0,0,0
,,,,,0,0,0,0,0,0,0,0,0,0,0,0,0,0,0,0,0
,,,,,0,0,0,0,0,0,0,0,0,0,0,0,0,0,0,0,0
,,,,,0,0,0,0,0,0,0,0,0,0,0,0,0,0,0,0,0
,,,,,0,0,0,0,0,0,0,0,0,0,0,0,0,0,0,0,0
,,,,,0,0,0,0,0,0,0,0,0,0,0,0,0,0,0,0,0
,,,,,0,0,0,0,0,0,0,0,0,0,0,0,0,0,0,0,0
,,,,,0,0,0,0,0,0,0,0,0,0,0,0,0,0,0,0,0
,,,,,0,0,0,0,0,0,0,0,0,0,0,0,0,0,0,0,0
,,,,,0,0,0,0,0,0,0,0,0,0,0,0,0,0,0,0,0
,,,,,0,0,0,0,0,0,0,0,0,0,0,0,0,0,0,0,0
,,,,,0,0,0,0,0,0,0,0,0,0,0,0,0,0,0,0,0
,,,,,0,0,0,0,0,0,0,0,0,0,0,0,0,0,0,0,0
,,,,,0,0,0,0,0,0,0,0,0,0,0,0,0,0,0,0,0
,,,,,0,0,0,0,0,0,0,0,0,0,0,0,0,0,0,0,0
,,,,,0,0,0,0,0,0,0,0,0,0,0,0,0,0,0,0,0
,,,,,0,0,0,0,0,0,0,0,0,0,0,0,0,0,0,0,0
,,,,,0,0,0,0,0,0,0,0,0,0,0,0,0,0,0,0,0
,,,,,0,0,0,0,0,0,0,0,0,0,0,0,0,0,0,0,0
,,,,,0,0,0,0,0,0,0,0,0,0,0,0,0,0,0,0,0
,,,,,0,0,0,0,0,0,0,0,0,0,0,0,0,0,0,0,0
,,,,,0,0,0,0,0,0,0,0,0,0,0,0,0,0,0,0,0
,,,,,0,0,0,0,0,0,0,0,0,0,0,0,0,0,0,0,0
,,,,,0,0,0,0,0,0,0,0,0,0,0,0,0,0,0,0,0
,,,,,0,0,0,0,0,0,0,0,0,0,0,0,0,0,0,0,0
,,,,,0,0,0,0,0,0,0,0,0,0,0,0,0,0,0,0,0
,,,,,0,0,0,0,0,0,0,0,0,0,0,0,0,0,0,0,0
,,,,,0,0,0,0,0,0,0,0,0,0,0,0,0,0,0,0,0
,,,,,0,0,0,0,0,0,0,0,0,0,0,0,0,0,0,0,0
,,,,,0,0,0,0,0,0,0,0,0,0,0,0,0,0,0,0,0
,,,,,0,0,0,0,0,0,0,0,0,0,0,0,0,0,0,0,0
,,,,,0,0,0,0,0,0,0,0,0,0,0,0,0,0,0,0,0
,,,,,0,0,0,0,0,0,0,0,0,0,0,0,0,0,0,0,0
,,,,,0,0,0,0,0,0,0,0,0,0,0,0,0,0,0,0,0
,,,,,0,0,0,0,0,0,0,0,0,0,0,0,0,0,0,0,0
,,,,,0,0,0,0,0,0,0,0,0,0,0,0,0,0,0,0,0
,,,,,0,0,0,0,0,0,0,0,0,0,0,0,0,0,0,0,0
,,,,,0,0,0,0,0,0,0,0,0,0,0,0,0,0,0,0,0
,,,,,0,0,0,0,0,0,0,0,0,0,0,0,0,0,0,0,0
,,,,,0,0,0,0,0,0,0,0,0,0,0,0,0,0,0,0,0
,,,,,0,0,0,0,0,0,0,0,0,0,0,0,0,0,0,0,0
,,,,,0,0,0,0,0,0,0,0,0,0,0,0,0,0,0,0,0
,,,,,0,0,0,0,0,0,0,0,0,0,0,0,0,0,0,0,0
,,,,,0,0,0,0,0,0,0,0,0,0,0,0,0,0,0,0,0
,,,,,0,0,0,0,0,0,0,0,0,0,0,0,0,0,0,0,0
,,,,,0,0,0,0,0,0,0,0,0,0,0,0,0,0,0,0,0
,,,,,0,0,0,0,0,0,0,0,0,0,0,0,0,0,0,0,0
,,,,,0,0,0,0,0,0,0,0,0,0,0,0,0,0,0,0,0
,,,,,0,0,0,0,0,0,0,0,0,0,0,0,0,0,0,0,0
,,,,,0,0,0,0,0,0,0,0,0,0,0,0,0,0,0,0,0
,,,,,0,0,0,0,0,0,0,0,0,0,0,0,0,0,0,0,0
,,,,,0,0,0,0,0,0,0,0,0,0,0,0,0,0,0,0,0
,,,,,0,0,0,0,0,0,0,0,0,0,0,0,0,0,0,0,0
,,,,,0,0,0,0,0,0,0,0,0,0,0,0,0,0,0,0,0
,,,,,0,0,0,0,0,0,0,0,0,0,0,0,0,0,0,0,0
,,,,,0,0,0,0,0,0,0,0,0,0,0,0,0,0,0,0,0
,,,,,0,0,0,0,0,0,0,0,0,0,0,0,0,0,0,0,0
,,,,,0,0,0,0,0,0,0,0,0,0,0,0,0,0,0,0,0
,,,,,0,0,0,0,0,0,0,0,0,0,0,0,0,0,0,0,0
,,,,,0,0,0,0,0,0,0,0,0,0,0,0,0,0,0,0,0
,,,,,0,0,0,0,0,0,0,0,0,0,0,0,0,0,0,0,0
,,,,,0,0,0,0,0,0,0,0,0,0,0,0,0,0,0,0,0
,,,,,0,0,0,0,0,0,0,0,0,0,0,0,0,0,0,0,0
,,,,,0,0,0,0,0,0,0,0,0,0,0,0,0,0,0,0,0
,,,,,0,0,0,0,0,0,0,0,0,0,0,0,0,0,0,0,0
,,,,,0,0,0,0,0,0,0,0,0,0,0,0,0,0,0,0,0
,,,,,0,0,0,0,0,0,0,0,0,0,0,0,0,0,0,0,0
,,,,,0,0,0,0,0,0,0,0,0,0,0,0,0,0,0,0,0
,,,,,0,0,0,0,0,0,0,0,0,0,0,0,0,0,0,0,0
,,,,,0,0,0,0,0,0,0,0,0,0,0,0,0,0,0,0,0
,,,,,0,0,0,0,0,0,0,0,0,0,0,0,0,0,0,0,0
,,,,,0,0,0,0,0,0,0,0,0,0,0,0,0,0,0,0,0
,,,,,0,0,0,0,0,0,0,0,0,0,0,0,0,0,0,0,0
,,,,,0,0,0,0,0,0,0,0,0,0,0,0,0,0,0,0,0
,,,,,0,0,0,0,0,0,0,0,0,0,0,0,0,0,0,0,0
,,,,,0,0,0,0,0,0,0,0,0,0,0,0,0,0,0,0,0
,,,,,0,0,0,0,0,0,0,0,0,0,0,0,0,0,0,0,0
,,,,,0,0,0,0,0,0,0,0,0,0,0,0,0,0,0,0,0
,,,,,0,0,0,0,0,0,0,0,0,0,0,0,0,0,0,0,0
,,,,,0,0,0,0,0,0,0,0,0,0,0,0,0,0,0,0,0
,,,,,0,0,0,0,0,0,0,0,0,0,0,0,0,0,0,0,0
,,,,,0,0,0,0,0,0,0,0,0,0,0,0,0,0,0,0,0
,,,,,0,0,0,0,0,0,0,0,0,0,0,0,0,0,0,0,0
,,,,,0,0,0,0,0,0,0,0,0,0,0,0,0,0,0,0,0
,,,,,0,0,0,0,0,0,0,0,0,0,0,0,0,0,0,0,0
,,,,,0,0,0,0,0,0,0,0,0,0,0,0,0,0,0,0,0
,,,,,0,0,0,0,0,0,0,0,0,0,0,0,0,0,0,0,0
0021500433,1610612743,Nuggets,DEN,Denver,240.000000:00,104,0,0,0,0,0,0,0,0,0,0,0,0,0,0,0
0021500433,1610612756,Suns,PHX,Phoenix,240.000000:00,96,0,0,0,0,0,0,0,0,0,0,0,0,0,0,0
,,,,,0,0,0,0,0,0,0,0,0,0,0,0,0,0,0,0,0
,,,,,0,0,0,0,0,0,0,0,0,0,0,0,0,0,0,0,0
0021500424,1610612752,Knicks,NYK,New York,240.000000:00,84,0,0,0,0,0,0,0,0,0,0,0,0,0,0,0
0021500424,1610612739,Cavaliers,CLE,Cleveland,240.000000:00,91,0,0,0,0,0,0,0,0,0,0,0,0,0,0,0
,,,,,0,0,0,0,0,0,0,0,0,0,0,0,0,0,0,0,0
,,,,,0,0,0,0,0,0,0,0,0,0,0,0,0,0,0,0,0
,,,,,0,0,0,0,0,0,0,0,0,0,0,0,0,0,0,0,0
,,,,,0,0,0,0,0,0,0,0,0,0,0,0,0,0,0,0,0
,,,,,0,0,0,0,0,0,0,0,0,0,0,0,0,0,0,0,0
,,,,,0,0,0,0,0,0,0,0,0,0,0,0,0,0,0,0,0
,,,,,0,0,0,0,0,0,0,0,0,0,0,0,0,0,0,0,0
,,,,,0,0,0,0,0,0,0,0,0,0,0,0,0,0,0,0,0
,,,,,0,0,0,0,0,0,0,0,0,0,0,0,0,0,0,0,0
,,,,,0,0,0,0,0,0,0,0,0,0,0,0,0,0,0,0,0
,,,,,0,0,0,0,0,0,0,0,0,0,0,0,0,0,0,0,0
,,,,,0,0,0,0,0,0,0,0,0,0,0,0,0,0,0,0,0
,,,,,0,0,0,0,0,0,0,0,0,0,0,0,0,0,0,0,0
,,,,,0,0,0,0,0,0,0,0,0,0,0,0,0,0,0,0,0
,,,,,0,0,0,0,0,0,0,0,0,0,0,0,0,0,0,0,0
,,,,,0,0,0,0,0,0,0,0,0,0,0,0,0,0,0,0,0
,,,,,0,0,0,0,0,0,0,0,0,0,0,0,0,0,0,0,0
,,,,,0,0,0,0,0,0,0,0,0,0,0,0,0,0,0,0,0
,,,,,0,0,0,0,0,0,0,0,0,0,0,0,0,0,0,0,0
,,,,,0,0,0,0,0,0,0,0,0,0,0,0,0,0,0,0,0
,,,,,0,0,0,0,0,0,0,0,0,0,0,0,0,0,0,0,0
,,,,,0,0,0,0,0,0,0,0,0,0,0,0,0,0,0,0,0
,,,,,0,0,0,0,0,0,0,0,0,0,0,0,0,0,0,0,0
,,,,,0,0,0,0,0,0,0,0,0,0,0,0,0,0,0,0,0
,,,,,0,0,0,0,0,0,0,0,0,0,0,0,0,0,0,0,0
,,,,,0,0,0,0,0,0,0,0,0,0,0,0,0,0,0,0,0
,,,,,0,0,0,0,0,0,0,0,0,0,0,0,0,0,0,0,0
,,,,,0,0,0,0,0,0,0,0,0,0,0,0,0,0,0,0,0
,,,,,0,0,0,0,0,0,0,0,0,0,0,0,0,0,0,0,0
0021500468,1610612758,Kings,SAC,Sacramento,240.000000:00,103,0,0,0,0,0,0,0,0,0,0,0,0,0,0,0
0021500468,1610612744,Warriors,GSW,Golden State,240.000000:00,122,0,0,0,0,0,0,0,0,0,0,0,0,0,0,0
,,,,,0,0,0,0,0,0,0,0,0,0,0,0,0,0,0,0,0
,,,,,0,0,0,0,0,0,0,0,0,0,0,0,0,0,0,0,0
,,,,,0,0,0,0,0,0,0,0,0,0,0,0,0,0,0,0,0
,,,,,0,0,0,0,0,0,0,0,0,0,0,0,0,0,0,0,0
,,,,,0,0,0,0,0,0,0,0,0,0,0,0,0,0,0,0,0
,,,,,0,0,0,0,0,0,0,0,0,0,0,0,0,0,0,0,0
,,,,,0,0,0,0,0,0,0,0,0,0,0,0,0,0,0,0,0
,,,,,0,0,0,0,0,0,0,0,0,0,0,0,0,0,0,0,0
,,,,,0,0,0,0,0,0,0,0,0,0,0,0,0,0,0,0,0
,,,,,0,0,0,0,0,0,0,0,0,0,0,0,0,0,0,0,0
,,,,,0,0,0,0,0,0,0,0,0,0,0,0,0,0,0,0,0
,,,,,0,0,0,0,0,0,0,0,0,0,0,0,0,0,0,0,0
,,,,,0,0,0,0,0,0,0,0,0,0,0,0,0,0,0,0,0
,,,,,0,0,0,0,0,0,0,0,0,0,0,0,0,0,0,0,0
,,,,,0,0,0,0,0,0,0,0,0,0,0,0,0,0,0,0,0
,,,,,0,0,0,0,0,0,0,0,0,0,0,0,0,0,0,0,0
,,,,,0,0,0,0,0,0,0,0,0,0,0,0,0,0,0,0,0
,,,,,0,0,0,0,0,0,0,0,0,0,0,0,0,0,0,0,0
,,,,,0,0,0,0,0,0,0,0,0,0,0,0,0,0,0,0,0
,,,,,0,0,0,0,0,0,0,0,0,0,0,0,0,0,0,0,0
,,,,,0,0,0,0,0,0,0,0,0,0,0,0,0,0,0,0,0
,,,,,0,0,0,0,0,0,0,0,0,0,0,0,0,0,0,0,0
,,,,,0,0,0,0,0,0,0,0,0,0,0,0,0,0,0,0,0
,,,,,0,0,0,0,0,0,0,0,0,0,0,0,0,0,0,0,0
,,,,,0,0,0,0,0,0,0,0,0,0,0,0,0,0,0,0,0
,,,,,0,0,0,0,0,0,0,0,0,0,0,0,0,0,0,0,0
,,,,,0,0,0,0,0,0,0,0,0,0,0,0,0,0,0,0,0
,,,,,0,0,0,0,0,0,0,0,0,0,0,0,0,0,0,0,0
,,,,,0,0,0,0,0,0,0,0,0,0,0,0,0,0,0,0,0
,,,,,0,0,0,0,0,0,0,0,0,0,0,0,0,0,0,0,0
,,,,,0,0,0,0,0,0,0,0,0,0,0,0,0,0,0,0,0
0021500494,1610612755,76ers,PHI,Philadelphia,240.000000:00,84,0,0,0,0,0,0,0,0,0,0,0,0,0,0,0
0021500494,1610612747,Lakers,LAL,Los Angeles,240.000000:00,93,0,0,0,0,0,0,0,0,0,0,0,0,0,0,0
0021500493,1610612752,Knicks,NYK,New York,240.000000:00,81,0,0,0,0,0,0,0,0,0,0,0,0,0,0,0
0021500493,1610612741,Bulls,CHI,Chicago,240.000000:00,108,0,0,0,0,0,0,0,0,0,0,0,0,0,0,0
,,,,,0,0,0,0,0,0,0,0,0,0,0,0,0,0,0,0,0
,,,,,0,0,0,0,0,0,0,0,0,0,0,0,0,0,0,0,0
,,,,,0,0,0,0,0,0,0,0,0,0,0,0,0,0,0,0,0
,,,,,0,0,0,0,0,0,0,0,0,0,0,0,0,0,0,0,0
,,,,,0,0,0,0,0,0,0,0,0,0,0,0,0,0,0,0,0
,,,,,0,0,0,0,0,0,0,0,0,0,0,0,0,0,0,0,0
,,,,,0,0,0,0,0,0,0,0,0,0,0,0,0,0,0,0,0
,,,,,0,0,0,0,0,0,0,0,0,0,0,0,0,0,0,0,0
0021500503,1610612763,Grizzlies,MEM,Memphis,265.000000:00,87,0,0,0,0,0,0,0,0,0,0,0,0,0,0,0
0021500503,1610612762,Jazz,UTA,Utah,265.000000:00,92,0,0,0,0,0,0,0,0,0,0,0,0,0,0,0
,,,,,0,0,0,0,0,0,0,0,0,0,0,0,0,0,0,0,0
,,,,,0,0,0,0,0,0,0,0,0,0,0,0,0,0,0,0,0
0021500496,1610612756,Suns,PHX,Phoenix,240.000000:00,119,0,0,0,0,0,0,0,0,0,0,0,0,0,0,0
0021500496,1610612758,Kings,SAC,Sacramento,240.000000:00,142,0,0,0,0,0,0,0,0,0,0,0,0,0,0,0
,,,,,0,0,0,0,0,0,0,0,0,0,0,0,0,0,0,0,0
,,,,,0,0,0,0,0,0,0,0,0,0,0,0,0,0,0,0,0
,,,,,0,0,0,0,0,0,0,0,0,0,0,0,0,0,0,0,0
,,,,,0,0,0,0,0,0,0,0,0,0,0,0,0,0,0,0,0
,,,,,0,0,0,0,0,0,0,0,0,0,0,0,0,0,0,0,0
0021500507,1610612741,Bulls,CHI,Chicago,240.000000:00,115,0,0,0,0,0,0,0,0,0,0,0,0,0,0,0
0021500507,1610612761,Raptors,TOR,Toronto,240.000000:00,113,0,0,0,0,0,0,0,0,0,0,0,0,0,0,0
0021500506,1610612737,Hawks,ATL,Atlanta,240.000000:00,97,76,55,21,28,0,9,18,0,0,5,0,0,0,0,0
0021500506,1610612752,Knicks,NYK,New York,240.000000:00,111,64,45,19,13,0,11,25,0,0,10,0,0,0,0,0
0021500512,1610612750,Timberwolves,MIN,Minnesota,240.000000:00,99,0,0,0,0,0,0,0,0,0,0,0,0,0,0,0
0021500512,1610612755,76ers,PHI,Philadelphia,240.000000:00,109,0,0,0,0,0,0,0,0,0,0,0,0,0,0,0
,,,,,0,0,0,0,0,0,0,0,0,0,0,0,0,0,0,0,0
,,,,,0,0,0,0,0,0,0,0,0,0,0,0,0,0,0,0,0
,,,,,0,0,0,0,0,0,0,0,0,0,0,0,0,0,0,0,0
,,,,,0,0,0,0,0,0,0,0,0,0,0,0,0,0,0,0,0
,,,,,0,0,0,0,0,0,0,0,0,0,0,0,0,0,0,0,0
,,,,,0,0,0,0,0,0,0,0,0,0,0,0,0,0,0,0,0
,,,,,0,0,0,0,0,0,0,0,0,0,0,0,0,0,0,0,0
,,,,,0,0,0,0,0,0,0,0,0,0,0,0,0,0,0,0,0
,,,,,0,0,0,0,0,0,0,0,0,0,0,0,0,0,0,0,0
,,,,,0,0,0,0,0,0,0,0,0,0,0,0,0,0,0,0,0
,,,,,0,0,0,0,0,0,0,0,0,0,0,0,0,0,0,0,0
0021500523,1610612758,Kings,SAC,Sacramento,290.000000:00,116,0,0,0,0,0,0,0,0,0,0,0,0,0,0,0
0021500523,1610612742,Mavericks,DAL,Dallas,290.000000:00,117,0,0,0,0,0,0,0,0,0,0,0,0,0,0,0
,,,,,0,0,0,0,0,0,0,0,0,0,0,0,0,0,0,0,0
,,,,,0,0,0,0,0,0,0,0,0,0,0,0,0,0,0,0,0
,,,,,0,0,0,0,0,0,0,0,0,0,0,0,0,0,0,0,0
,,,,,0,0,0,0,0,0,0,0,0,0,0,0,0,0,0,0,0
,,,,,0,0,0,0,0,0,0,0,0,0,0,0,0,0,0,0,0
,,,,,0,0,0,0,0,0,0,0,0,0,0,0,0,0,0,0,0
0021500525,1610612752,Knicks,NYK,New York,240.000000:00,98,0,0,0,0,0,0,0,0,0,0,0,0,0,0,0
0021500525,1610612748,Heat,MIA,Miami,240.000000:00,90,0,0,0,0,0,0,0,0,0,0,0,0,0,0,0
0021500535,1610612746,Clippers,LAC,LA,240.000000:00,109,0,0,0,0,0,0,0,0,0,0,0,0,0,0,0
0021500535,1610612757,Trail Blazers,POR,Portland,240.000000:00,98,0,0,0,0,0,0,0,0,0,0,0,0,0,0,0
,,,,,0,0,0,0,0,0,0,0,0,0,0,0,0,0,0,0,0
,,,,,0,0,0,0,0,0,0,0,0,0,0,0,0,0,0,0,0
,,,,,0,0,0,0,0,0,0,0,0,0,0,0,0,0,0,0,0
,,,,,0,0,0,0,0,0,0,0,0,0,0,0,0,0,0,0,0
,,,,,0,0,0,0,0,0,0,0,0,0,0,0,0,0,0,0,0
,,,,,0,0,0,0,0,0,0,0,0,0,0,0,0,0,0,0,0
,,,,,0,0,0,0,0,0,0,0,0,0,0,0,0,0,0,0,0
,,,,,0,0,0,0,0,0,0,0,0,0,0,0,0,0,0,0,0
,,,,,0,0,0,0,0,0,0,0,0,0,0,0,0,0,0,0,0
,,,,,0,0,0,0,0,0,0,0,0,0,0,0,0,0,0,0,0
,,,,,0,0,0,0,0,0,0,0,0,0,0,0,0,0,0,0,0
,,,,,0,0,0,0,0,0,0,0,0,0,0,0,0,0,0,0,0
,,,,,0,0,0,0,0,0,0,0,0,0,0,0,0,0,0,0,0
,,,,,0,0,0,0,0,0,0,0,0,0,0,0,0,0,0,0,0
,,,,,0,0,0,0,0,0,0,0,0,0,0,0,0,0,0,0,0
,,,,,0,0,0,0,0,0,0,0,0,0,0,0,0,0,0,0,0
,,,,,0,0,0,0,0,0,0,0,0,0,0,0,0,0,0,0,0
,,,,,0,0,0,0,0,0,0,0,0,0,0,0,0,0,0,0,0
,,,,,0,0,0,0,0,0,0,0,0,0,0,0,0,0,0,0,0
,,,,,0,0,0,0,0,0,0,0,0,0,0,0,0,0,0,0,0
,,,,,0,0,0,0,0,0,0,0,0,0,0,0,0,0,0,0,0
,,,,,0,0,0,0,0,0,0,0,0,0,0,0,0,0,0,0,0
,,,,,0,0,0,0,0,0,0,0,0,0,0,0,0,0,0,0,0
,,,,,0,0,0,0,0,0,0,0,0,0,0,0,0,0,0,0,0
0021500556,1610612744,Warriors,GSW,Golden State,240.000000:00,128,0,0,0,0,0,0,0,0,0,0,0,0,0,0,0
0021500556,1610612758,Kings,SAC,Sacramento,240.000000:00,116,0,0,0,0,0,0,0,0,0,0,0,0,0,0,0
,,,,,0,0,0,0,0,0,0,0,0,0,0,0,0,0,0,0,0
,,,,,0,0,0,0,0,0,0,0,0,0,0,0,0,0,0,0,0
0021500562,1610612749,Bucks,MIL,Milwaukee,240.000000:00,88,0,0,0,0,0,0,0,0,0,0,0,0,0,0,0
0021500562,1610612752,Knicks,NYK,New York,240.000000:00,100,0,0,0,0,0,0,0,0,0,0,0,0,0,0,0
,,,,,0,0,0,0,0,0,0,0,0,0,0,0,0,0,0,0,0
,,,,,0,0,0,0,0,0,0,0,0,0,0,0,0,0,0,0,0
,,,,,0,0,0,0,0,0,0,0,0,0,0,0,0,0,0,0,0
,,,,,0,0,0,0,0,0,0,0,0,0,0,0,0,0,0,0,0
,,,,,0,0,0,0,0,0,0,0,0,0,0,0,0,0,0,0,0
,,,,,0,0,0,0,0,0,0,0,0,0,0,0,0,0,0,0,0
,,,,,0,0,0,0,0,0,0,0,0,0,0,0,0,0,0,0,0
,,,,,0,0,0,0,0,0,0,0,0,0,0,0,0,0,0,0,0
,,,,,0,0,0,0,0,0,0,0,0,0,0,0,0,0,0,0,0
,,,,,0,0,0,0,0,0,0,0,0,0,0,0,0,0,0,0,0
,,,,,0,0,0,0,0,0,0,0,0,0,0,0,0,0,0,0,0
,,,,,0,0,0,0,0,0,0,0,0,0,0,0,0,0,0,0,0
,,,,,0,0,0,0,0,0,0,0,0,0,0,0,0,0,0,0,0
0021500573,1610612741,Bulls,CHI,Chicago,240.000000:00,101,0,0,0,0,0,0,0,0,0,0,0,0,0,0,0
0021500573,1610612749,Bucks,MIL,Milwaukee,240.000000:00,106,0,0,0,0,0,0,0,0,0,0,0,0,0,0,0
,,,,,0,0,0,0,0,0,0,0,0,0,0,0,0,0,0,0,0
,,,,,0,0,0,0,0,0,0,0,0,0,0,0,0,0,0,0,0
,,,,,0,0,0,0,0,0,0,0,0,0,0,0,0,0,0,0,0
,,,,,0,0,0,0,0,0,0,0,0,0,0,0,0,0,0,0,0
,,,,,0,0,0,0,0,0,0,0,0,0,0,0,0,0,0,0,0
,,,,,0,0,0,0,0,0,0,0,0,0,0,0,0,0,0,0,0
,,,,,0,0,0,0,0,0,0,0,0,0,0,0,0,0,0,0,0
,,,,,0,0,0,0,0,0,0,0,0,0,0,0,0,0,0,0,0
,,,,,0,0,0,0,0,0,0,0,0,0,0,0,0,0,0,0,0
,,,,,0,0,0,0,0,0,0,0,0,0,0,0,0,0,0,0,0
,,,,,0,0,0,0,0,0,0,0,0,0,0,0,0,0,0,0,0
,,,,,0,0,0,0,0,0,0,0,0,0,0,0,0,0,0,0,0
,,,,,0,0,0,0,0,0,0,0,0,0,0,0,0,0,0,0,0
0021500587,1610612741,Bulls,CHI,Chicago,265.000000:00,115,81,54,27,8,0,9,18,0,0,4,0,0,0,0,0
0021500587,1610612755,76ers,PHI,Philadelphia,265.000000:00,111,66,53,13,12,2,7,14,0,0,9,0,0,0,0,0
,,,,,0,0,0,0,0,0,0,0,0,0,0,0,0,0,0,0,0
,,,,,0,0,0,0,0,0,0,0,0,0,0,0,0,0,0,0,0
,,,,,0,0,0,0,0,0,0,0,0,0,0,0,0,0,0,0,0
,,,,,0,0,0,0,0,0,0,0,0,0,0,0,0,0,0,0,0
,,,,,0,0,0,0,0,0,0,0,0,0,0,0,0,0,0,0,0
,,,,,0,0,0,0,0,0,0,0,0,0,0,0,0,0,0,0,0
,,,,,0,0,0,0,0,0,0,0,0,0,0,0,0,0,0,0,0
,,,,,0,0,0,0,0,0,0,0,0,0,0,0,0,0,0,0,0
,,,,,0,0,0,0,0,0,0,0,0,0,0,0,0,0,0,0,0
,,,,,0,0,0,0,0,0,0,0,0,0,0,0,0,0,0,0,0
,,,,,0,0,0,0,0,0,0,0,0,0,0,0,0,0,0,0,0
0021500600,1610612748,Heat,MIA,Miami,240.000000:00,98,66,53,13,7,0,10,21,0,0,6,0,0,0,0,0
0021500600,1610612743,Nuggets,DEN,Denver,240.000000:00,95,54,45,9,8,2,10,21,0,0,2,0,0,0,0,0
,,,,,0,0,0,0,0,0,0,0,0,0,0,0,0,0,0,0,0
,,,,,0,0,0,0,0,0,0,0,0,0,0,0,0,0,0,0,0
,,,,,0,0,0,0,0,0,0,0,0,0,0,0,0,0,0,0,0
,,,,,0,0,0,0,0,0,0,0,0,0,0,0,0,0,0,0,0
,,,,,0,0,0,0,0,0,0,0,0,0,0,0,0,0,0,0,0
,,,,,0,0,0,0,0,0,0,0,0,0,0,0,0,0,0,0,0
,,,,,0,0,0,0,0,0,0,0,0,0,0,0,0,0,0,0,0
,,,,,0,0,0,0,0,0,0,0,0,0,0,0,0,0,0,0,0
,,,,,0,0,0,0,0,0,0,0,0,0,0,0,0,0,0,0,0
,,,,,0,0,0,0,0,0,0,0,0,0,0,0,0,0,0,0,0
,,,,,0,0,0,0,0,0,0,0,0,0,0,0,0,0,0,0,0
,,,,,0,0,0,0,0,0,0,0,0,0,0,0,0,0,0,0,0
,,,,,0,0,0,0,0,0,0,0,0,0,0,0,0,0,0,0,0
,,,,,0,0,0,0,0,0,0,0,0,0,0,0,0,0,0,0,0
,,,,,0,0,0,0,0,0,0,0,0,0,0,0,0,0,0,0,0
,,,,,0,0,0,0,0,0,0,0,0,0,0,0,0,0,0,0,0
,,,,,0,0,0,0,0,0,0,0,0,0,0,0,0,0,0,0,0
,,,,,0,0,0,0,0,0,0,0,0,0,0,0,0,0,0,0,0
,,,,,0,0,0,0,0,0,0,0,0,0,0,0,0,0,0,0,0
,,,,,0,0,0,0,0,0,0,0,0,0,0,0,0,0,0,0,0
,,,,,0,0,0,0,0,0,0,0,0,0,0,0,0,0,0,0,0
,,,,,0,0,0,0,0,0,0,0,0,0,0,0,0,0,0,0,0
,,,,,0,0,0,0,0,0,0,0,0,0,0,0,0,0,0,0,0
,,,,,0,0,0,0,0,0,0,0,0,0,0,0,0,0,0,0,0
,,,,,0,0,0,0,0,0,0,0,0,0,0,0,0,0,0,0,0
,,,,,0,0,0,0,0,0,0,0,0,0,0,0,0,0,0,0,0
,,,,,0,0,0,0,0,0,0,0,0,0,0,0,0,0,0,0,0
,,,,,0,0,0,0,0,0,0,0,0,0,0,0,0,0,0,0,0
,,,,,0,0,0,0,0,0,0,0,0,0,0,0,0,0,0,0,0
,,,,,0,0,0,0,0,0,0,0,0,0,0,0,0,0,0,0,0
,,,,,0,0,0,0,0,0,0,0,0,0,0,0,0,0,0,0,0
,,,,,0,0,0,0,0,0,0,0,0,0,0,0,0,0,0,0,0
,,,,,0,0,0,0,0,0,0,0,0,0,0,0,0,0,0,0,0
,,,,,0,0,0,0,0,0,0,0,0,0,0,0,0,0,0,0,0
,,,,,0,0,0,0,0,0,0,0,0,0,0,0,0,0,0,0,0
,,,,,0,0,0,0,0,0,0,0,0,0,0,0,0,0,0,0,0
,,,,,0,0,0,0,0,0,0,0,0,0,0,0,0,0,0,0,0
,,,,,0,0,0,0,0,0,0,0,0,0,0,0,0,0,0,0,0
,,,,,0,0,0,0,0,0,0,0,0,0,0,0,0,0,0,0,0
,,,,,0,0,0,0,0,0,0,0,0,0,0,0,0,0,0,0,0
,,,,,0,0,0,0,0,0,0,0,0,0,0,0,0,0,0,0,0
0021500640,1610612746,Clippers,LAC,LA,240.000000:00,102,0,0,0,0,0,0,0,0,0,0,0,0,0,0,0
0021500640,1610612739,Cavaliers,CLE,Cleveland,240.000000:00,115,0,0,0,0,0,0,0,0,0,0,0,0,0,0,0
,,,,,0,0,0,0,0,0,0,0,0,0,0,0,0,0,0,0,0
,,,,,0,0,0,0,0,0,0,0,0,0,0,0,0,0,0,0,0
,,,,,0,0,0,0,0,0,0,0,0,0,0,0,0,0,0,0,0
0021500652,1610612754,Pacers,IND,Indiana,240.000000:00,110,0,0,0,0,0,0,0,0,0,0,0,0,0,0,0
0021500652,1610612744,Warriors,GSW,Golden State,240.000000:00,122,0,0,0,0,0,0,0,0,0,0,0,0,0,0,0
,,,,,0,0,0,0,0,0,0,0,0,0,0,0,0,0,0,0,0
,,,,,0,0,0,0,0,0,0,0,0,0,0,0,0,0,0,0,0
,,,,,0,0,0,0,0,0,0,0,0,0,0,0,0,0,0,0,0
,,,,,0,0,0,0,0,0,0,0,0,0,0,0,0,0,0,0,0
,,,,,0,0,0,0,0,0,0,0,0,0,0,0,0,0,0,0,0
,,,,,0,0,0,0,0,0,0,0,0,0,0,0,0,0,0,0,0
,,,,,0,0,0,0,0,0,0,0,0,0,0,0,0,0,0,0,0
,,,,,0,0,0,0,0,0,0,0,0,0,0,0,0,0,0,0,0
,,,,,0,0,0,0,0,0,0,0,0,0,0,0,0,0,0,0,0
,,,,,0,0,0,0,0,0,0,0,0,0,0,0,0,0,0,0,0
,,,,,0,0,0,0,0,0,0,0,0,0,0,0,0,0,0,0,0
,,,,,0,0,0,0,0,0,0,0,0,0,0,0,0,0,0,0,0
,,,,,0,0,0,0,0,0,0,0,0,0,0,0,0,0,0,0,0
,,,,,0,0,0,0,0,0,0,0,0,0,0,0,0,0,0,0,0
,,,,,0,0,0,0,0,0,0,0,0,0,0,0,0,0,0,0,0
,,,,,0,0,0,0,0,0,0,0,0,0,0,0,0,0,0,0,0
,,,,,0,0,0,0,0,0,0,0,0,0,0,0,0,0,0,0,0
,,,,,0,0,0,0,0,0,0,0,0,0,0,0,0,0,0,0,0
,,,,,0,0,0,0,0,0,0,0,0,0,0,0,0,0,0,0,0
,,,,,0,0,0,0,0,0,0,0,0,0,0,0,0,0,0,0,0
,,,,,0,0,0,0,0,0,0,0,0,0,0,0,0,0,0,0,0
,,,,,0,0,0,0,0,0,0,0,0,0,0,0,0,0,0,0,0
,,,,,0,0,0,0,0,0,0,0,0,0,0,0,0,0,0,0,0
,,,,,0,0,0,0,0,0,0,0,0,0,0,0,0,0,0,0,0
,,,,,0,0,0,0,0,0,0,0,0,0,0,0,0,0,0,0,0
,,,,,0,0,0,0,0,0,0,0,0,0,0,0,0,0,0,0,0
,,,,,0,0,0,0,0,0,0,0,0,0,0,0,0,0,0,0,0
,,,,,0,0,0,0,0,0,0,0,0,0,0,0,0,0,0,0,0
,,,,,0,0,0,0,0,0,0,0,0,0,0,0,0,0,0,0,0
,,,,,0,0,0,0,0,0,0,0,0,0,0,0,0,0,0,0,0
,,,,,0,0,0,0,0,0,0,0,0,0,0,0,0,0,0,0,0
,,,,,0,0,0,0,0,0,0,0,0,0,0,0,0,0,0,0,0
,,,,,0,0,0,0,0,0,0,0,0,0,0,0,0,0,0,0,0
,,,,,0,0,0,0,0,0,0,0,0,0,0,0,0,0,0,0,0
,,,,,0,0,0,0,0,0,0,0,0,0,0,0,0,0,0,0,0
,,,,,0,0,0,0,0,0,0,0,0,0,0,0,0,0,0,0,0
,,,,,0,0,0,0,0,0,0,0,0,0,0,0,0,0,0,0,0
,,,,,0,0,0,0,0,0,0,0,0,0,0,0,0,0,0,0,0
,,,,,0,0,0,0,0,0,0,0,0,0,0,0,0,0,0,0,0
,,,,,0,0,0,0,0,0,0,0,0,0,0,0,0,0,0,0,0
,,,,,0,0,0,0,0,0,0,0,0,0,0,0,0,0,0,0,0
,,,,,0,0,0,0,0,0,0,0,0,0,0,0,0,0,0,0,0
,,,,,0,0,0,0,0,0,0,0,0,0,0,0,0,0,0,0,0
,,,,,0,0,0,0,0,0,0,0,0,0,0,0,0,0,0,0,0
,,,,,0,0,0,0,0,0,0,0,0,0,0,0,0,0,0,0,0
,,,,,0,0,0,0,0,0,0,0,0,0,0,0,0,0,0,0,0
,,,,,0,0,0,0,0,0,0,0,0,0,0,0,0,0,0,0,0
,,,,,0,0,0,0,0,0,0,0,0,0,0,0,0,0,0,0,0
,,,,,0,0,0,0,0,0,0,0,0,0,0,0,0,0,0,0,0
,,,,,0,0,0,0,0,0,0,0,0,0,0,0,0,0,0,0,0
,,,,,0,0,0,0,0,0,0,0,0,0,0,0,0,0,0,0,0
,,,,,0,0,0,0,0,0,0,0,0,0,0,0,0,0,0,0,0
,,,,,0,0,0,0,0,0,0,0,0,0,0,0,0,0,0,0,0
,,,,,0,0,0,0,0,0,0,0,0,0,0,0,0,0,0,0,0
,,,,,0,0,0,0,0,0,0,0,0,0,0,0,0,0,0,0,0
,,,,,0,0,0,0,0,0,0,0,0,0,0,0,0,0,0,0,0
,,,,,0,0,0,0,0,0,0,0,0,0,0,0,0,0,0,0,0
,,,,,0,0,0,0,0,0,0,0,0,0,0,0,0,0,0,0,0
,,,,,0,0,0,0,0,0,0,0,0,0,0,0,0,0,0,0,0
,,,,,0,0,0,0,0,0,0,0,0,0,0,0,0,0,0,0,0
,,,,,0,0,0,0,0,0,0,0,0,0,0,0,0,0,0,0,0
,,,,,0,0,0,0,0,0,0,0,0,0,0,0,0,0,0,0,0
,,,,,0,0,0,0,0,0,0,0,0,0,0,0,0,0,0,0,0
,,,,,0,0,0,0,0,0,0,0,0,0,0,0,0,0,0,0,0
,,,,,0,0,0,0,0,0,0,0,0,0,0,0,0,0,0,0,0
,,,,,0,0,0,0,0,0,0,0,0,0,0,0,0,0,0,0,0
,,,,,0,0,0,0,0,0,0,0,0,0,0,0,0,0,0,0,0
,,,,,0,0,0,0,0,0,0,0,0,0,0,0,0,0,0,0,0
,,,,,0,0,0,0,0,0,0,0,0,0,0,0,0,0,0,0,0
,,,,,0,0,0,0,0,0,0,0,0,0,0,0,0,0,0,0,0
,,,,,0,0,0,0,0,0,0,0,0,0,0,0,0,0,0,0,0
,,,,,0,0,0,0,0,0,0,0,0,0,0,0,0,0,0,0,0
,,,,,0,0,0,0,0,0,0,0,0,0,0,0,0,0,0,0,0
,,,,,0,0,0,0,0,0,0,0,0,0,0,0,0,0,0,0,0
0021500726,1610612753,Magic,ORL,Orlando,240.000000:00,92,0,0,0,0,0,0,0,0,0,0,0,0,0,0,0
0021500726,1610612759,Spurs,SAS,San Antonio,240.000000:00,107,0,0,0,0,0,0,0,0,0,0,0,0,0,0,0
0021500722,1610612765,Pistons,DET,Detroit,240.000000:00,105,0,0,0,0,0,0,0,0,0,0,0,0,0,0,0
0021500722,1610612751,Nets,BKN,Brooklyn,240.000000:00,100,0,0,0,0,0,0,0,0,0,0,0,0,0,0,0
,,,,,0,0,0,0,0,0,0,0,0,0,0,0,0,0,0,0,0
0021500721,1610612739,Cavaliers,CLE,Cleveland,265.000000:00,111,0,0,0,0,0,0,0,0,0,0,0,0,0,0,0
0021500721,1610612754,Pacers,IND,Indiana,265.000000:00,106,0,0,0,0,0,0,0,0,0,0,0,0,0,0,0
,,,,,0,0,0,0,0,0,0,0,0,0,0,0,0,0,0,0,0
,,,,,0,0,0,0,0,0,0,0,0,0,0,0,0,0,0,0,0
,,,,,0,0,0,0,0,0,0,0,0,0,0,0,0,0,0,0,0
,,,,,0,0,0,0,0,0,0,0,0,0,0,0,0,0,0,0,0
,,,,,0,0,0,0,0,0,0,0,0,0,0,0,0,0,0,0,0
,,,,,0,0,0,0,0,0,0,0,0,0,0,0,0,0,0,0,0
,,,,,0,0,0,0,0,0,0,0,0,0,0,0,0,0,0,0,0
,,,,,0,0,0,0,0,0,0,0,0,0,0,0,0,0,0,0,0
,,,,,0,0,0,0,0,0,0,0,0,0,0,0,0,0,0,0,0
,,,,,0,0,0,0,0,0,0,0,0,0,0,0,0,0,0,0,0
,,,,,0,0,0,0,0,0,0,0,0,0,0,0,0,0,0,0,0
,,,,,0,0,0,0,0,0,0,0,0,0,0,0,0,0,0,0,0
,,,,,0,0,0,0,0,0,0,0,0,0,0,0,0,0,0,0,0
,,,,,0,0,0,0,0,0,0,0,0,0,0,0,0,0,0,0,0
,,,,,0,0,0,0,0,0,0,0,0,0,0,0,0,0,0,0,0
,,,,,0,0,0,0,0,0,0,0,0,0,0,0,0,0,0,0,0
0021500741,1610612748,Heat,MIA,Miami,240.000000:00,93,0,0,0,0,0,0,0,0,0,0,0,0,0,0,0
0021500741,1610612742,Mavericks,DAL,Dallas,240.000000:00,90,0,0,0,0,0,0,0,0,0,0,0,0,0,0,0
,,,,,0,0,0,0,0,0,0,0,0,0,0,0,0,0,0,0,0
,,,,,0,0,0,0,0,0,0,0,0,0,0,0,0,0,0,0,0
,,,,,0,0,0,0,0,0,0,0,0,0,0,0,0,0,0,0,0
,,,,,0,0,0,0,0,0,0,0,0,0,0,0,0,0,0,0,0
,,,,,0,0,0,0,0,0,0,0,0,0,0,0,0,0,0,0,0
,,,,,0,0,0,0,0,0,0,0,0,0,0,0,0,0,0,0,0
,,,,,0,0,0,0,0,0,0,0,0,0,0,0,0,0,0,0,0
,,,,,0,0,0,0,0,0,0,0,0,0,0,0,0,0,0,0,0
,,,,,0,0,0,0,0,0,0,0,0,0,0,0,0,0,0,0,0
,,,,,0,0,0,0,0,0,0,0,0,0,0,0,0,0,0,0,0
,,,,,0,0,0,0,0,0,0,0,0,0,0,0,0,0,0,0,0
,,,,,0,0,0,0,0,0,0,0,0,0,0,0,0,0,0,0,0
,,,,,0,0,0,0,0,0,0,0,0,0,0,0,0,0,0,0,0
,,,,,0,0,0,0,0,0,0,0,0,0,0,0,0,0,0,0,0
,,,,,0,0,0,0,0,0,0,0,0,0,0,0,0,0,0,0,0
,,,,,0,0,0,0,0,0,0,0,0,0,0,0,0,0,0,0,0
,,,,,0,0,0,0,0,0,0,0,0,0,0,0,0,0,0,0,0
,,,,,0,0,0,0,0,0,0,0,0,0,0,0,0,0,0,0,0
,,,,,0,0,0,0,0,0,0,0,0,0,0,0,0,0,0,0,0
0021500767,1610612747,Lakers,LAL,Los Angeles,240.000000:00,102,0,0,0,0,0,0,0,0,0,0,0,0,0,0,0
0021500767,1610612759,Spurs,SAS,San Antonio,240.000000:00,106,0,0,0,0,0,0,0,0,0,0,0,0,0,0,0
,,,,,0,0,0,0,0,0,0,0,0,0,0,0,0,0,0,0,0
,,,,,0,0,0,0,0,0,0,0,0,0,0,0,0,0,0,0,0
,,,,,0,0,0,0,0,0,0,0,0,0,0,0,0,0,0,0,0
,,,,,0,0,0,0,0,0,0,0,0,0,0,0,0,0,0,0,0
,,,,,0,0,0,0,0,0,0,0,0,0,0,0,0,0,0,0,0
,,,,,0,0,0,0,0,0,0,0,0,0,0,0,0,0,0,0,0
,,,,,0,0,0,0,0,0,0,0,0,0,0,0,0,0,0,0,0
,,,,,0,0,0,0,0,0,0,0,0,0,0,0,0,0,0,0,0
,,,,,0,0,0,0,0,0,0,0,0,0,0,0,0,0,0,0,0
,,,,,0,0,0,0,0,0,0,0,0,0,0,0,0,0,0,0,0
0021500771,1610612737,Hawks,ATL,Atlanta,240.000000:00,94,41,30,11,8,0,6,13,0,0,2,0,0,0,0,0
0021500771,1610612753,Magic,ORL,Orlando,240.000000:00,96,30,22,8,8,0,2,4,0,0,8,0,0,0,0,0
,,,,,0,0,0,0,0,0,0,0,0,0,0,0,0,0,0,0,0
,,,,,0,0,0,0,0,0,0,0,0,0,0,0,0,0,0,0,0
,,,,,0,0,0,0,0,0,0,0,0,0,0,0,0,0,0,0,0
,,,,,0,0,0,0,0,0,0,0,0,0,0,0,0,0,0,0,0
,,,,,0,0,0,0,0,0,0,0,0,0,0,0,0,0,0,0,0
,,,,,0,0,0,0,0,0,0,0,0,0,0,0,0,0,0,0,0
,,,,,0,0,0,0,0,0,0,0,0,0,0,0,0,0,0,0,0
,,,,,0,0,0,0,0,0,0,0,0,0,0,0,0,0,0,0,0
,,,,,0,0,0,0,0,0,0,0,0,0,0,0,0,0,0,0,0
,,,,,0,0,0,0,0,0,0,0,0,0,0,0,0,0,0,0,0
,,,,,0,0,0,0,0,0,0,0,0,0,0,0,0,0,0,0,0
,,,,,0,0,0,0,0,0,0,0,0,0,0,0,0,0,0,0,0
,,,,,0,0,0,0,0,0,0,0,0,0,0,0,0,0,0,0,0
,,,,,0,0,0,0,0,0,0,0,0,0,0,0,0,0,0,0,0
,,,,,0,0,0,0,0,0,0,0,0,0,0,0,0,0,0,0,0
,,,,,0,0,0,0,0,0,0,0,0,0,0,0,0,0,0,0,0
,,,,,0,0,0,0,0,0,0,0,0,0,0,0,0,0,0,0,0
,,,,,0,0,0,0,0,0,0,0,0,0,0,0,0,0,0,0,0
,,,,,0,0,0,0,0,0,0,0,0,0,0,0,0,0,0,0,0
,,,,,0,0,0,0,0,0,0,0,0,0,0,0,0,0,0,0,0
,,,,,0,0,0,0,0,0,0,0,0,0,0,0,0,0,0,0,0
,,,,,0,0,0,0,0,0,0,0,0,0,0,0,0,0,0,0,0
0021500795,1610612747,Lakers,LAL,Los Angeles,240.000000:00,111,0,0,0,0,0,0,0,0,0,0,0,0,0,0,0
0021500795,1610612739,Cavaliers,CLE,Cleveland,240.000000:00,120,0,0,0,0,0,0,0,0,0,0,0,0,0,0,0
,,,,,0,0,0,0,0,0,0,0,0,0,0,0,0,0,0,0,0
,,,,,0,0,0,0,0,0,0,0,0,0,0,0,0,0,0,0,0
,,,,,0,0,0,0,0,0,0,0,0,0,0,0,0,0,0,0,0
,,,,,0,0,0,0,0,0,0,0,0,0,0,0,0,0,0,0,0
,,,,,0,0,0,0,0,0,0,0,0,0,0,0,0,0,0,0,0
,,,,,0,0,0,0,0,0,0,0,0,0,0,0,0,0,0,0,0
,,,,,0,0,0,0,0,0,0,0,0,0,0,0,0,0,0,0,0
0021500804,1610612759,Spurs,SAS,San Antonio,240.000000:00,86,34,27,7,8,0,7,15,0,0,3,0,0,0,0,0
0021500804,1610612746,Clippers,LAC,LA,240.000000:00,105,36,32,4,8,0,6,14,0,0,2,0,0,0,0,0
0021500803,1610612741,Bulls,CHI,Chicago,240.000000:00,95,0,0,0,0,0,0,0,0,0,0,0,0,0,0,0
0021500803,1610612739,Cavaliers,CLE,Cleveland,240.000000:00,106,0,0,0,0,0,0,0,0,0,0,0,0,0,0,0
,,,,,0,0,0,0,0,0,0,0,0,0,0,0,0,0,0,0,0
,,,,,0,0,0,0,0,0,0,0,0,0,0,0,0,0,0,0,0
,,,,,0,0,0,0,0,0,0,0,0,0,0,0,0,0,0,0,0
,,,,,0,0,0,0,0,0,0,0,0,0,0,0,0,0,0,0,0
,,,,,0,0,0,0,0,0,0,0,0,0,0,0,0,0,0,0,0
,,,,,0,0,0,0,0,0,0,0,0,0,0,0,0,0,0,0,0
,,,,,0,0,0,0,0,0,0,0,0,0,0,0,0,0,0,0,0
,,,,,0,0,0,0,0,0,0,0,0,0,0,0,0,0,0,0,0
,,,,,0,0,0,0,0,0,0,0,0,0,0,0,0,0,0,0,0
,,,,,0,0,0,0,0,0,0,0,0,0,0,0,0,0,0,0,0
,,,,,0,0,0,0,0,0,0,0,0,0,0,0,0,0,0,0,0
,,,,,0,0,0,0,0,0,0,0,0,0,0,0,0,0,0,0,0
,,,,,0,0,0,0,0,0,0,0,0,0,0,0,0,0,0,0,0
,,,,,0,0,0,0,0,0,0,0,0,0,0,0,0,0,0,0,0
,,,,,0,0,0,0,0,0,0,0,0,0,0,0,0,0,0,0,0
,,,,,0,0,0,0,0,0,0,0,0,0,0,0,0,0,0,0,0
,,,,,0,0,0,0,0,0,0,0,0,0,0,0,0,0,0,0,0
,,,,,0,0,0,0,0,0,0,0,0,0,0,0,0,0,0,0,0
,,,,,0,0,0,0,0,0,0,0,0,0,0,0,0,0,0,0,0
,,,,,0,0,0,0,0,0,0,0,0,0,0,0,0,0,0,0,0
,,,,,0,0,0,0,0,0,0,0,0,0,0,0,0,0,0,0,0
,,,,,0,0,0,0,0,0,0,0,0,0,0,0,0,0,0,0,0
,,,,,0,0,0,0,0,0,0,0,0,0,0,0,0,0,0,0,0
,,,,,0,0,0,0,0,0,0,0,0,0,0,0,0,0,0,0,0
,,,,,0,0,0,0,0,0,0,0,0,0,0,0,0,0,0,0,0
,,,,,0,0,0,0,0,0,0,0,0,0,0,0,0,0,0,0,0
,,,,,0,0,0,0,0,0,0,0,0,0,0,0,0,0,0,0,0
,,,,,0,0,0,0,0,0,0,0,0,0,0,0,0,0,0,0,0
,,,,,0,0,0,0,0,0,0,0,0,0,0,0,0,0,0,0,0
,,,,,0,0,0,0,0,0,0,0,0,0,0,0,0,0,0,0,0
,,,,,0,0,0,0,0,0,0,0,0,0,0,0,0,0,0,0,0
,,,,,0,0,0,0,0,0,0,0,0,0,0,0,0,0,0,0,0
,,,,,0,0,0,0,0,0,0,0,0,0,0,0,0,0,0,0,0
,,,,,0,0,0,0,0,0,0,0,0,0,0,0,0,0,0,0,0
,,,,,0,0,0,0,0,0,0,0,0,0,0,0,0,0,0,0,0
,,,,,0,0,0,0,0,0,0,0,0,0,0,0,0,0,0,0,0
,,,,,0,0,0,0,0,0,0,0,0,0,0,0,0,0,0,0,0
,,,,,0,0,0,0,0,0,0,0,0,0,0,0,0,0,0,0,0
,,,,,0,0,0,0,0,0,0,0,0,0,0,0,0,0,0,0,0
,,,,,0,0,0,0,0,0,0,0,0,0,0,0,0,0,0,0,0
,,,,,0,0,0,0,0,0,0,0,0,0,0,0,0,0,0,0,0
,,,,,0,0,0,0,0,0,0,0,0,0,0,0,0,0,0,0,0
,,,,,0,0,0,0,0,0,0,0,0,0,0,0,0,0,0,0,0
0021500845,1610612766,Hornets,CHA,Charlotte,240.000000:00,103,0,0,0,0,0,0,0,0,0,0,0,0,0,0,0
0021500845,1610612739,Cavaliers,CLE,Cleveland,240.000000:00,114,0,0,0,0,0,0,0,0,0,0,0,0,0,0,0
,,,,,0,0,0,0,0,0,0,0,0,0,0,0,0,0,0,0,0
,,,,,0,0,0,0,0,0,0,0,0,0,0,0,0,0,0,0,0
,,,,,0,0,0,0,0,0,0,0,0,0,0,0,0,0,0,0,0
,,,,,0,0,0,0,0,0,0,0,0,0,0,0,0,0,0,0,0
,,,,,0,0,0,0,0,0,0,0,0,0,0,0,0,0,0,0,0
,,,,,0,0,0,0,0,0,0,0,0,0,0,0,0,0,0,0,0
,,,,,0,0,0,0,0,0,0,0,0,0,0,0,0,0,0,0,0
,,,,,0,0,0,0,0,0,0,0,0,0,0,0,0,0,0,0,0
,,,,,0,0,0,0,0,0,0,0,0,0,0,0,0,0,0,0,0
,,,,,0,0,0,0,0,0,0,0,0,0,0,0,0,0,0,0,0
,,,,,0,0,0,0,0,0,0,0,0,0,0,0,0,0,0,0,0
,,,,,0,0,0,0,0,0,0,0,0,0,0,0,0,0,0,0,0
,,,,,0,0,0,0,0,0,0,0,0,0,0,0,0,0,0,0,0
,,,,,0,0,0,0,0,0,0,0,0,0,0,0,0,0,0,0,0
,,,,,0,0,0,0,0,0,0,0,0,0,0,0,0,0,0,0,0
,,,,,0,0,0,0,0,0,0,0,0,0,0,0,0,0,0,0,0
,,,,,0,0,0,0,0,0,0,0,0,0,0,0,0,0,0,0,0
,,,,,0,0,0,0,0,0,0,0,0,0,0,0,0,0,0,0,0
,,,,,0,0,0,0,0,0,0,0,0,0,0,0,0,0,0,0,0
,,,,,0,0,0,0,0,0,0,0,0,0,0,0,0,0,0,0,0
,,,,,0,0,0,0,0,0,0,0,0,0,0,0,0,0,0,0,0
,,,,,0,0,0,0,0,0,0,0,0,0,0,0,0,0,0,0,0
,,,,,0,0,0,0,0,0,0,0,0,0,0,0,0,0,0,0,0
,,,,,0,0,0,0,0,0,0,0,0,0,0,0,0,0,0,0,0
,,,,,0,0,0,0,0,0,0,0,0,0,0,0,0,0,0,0,0
,,,,,0,0,0,0,0,0,0,0,0,0,0,0,0,0,0,0,0
,,,,,0,0,0,0,0,0,0,0,0,0,0,0,0,0,0,0,0
0021500874,1610612744,Warriors,GSW,Golden State,265.000000:00,121,0,0,0,0,0,0,0,0,0,0,0,0,0,0,0
0021500874,1610612760,Thunder,OKC,Oklahoma City,265.000000:00,118,0,0,0,0,0,0,0,0,0,0,0,0,0,0,0
,,,,,0,0,0,0,0,0,0,0,0,0,0,0,0,0,0,0,0
,,,,,0,0,0,0,0,0,0,0,0,0,0,0,0,0,0,0,0
,,,,,0,0,0,0,0,0,0,0,0,0,0,0,0,0,0,0,0
,,,,,0,0,0,0,0,0,0,0,0,0,0,0,0,0,0,0,0
,,,,,0,0,0,0,0,0,0,0,0,0,0,0,0,0,0,0,0
,,,,,0,0,0,0,0,0,0,0,0,0,0,0,0,0,0,0,0
,,,,,0,0,0,0,0,0,0,0,0,0,0,0,0,0,0,0,0
,,,,,0,0,0,0,0,0,0,0,0,0,0,0,0,0,0,0,0
0021500886,1610612762,Jazz,UTA,Utah,240.000000:00,95,0,0,0,0,0,0,0,0,0,0,0,0,0,0,0
0021500886,1610612738,Celtics,BOS,Boston,240.000000:00,100,0,0,0,0,0,0,0,0,0,0,0,0,0,0,0
,,,,,0,0,0,0,0,0,0,0,0,0,0,0,0,0,0,0,0
0021500884,1610612754,Pacers,IND,Indiana,240.000000:00,96,0,0,0,0,0,0,0,0,0,0,0,0,0,0,0
0021500884,1610612739,Cavaliers,CLE,Cleveland,240.000000:00,100,0,0,0,0,0,0,0,0,0,0,0,0,0,0,0
,,,,,0,0,0,0,0,0,0,0,0,0,0,0,0,0,0,0,0
,,,,,0,0,0,0,0,0,0,0,0,0,0,0,0,0,0,0,0
,,,,,0,0,0,0,0,0,0,0,0,0,0,0,0,0,0,0,0
,,,,,0,0,0,0,0,0,0,0,0,0,0,0,0,0,0,0,0
,,,,,0,0,0,0,0,0,0,0,0,0,0,0,0,0,0,0,0
,,,,,0,0,0,0,0,0,0,0,0,0,0,0,0,0,0,0,0
,,,,,0,0,0,0,0,0,0,0,0,0,0,0,0,0,0,0,0
,,,,,0,0,0,0,0,0,0,0,0,0,0,0,0,0,0,0,0
,,,,,0,0,0,0,0,0,0,0,0,0,0,0,0,0,0,0,0
,,,,,0,0,0,0,0,0,0,0,0,0,0,0,0,0,0,0,0
,,,,,0,0,0,0,0,0,0,0,0,0,0,0,0,0,0,0,0
,,,,,0,0,0,0,0,0,0,0,0,0,0,0,0,0,0,0,0
,,,,,0,0,0,0,0,0,0,0,0,0,0,0,0,0,0,0,0
,,,,,0,0,0,0,0,0,0,0,0,0,0,0,0,0,0,0,0
0021500897,1610612741,Bulls,CHI,Chicago,240.000000:00,89,0,0,0,0,0,0,0,0,0,0,0,0,0,0,0
0021500897,1610612753,Magic,ORL,Orlando,240.000000:00,102,0,0,0,0,0,0,0,0,0,0,0,0,0,0,0
,,,,,0,0,0,0,0,0,0,0,0,0,0,0,0,0,0,0,0
,,,,,0,0,0,0,0,0,0,0,0,0,0,0,0,0,0,0,0
,,,,,0,0,0,0,0,0,0,0,0,0,0,0,0,0,0,0,0
,,,,,0,0,0,0,0,0,0,0,0,0,0,0,0,0,0,0,0
,,,,,0,0,0,0,0,0,0,0,0,0,0,0,0,0,0,0,0
,,,,,0,0,0,0,0,0,0,0,0,0,0,0,0,0,0,0,0
,,,,,0,0,0,0,0,0,0,0,0,0,0,0,0,0,0,0,0
,,,,,0,0,0,0,0,0,0,0,0,0,0,0,0,0,0,0,0
,,,,,0,0,0,0,0,0,0,0,0,0,0,0,0,0,0,0,0
,,,,,0,0,0,0,0,0,0,0,0,0,0,0,0,0,0,0,0
,,,,,0,0,0,0,0,0,0,0,0,0,0,0,0,0,0,0,0
,,,,,0,0,0,0,0,0,0,0,0,0,0,0,0,0,0,0,0
,,,,,0,0,0,0,0,0,0,0,0,0,0,0,0,0,0,0,0
,,,,,0,0,0,0,0,0,0,0,0,0,0,0,0,0,0,0,0
,,,,,0,0,0,0,0,0,0,0,0,0,0,0,0,0,0,0,0
,,,,,0,0,0,0,0,0,0,0,0,0,0,0,0,0,0,0,0
,,,,,0,0,0,0,0,0,0,0,0,0,0,0,0,0,0,0,0
,,,,,0,0,0,0,0,0,0,0,0,0,0,0,0,0,0,0,0
,,,,,0,0,0,0,0,0,0,0,0,0,0,0,0,0,0,0,0
,,,,,0,0,0,0,0,0,0,0,0,0,0,0,0,0,0,0,0
,,,,,0,0,0,0,0,0,0,0,0,0,0,0,0,0,0,0,0
,,,,,0,0,0,0,0,0,0,0,0,0,0,0,0,0,0,0,0
,,,,,0,0,0,0,0,0,0,0,0,0,0,0,0,0,0,0,0
,,,,,0,0,0,0,0,0,0,0,0,0,0,0,0,0,0,0,0
,,,,,0,0,0,0,0,0,0,0,0,0,0,0,0,0,0,0,0
,,,,,0,0,0,0,0,0,0,0,0,0,0,0,0,0,0,0,0
,,,,,0,0,0,0,0,0,0,0,0,0,0,0,0,0,0,0,0
,,,,,0,0,0,0,0,0,0,0,0,0,0,0,0,0,0,0,0
,,,,,0,0,0,0,0,0,0,0,0,0,0,0,0,0,0,0,0
,,,,,0,0,0,0,0,0,0,0,0,0,0,0,0,0,0,0,0
,,,,,0,0,0,0,0,0,0,0,0,0,0,0,0,0,0,0,0
,,,,,0,0,0,0,0,0,0,0,0,0,0,0,0,0,0,0,0
,,,,,0,0,0,0,0,0,0,0,0,0,0,0,0,0,0,0,0
,,,,,0,0,0,0,0,0,0,0,0,0,0,0,0,0,0,0,0
,,,,,0,0,0,0,0,0,0,0,0,0,0,0,0,0,0,0,0
,,,,,0,0,0,0,0,0,0,0,0,0,0,0,0,0,0,0,0
,,,,,0,0,0,0,0,0,0,0,0,0,0,0,0,0,0,0,0
,,,,,0,0,0,0,0,0,0,0,0,0,0,0,0,0,0,0,0
,,,,,0,0,0,0,0,0,0,0,0,0,0,0,0,0,0,0,0
,,,,,0,0,0,0,0,0,0,0,0,0,0,0,0,0,0,0,0
0021500937,1610612750,Timberwolves,MIN,Minnesota,240.000000:00,103,0,0,0,0,0,0,0,0,0,0,0,0,0,0,0
0021500937,1610612766,Hornets,CHA,Charlotte,240.000000:00,108,0,0,0,0,0,0,0,0,0,0,0,0,0,0,0
,,,,,0,0,0,0,0,0,0,0,0,0,0,0,0,0,0,0,0
,,,,,0,0,0,0,0,0,0,0,0,0,0,0,0,0,0,0,0
,,,,,0,0,0,0,0,0,0,0,0,0,0,0,0,0,0,0,0
,,,,,0,0,0,0,0,0,0,0,0,0,0,0,0,0,0,0,0
,,,,,0,0,0,0,0,0,0,0,0,0,0,0,0,0,0,0,0
,,,,,0,0,0,0,0,0,0,0,0,0,0,0,0,0,0,0,0
,,,,,0,0,0,0,0,0,0,0,0,0,0,0,0,0,0,0,0
,,,,,0,0,0,0,0,0,0,0,0,0,0,0,0,0,0,0,0
0021500958,1610612762,Jazz,UTA,Utah,240.000000:00,94,0,0,0,0,0,0,0,0,0,0,0,0,0,0,0
0021500958,1610612744,Warriors,GSW,Golden State,240.000000:00,115,0,0,0,0,0,0,0,0,0,0,0,0,0,0,0
,,,,,0,0,0,0,0,0,0,0,0,0,0,0,0,0,0,0,0
,,,,,0,0,0,0,0,0,0,0,0,0,0,0,0,0,0,0,0
,,,,,0,0,0,0,0,0,0,0,0,0,0,0,0,0,0,0,0
,,,,,0,0,0,0,0,0,0,0,0,0,0,0,0,0,0,0,0
,,,,,0,0,0,0,0,0,0,0,0,0,0,0,0,0,0,0,0
,,,,,0,0,0,0,0,0,0,0,0,0,0,0,0,0,0,0,0
,,,,,0,0,0,0,0,0,0,0,0,0,0,0,0,0,0,0,0
,,,,,0,0,0,0,0,0,0,0,0,0,0,0,0,0,0,0,0
,,,,,0,0,0,0,0,0,0,0,0,0,0,0,0,0,0,0,0
,,,,,0,0,0,0,0,0,0,0,0,0,0,0,0,0,0,0,0
0021500959,1610612737,Hawks,ATL,Atlanta,240.000000:00,96,0,0,0,0,0,0,0,0,0,0,0,0,0,0,0
0021500959,1610612761,Raptors,TOR,Toronto,240.000000:00,104,0,0,0,0,0,0,0,0,0,0,0,0,0,0,0
,,,,,0,0,0,0,0,0,0,0,0,0,0,0,0,0,0,0,0
,,,,,0,0,0,0,0,0,0,0,0,0,0,0,0,0,0,0,0
,,,,,0,0,0,0,0,0,0,0,0,0,0,0,0,0,0,0,0
,,,,,0,0,0,0,0,0,0,0,0,0,0,0,0,0,0,0,0
,,,,,0,0,0,0,0,0,0,0,0,0,0,0,0,0,0,0,0
,,,,,0,0,0,0,0,0,0,0,0,0,0,0,0,0,0,0,0
,,,,,0,0,0,0,0,0,0,0,0,0,0,0,0,0,0,0,0
,,,,,0,0,0,0,0,0,0,0,0,0,0,0,0,0,0,0,0
,,,,,0,0,0,0,0,0,0,0,0,0,0,0,0,0,0,0,0
0021500968,1610612750,Timberwolves,MIN,Minnesota,240.000000:00,99,0,0,0,0,0,0,0,0,0,0,0,0,0,0,0
0021500968,1610612760,Thunder,OKC,Oklahoma City,240.000000:00,96,0,0,0,0,0,0,0,0,0,0,0,0,0,0,0
,,,,,0,0,0,0,0,0,0,0,0,0,0,0,0,0,0,0,0
0021500981,1610612756,Suns,PHX,Phoenix,240.000000:00,116,0,0,0,0,0,0,0,0,0,0,0,0,0,0,0
0021500981,1610612744,Warriors,GSW,Golden State,240.000000:00,123,0,0,0,0,0,0,0,0,0,0,0,0,0,0,0
,,,,,0,0,0,0,0,0,0,0,0,0,0,0,0,0,0,0,0
,,,,,0,0,0,0,0,0,0,0,0,0,0,0,0,0,0,0,0
,,,,,0,0,0,0,0,0,0,0,0,0,0,0,0,0,0,0,0
,,,,,0,0,0,0,0,0,0,0,0,0,0,0,0,0,0,0,0
,,,,,0,0,0,0,0,0,0,0,0,0,0,0,0,0,0,0,0
,,,,,0,0,0,0,0,0,0,0,0,0,0,0,0,0,0,0,0
,,,,,0,0,0,0,0,0,0,0,0,0,0,0,0,0,0,0,0
,,,,,0,0,0,0,0,0,0,0,0,0,0,0,0,0,0,0,0
,,,,,0,0,0,0,0,0,0,0,0,0,0,0,0,0,0,0,0
,,,,,0,0,0,0,0,0,0,0,0,0,0,0,0,0,0,0,0
,,,,,0,0,0,0,0,0,0,0,0,0,0,0,0,0,0,0,0
,,,,,0,0,0,0,0,0,0,0,0,0,0,0,0,0,0,0,0
,,,,,0,0,0,0,0,0,0,0,0,0,0,0,0,0,0,0,0
,,,,,0,0,0,0,0,0,0,0,0,0,0,0,0,0,0,0,0
,,,,,0,0,0,0,0,0,0,0,0,0,0,0,0,0,0,0,0
,,,,,0,0,0,0,0,0,0,0,0,0,0,0,0,0,0,0,0
,,,,,0,0,0,0,0,0,0,0,0,0,0,0,0,0,0,0,0
,,,,,0,0,0,0,0,0,0,0,0,0,0,0,0,0,0,0,0
,,,,,0,0,0,0,0,0,0,0,0,0,0,0,0,0,0,0,0
,,,,,0,0,0,0,0,0,0,0,0,0,0,0,0,0,0,0,0
,,,,,0,0,0,0,0,0,0,0,0,0,0,0,0,0,0,0,0
,,,,,0,0,0,0,0,0,0,0,0,0,0,0,0,0,0,0,0
0021501001,1610612746,Clippers,LAC,LA,240.000000:00,87,0,0,0,0,0,0,0,0,0,0,0,0,0,0,0
0021501001,1610612759,Spurs,SAS,San Antonio,240.000000:00,108,0,0,0,0,0,0,0,0,0,0,0,0,0,0,0
,,,,,0,0,0,0,0,0,0,0,0,0,0,0,0,0,0,0,0
,,,,,0,0,0,0,0,0,0,0,0,0,0,0,0,0,0,0,0
,,,,,0,0,0,0,0,0,0,0,0,0,0,0,0,0,0,0,0
,,,,,0,0,0,0,0,0,0,0,0,0,0,0,0,0,0,0,0
,,,,,0,0,0,0,0,0,0,0,0,0,0,0,0,0,0,0,0
,,,,,0,0,0,0,0,0,0,0,0,0,0,0,0,0,0,0,0
,,,,,0,0,0,0,0,0,0,0,0,0,0,0,0,0,0,0,0
0021501005,1610612742,Mavericks,DAL,Dallas,240.000000:00,98,36,22,14,11,0,6,15,0,0,2,0,0,0,0,0
0021501005,1610612739,Cavaliers,CLE,Cleveland,240.000000:00,99,32,23,9,5,0,6,13,0,0,2,0,0,0,0,0
,,,,,0,0,0,0,0,0,0,0,0,0,0,0,0,0,0,0,0
,,,,,0,0,0,0,0,0,0,0,0,0,0,0,0,0,0,0,0
,,,,,0,0,0,0,0,0,0,0,0,0,0,0,0,0,0,0,0
,,,,,0,0,0,0,0,0,0,0,0,0,0,0,0,0,0,0,0
,,,,,0,0,0,0,0,0,0,0,0,0,0,0,0,0,0,0,0
,,,,,0,0,0,0,0,0,0,0,0,0,0,0,0,0,0,0,0
,,,,,0,0,0,0,0,0,0,0,0,0,0,0,0,0,0,0,0
,,,,,0,0,0,0,0,0,0,0,0,0,0,0,0,0,0,0,0
,,,,,0,0,0,0,0,0,0,0,0,0,0,0,0,0,0,0,0
,,,,,0,0,0,0,0,0,0,0,0,0,0,0,0,0,0,0,0
,,,,,0,0,0,0,0,0,0,0,0,0,0,0,0,0,0,0,0
,,,,,0,0,0,0,0,0,0,0,0,0,0,0,0,0,0,0,0
,,,,,0,0,0,0,0,0,0,0,0,0,0,0,0,0,0,0,0
,,,,,0,0,0,0,0,0,0,0,0,0,0,0,0,0,0,0,0
,,,,,0,0,0,0,0,0,0,0,0,0,0,0,0,0,0,0,0
,,,,,0,0,0,0,0,0,0,0,0,0,0,0,0,0,0,0,0
,,,,,0,0,0,0,0,0,0,0,0,0,0,0,0,0,0,0,0
,,,,,0,0,0,0,0,0,0,0,0,0,0,0,0,0,0,0,0
,,,,,0,0,0,0,0,0,0,0,0,0,0,0,0,0,0,0,0
,,,,,0,0,0,0,0,0,0,0,0,0,0,0,0,0,0,0,0
,,,,,0,0,0,0,0,0,0,0,0,0,0,0,0,0,0,0,0
,,,,,0,0,0,0,0,0,0,0,0,0,0,0,0,0,0,0,0
,,,,,0,0,0,0,0,0,0,0,0,0,0,0,0,0,0,0,0
,,,,,0,0,0,0,0,0,0,0,0,0,0,0,0,0,0,0,0
,,,,,0,0,0,0,0,0,0,0,0,0,0,0,0,0,0,0,0
,,,,,0,0,0,0,0,0,0,0,0,0,0,0,0,0,0,0,0
,,,,,0,0,0,0,0,0,0,0,0,0,0,0,0,0,0,0,0
,,,,,0,0,0,0,0,0,0,0,0,0,0,0,0,0,0,0,0
,,,,,0,0,0,0,0,0,0,0,0,0,0,0,0,0,0,0,0
,,,,,0,0,0,0,0,0,0,0,0,0,0,0,0,0,0,0,0
,,,,,0,0,0,0,0,0,0,0,0,0,0,0,0,0,0,0,0
,,,,,0,0,0,0,0,0,0,0,0,0,0,0,0,0,0,0,0
,,,,,0,0,0,0,0,0,0,0,0,0,0,0,0,0,0,0,0
,,,,,0,0,0,0,0,0,0,0,0,0,0,0,0,0,0,0,0
,,,,,0,0,0,0,0,0,0,0,0,0,0,0,0,0,0,0,0
,,,,,0,0,0,0,0,0,0,0,0,0,0,0,0,0,0,0,0
,,,,,0,0,0,0,0,0,0,0,0,0,0,0,0,0,0,0,0
,,,,,0,0,0,0,0,0,0,0,0,0,0,0,0,0,0,0,0
,,,,,0,0,0,0,0,0,0,0,0,0,0,0,0,0,0,0,0
,,,,,0,0,0,0,0,0,0,0,0,0,0,0,0,0,0,0,0
,,,,,0,0,0,0,0,0,0,0,0,0,0,0,0,0,0,0,0
,,,,,0,0,0,0,0,0,0,0,0,0,0,0,0,0,0,0,0
,,,,,0,0,0,0,0,0,0,0,0,0,0,0,0,0,0,0,0
,,,,,0,0,0,0,0,0,0,0,0,0,0,0,0,0,0,0,0
,,,,,0,0,0,0,0,0,0,0,0,0,0,0,0,0,0,0,0
,,,,,0,0,0,0,0,0,0,0,0,0,0,0,0,0,0,0,0
,,,,,0,0,0,0,0,0,0,0,0,0,0,0,0,0,0,0,0
,,,,,0,0,0,0,0,0,0,0,0,0,0,0,0,0,0,0,0
,,,,,0,0,0,0,0,0,0,0,0,0,0,0,0,0,0,0,0
,,,,,0,0,0,0,0,0,0,0,0,0,0,0,0,0,0,0,0
,,,,,0,0,0,0,0,0,0,0,0,0,0,0,0,0,0,0,0
,,,,,0,0,0,0,0,0,0,0,0,0,0,0,0,0,0,0,0
,,,,,0,0,0,0,0,0,0,0,0,0,0,0,0,0,0,0,0
,,,,,0,0,0,0,0,0,0,0,0,0,0,0,0,0,0,0,0
,,,,,0,0,0,0,0,0,0,0,0,0,0,0,0,0,0,0,0
,,,,,0,0,0,0,0,0,0,0,0,0,0,0,0,0,0,0,0
,,,,,0,0,0,0,0,0,0,0,0,0,0,0,0,0,0,0,0
,,,,,0,0,0,0,0,0,0,0,0,0,0,0,0,0,0,0,0
,,,,,0,0,0,0,0,0,0,0,0,0,0,0,0,0,0,0,0
,,,,,0,0,0,0,0,0,0,0,0,0,0,0,0,0,0,0,0
,,,,,0,0,0,0,0,0,0,0,0,0,0,0,0,0,0,0,0
,,,,,0,0,0,0,0,0,0,0,0,0,0,0,0,0,0,0,0
,,,,,0,0,0,0,0,0,0,0,0,0,0,0,0,0,0,0,0
,,,,,0,0,0,0,0,0,0,0,0,0,0,0,0,0,0,0,0
0021501072,1610612757,Trail Blazers,POR,Portland,240.000000:00,94,0,0,0,0,0,0,0,0,0,0,0,0,0,0,0
0021501072,1610612746,Clippers,LAC,LA,240.000000:00,96,0,0,0,0,0,0,0,0,0,0,0,0,0,0,0
,,,,,0,0,0,0,0,0,0,0,0,0,0,0,0,0,0,0,0
,,,,,0,0,0,0,0,0,0,0,0,0,0,0,0,0,0,0,0
0021501080,1610612742,Mavericks,DAL,Dallas,240.000000:00,120,0,0,0,0,0,0,0,0,0,0,0,0,0,0,0
0021501080,1610612744,Warriors,GSW,Golden State,240.000000:00,128,0,0,0,0,0,0,0,0,0,0,0,0,0,0,0
,,,,,0,0,0,0,0,0,0,0,0,0,0,0,0,0,0,0,0
,,,,,0,0,0,0,0,0,0,0,0,0,0,0,0,0,0,0,0
,,,,,0,0,0,0,0,0,0,0,0,0,0,0,0,0,0,0,0
,,,,,0,0,0,0,0,0,0,0,0,0,0,0,0,0,0,0,0
,,,,,0,0,0,0,0,0,0,0,0,0,0,0,0,0,0,0,0
,,,,,0,0,0,0,0,0,0,0,0,0,0,0,0,0,0,0,0
,,,,,0,0,0,0,0,0,0,0,0,0,0,0,0,0,0,0,0
,,,,,0,0,0,0,0,0,0,0,0,0,0,0,0,0,0,0,0
,,,,,0,0,0,0,0,0,0,0,0,0,0,0,0,0,0,0,0
,,,,,0,0,0,0,0,0,0,0,0,0,0,0,0,0,0,0,0
,,,,,0,0,0,0,0,0,0,0,0,0,0,0,0,0,0,0,0
,,,,,0,0,0,0,0,0,0,0,0,0,0,0,0,0,0,0,0
,,,,,0,0,0,0,0,0,0,0,0,0,0,0,0,0,0,0,0
,,,,,0,0,0,0,0,0,0,0,0,0,0,0,0,0,0,0,0
,,,,,0,0,0,0,0,0,0,0,0,0,0,0,0,0,0,0,0
0021501087,1610612762,Jazz,UTA,Utah,240.000000:00,93,0,0,0,0,0,0,0,0,0,0,0,0,0,0,0
0021501087,1610612750,Timberwolves,MIN,Minnesota,240.000000:00,84,0,0,0,0,0,0,0,0,0,0,0,0,0,0,0
,,,,,0,0,0,0,0,0,0,0,0,0,0,0,0,0,0,0,0
,,,,,0,0,0,0,0,0,0,0,0,0,0,0,0,0,0,0,0
,,,,,0,0,0,0,0,0,0,0,0,0,0,0,0,0,0,0,0
,,,,,0,0,0,0,0,0,0,0,0,0,0,0,0,0,0,0,0
,,,,,0,0,0,0,0,0,0,0,0,0,0,0,0,0,0,0,0
0021501093,1610612745,Rockets,HOU,Houston,240.000000:00,101,0,0,0,0,0,0,0,0,0,0,0,0,0,0,0
0021501093,1610612754,Pacers,IND,Indiana,240.000000:00,104,0,0,0,0,0,0,0,0,0,0,0,0,0,0,0
,,,,,0,0,0,0,0,0,0,0,0,0,0,0,0,0,0,0,0
,,,,,0,0,0,0,0,0,0,0,0,0,0,0,0,0,0,0,0
,,,,,0,0,0,0,0,0,0,0,0,0,0,0,0,0,0,0,0
,,,,,0,0,0,0,0,0,0,0,0,0,0,0,0,0,0,0,0
,,,,,0,0,0,0,0,0,0,0,0,0,0,0,0,0,0,0,0
,,,,,0,0,0,0,0,0,0,0,0,0,0,0,0,0,0,0,0
,,,,,0,0,0,0,0,0,0,0,0,0,0,0,0,0,0,0,0
0021501101,1610612756,Suns,PHX,Phoenix,240.000000:00,116,0,0,0,0,0,0,0,0,0,0,0,0,0,0,0
0021501101,1610612750,Timberwolves,MIN,Minnesota,240.000000:00,121,0,0,0,0,0,0,0,0,0,0,0,0,0,0,0
,,,,,0,0,0,0,0,0,0,0,0,0,0,0,0,0,0,0,0
,,,,,0,0,0,0,0,0,0,0,0,0,0,0,0,0,0,0,0
,,,,,0,0,0,0,0,0,0,0,0,0,0,0,0,0,0,0,0
,,,,,0,0,0,0,0,0,0,0,0,0,0,0,0,0,0,0,0
,,,,,0,0,0,0,0,0,0,0,0,0,0,0,0,0,0,0,0
,,,,,0,0,0,0,0,0,0,0,0,0,0,0,0,0,0,0,0
0021501111,1610612745,Rockets,HOU,Houston,240.000000:00,106,0,0,0,0,0,0,0,0,0,0,0,0,0,0,0
0021501111,1610612739,Cavaliers,CLE,Cleveland,240.000000:00,100,0,0,0,0,0,0,0,0,0,0,0,0,0,0,0
,,,,,0,0,0,0,0,0,0,0,0,0,0,0,0,0,0,0,0
0021501107,1610612741,Bulls,CHI,Chicago,240.000000:00,98,0,0,0,0,0,0,0,0,0,0,0,0,0,0,0
0021501107,1610612754,Pacers,IND,Indiana,240.000000:00,96,0,0,0,0,0,0,0,0,0,0,0,0,0,0,0
,,,,,0,0,0,0,0,0,0,0,0,0,0,0,0,0,0,0,0
0021501121,1610612748,Heat,MIA,Miami,265.000000:00,100,0,0,0,0,0,0,0,0,0,0,0,0,0,0,0
0021501121,1610612747,Lakers,LAL,Los Angeles,265.000000:00,102,0,0,0,0,0,0,0,0,0,0,0,0,0,0,0
,,,,,0,0,0,0,0,0,0,0,0,0,0,0,0,0,0,0,0
,,,,,0,0,0,0,0,0,0,0,0,0,0,0,0,0,0,0,0
,,,,,0,0,0,0,0,0,0,0,0,0,0,0,0,0,0,0,0
,,,,,0,0,0,0,0,0,0,0,0,0,0,0,0,0,0,0,0
,,,,,0,0,0,0,0,0,0,0,0,0,0,0,0,0,0,0,0
,,,,,0,0,0,0,0,0,0,0,0,0,0,0,0,0,0,0,0
0021501113,1610612737,Hawks,ATL,Atlanta,240.000000:00,97,0,0,0,0,0,0,0,0,0,0,0,0,0,0,0
0021501113,1610612761,Raptors,TOR,Toronto,240.000000:00,105,0,0,0,0,0,0,0,0,0,0,0,0,0,0,0
,,,,,0,0,0,0,0,0,0,0,0,0,0,0,0,0,0,0,0
,,,,,0,0,0,0,0,0,0,0,0,0,0,0,0,0,0,0,0
,,,,,0,0,0,0,0,0,0,0,0,0,0,0,0,0,0,0,0
,,,,,0,0,0,0,0,0,0,0,0,0,0,0,0,0,0,0,0
,,,,,0,0,0,0,0,0,0,0,0,0,0,0,0,0,0,0,0
,,,,,0,0,0,0,0,0,0,0,0,0,0,0,0,0,0,0,0
,,,,,0,0,0,0,0,0,0,0,0,0,0,0,0,0,0,0,0
,,,,,0,0,0,0,0,0,0,0,0,0,0,0,0,0,0,0,0
,,,,,0,0,0,0,0,0,0,0,0,0,0,0,0,0,0,0,0
,,,,,0,0,0,0,0,0,0,0,0,0,0,0,0,0,0,0,0
,,,,,0,0,0,0,0,0,0,0,0,0,0,0,0,0,0,0,0
,,,,,0,0,0,0,0,0,0,0,0,0,0,0,0,0,0,0,0
,,,,,0,0,0,0,0,0,0,0,0,0,0,0,0,0,0,0,0
,,,,,0,0,0,0,0,0,0,0,0,0,0,0,0,0,0,0,0
0021501128,1610612755,76ers,PHI,Philadelphia,240.000000:00,91,0,0,0,0,0,0,0,0,0,0,0,0,0,0,0
0021501128,1610612766,Hornets,CHA,Charlotte,240.000000:00,100,0,0,0,0,0,0,0,0,0,0,0,0,0,0,0
,,,,,0,0,0,0,0,0,0,0,0,0,0,0,0,0,0,0,0
,,,,,0,0,0,0,0,0,0,0,0,0,0,0,0,0,0,0,0
,,,,,0,0,0,0,0,0,0,0,0,0,0,0,0,0,0,0,0
,,,,,0,0,0,0,0,0,0,0,0,0,0,0,0,0,0,0,0
,,,,,0,0,0,0,0,0,0,0,0,0,0,0,0,0,0,0,0
,,,,,0,0,0,0,0,0,0,0,0,0,0,0,0,0,0,0,0
,,,,,0,0,0,0,0,0,0,0,0,0,0,0,0,0,0,0,0
,,,,,0,0,0,0,0,0,0,0,0,0,0,0,0,0,0,0,0
,,,,,0,0,0,0,0,0,0,0,0,0,0,0,0,0,0,0,0
,,,,,0,0,0,0,0,0,0,0,0,0,0,0,0,0,0,0,0
,,,,,0,0,0,0,0,0,0,0,0,0,0,0,0,0,0,0,0
,,,,,0,0,0,0,0,0,0,0,0,0,0,0,0,0,0,0,0
,,,,,0,0,0,0,0,0,0,0,0,0,0,0,0,0,0,0,0
,,,,,0,0,0,0,0,0,0,0,0,0,0,0,0,0,0,0,0
,,,,,0,0,0,0,0,0,0,0,0,0,0,0,0,0,0,0,0
,,,,,0,0,0,0,0,0,0,0,0,0,0,0,0,0,0,0,0
,,,,,0,0,0,0,0,0,0,0,0,0,0,0,0,0,0,0,0
,,,,,0,0,0,0,0,0,0,0,0,0,0,0,0,0,0,0,0
0021501163,1610612750,Timberwolves,MIN,Minnesota,265.000000:00,124,54,33,21,26,0,6,13,0,0,16,0,0,0,0,0
0021501163,1610612744,Warriors,GSW,Golden State,265.000000:00,117,56,45,11,17,0,4,11,0,0,10,0,0,0,0,0
,,,,,0,0,0,0,0,0,0,0,0,0,0,0,0,0,0,0,0
,,,,,0,0,0,0,0,0,0,0,0,0,0,0,0,0,0,0,0
,,,,,0,0,0,0,0,0,0,0,0,0,0,0,0,0,0,0,0
,,,,,0,0,0,0,0,0,0,0,0,0,0,0,0,0,0,0,0
,,,,,0,0,0,0,0,0,0,0,0,0,0,0,0,0,0,0,0
,,,,,0,0,0,0,0,0,0,0,0,0,0,0,0,0,0,0,0
,,,,,0,0,0,0,0,0,0,0,0,0,0,0,0,0,0,0,0
,,,,,0,0,0,0,0,0,0,0,0,0,0,0,0,0,0,0,0
,,,,,0,0,0,0,0,0,0,0,0,0,0,0,0,0,0,0,0
,,,,,0,0,0,0,0,0,0,0,0,0,0,0,0,0,0,0,0
,,,,,0,0,0,0,0,0,0,0,0,0,0,0,0,0,0,0,0
,,,,,0,0,0,0,0,0,0,0,0,0,0,0,0,0,0,0,0
,,,,,0,0,0,0,0,0,0,0,0,0,0,0,0,0,0,0,0
,,,,,0,0,0,0,0,0,0,0,0,0,0,0,0,0,0,0,0
0021501165,1610612739,Cavaliers,CLE,Cleveland,240.000000:00,109,0,0,0,0,0,0,0,0,0,0,0,0,0,0,0
0021501165,1610612754,Pacers,IND,Indiana,240.000000:00,123,0,0,0,0,0,0,0,0,0,0,0,0,0,0,0
0021501170,1610612745,Rockets,HOU,Houston,240.000000:00,86,89,49,40,29,0,10,23,0,0,7,0,0,0,0,0
0021501170,1610612742,Mavericks,DAL,Dallas,240.000000:00,88,83,58,25,28,2,14,33,0,0,15,0,0,0,0,0
,,,,,0,0,0,0,0,0,0,0,0,0,0,0,0,0,0,0,0
,,,,,0,0,0,0,0,0,0,0,0,0,0,0,0,0,0,0,0
,,,,,0,0,0,0,0,0,0,0,0,0,0,0,0,0,0,0,0
,,,,,0,0,0,0,0,0,0,0,0,0,0,0,0,0,0,0,0
,,,,,0,0,0,0,0,0,0,0,0,0,0,0,0,0,0,0,0
,,,,,0,0,0,0,0,0,0,0,0,0,0,0,0,0,0,0,0
,,,,,0,0,0,0,0,0,0,0,0,0,0,0,0,0,0,0,0
,,,,,0,0,0,0,0,0,0,0,0,0,0,0,0,0,0,0,0
,,,,,0,0,0,0,0,0,0,0,0,0,0,0,0,0,0,0,0
,,,,,0,0,0,0,0,0,0,0,0,0,0,0,0,0,0,0,0
,,,,,0,0,0,0,0,0,0,0,0,0,0,0,0,0,0,0,0
,,,,,0,0,0,0,0,0,0,0,0,0,0,0,0,0,0,0,0
,,,,,0,0,0,0,0,0,0,0,0,0,0,0,0,0,0,0,0
,,,,,0,0,0,0,0,0,0,0,0,0,0,0,0,0,0,0,0
,,,,,0,0,0,0,0,0,0,0,0,0,0,0,0,0,0,0,0
,,,,,0,0,0,0,0,0,0,0,0,0,0,0,0,0,0,0,0
,,,,,0,0,0,0,0,0,0,0,0,0,0,0,0,0,0,0,0
,,,,,0,0,0,0,0,0,0,0,0,0,0,0,0,0,0,0,0
,,,,,0,0,0,0,0,0,0,0,0,0,0,0,0,0,0,0,0
,,,,,0,0,0,0,0,0,0,0,0,0,0,0,0,0,0,0,0
,,,,,0,0,0,0,0,0,0,0,0,0,0,0,0,0,0,0,0
,,,,,0,0,0,0,0,0,0,0,0,0,0,0,0,0,0,0,0
,,,,,0,0,0,0,0,0,0,0,0,0,0,0,0,0,0,0,0
,,,,,0,0,0,0,0,0,0,0,0,0,0,0,0,0,0,0,0
,,,,,0,0,0,0,0,0,0,0,0,0,0,0,0,0,0,0,0
,,,,,0,0,0,0,0,0,0,0,0,0,0,0,0,0,0,0,0
,,,,,0,0,0,0,0,0,0,0,0,0,0,0,0,0,0,0,0
,,,,,0,0,0,0,0,0,0,0,0,0,0,0,0,0,0,0,0
,,,,,0,0,0,0,0,0,0,0,0,0,0,0,0,0,0,0,0
,,,,,0,0,0,0,0,0,0,0,0,0,0,0,0,0,0,0,0
0021501194,1610612766,Hornets,CHA,Charlotte,240.000000:00,98,0,0,0,0,0,0,0,0,0,0,0,0,0,0,0
0021501194,1610612764,Wizards,WAS,Washington,240.000000:00,113,0,0,0,0,0,0,0,0,0,0,0,0,0,0,0
,,,,,0,0,0,0,0,0,0,0,0,0,0,0,0,0,0,0,0
,,,,,0,0,0,0,0,0,0,0,0,0,0,0,0,0,0,0,0
,,,,,0,0,0,0,0,0,0,0,0,0,0,0,0,0,0,0,0
,,,,,0,0,0,0,0,0,0,0,0,0,0,0,0,0,0,0,0
,,,,,0,0,0,0,0,0,0,0,0,0,0,0,0,0,0,0,0
,,,,,0,0,0,0,0,0,0,0,0,0,0,0,0,0,0,0,0
,,,,,0,0,0,0,0,0,0,0,0,0,0,0,0,0,0,0,0
,,,,,0,0,0,0,0,0,0,0,0,0,0,0,0,0,0,0,0
,,,,,0,0,0,0,0,0,0,0,0,0,0,0,0,0,0,0,0
,,,,,0,0,0,0,0,0,0,0,0,0,0,0,0,0,0,0,0
,,,,,0,0,0,0,0,0,0,0,0,0,0,0,0,0,0,0,0
,,,,,0,0,0,0,0,0,0,0,0,0,0,0,0,0,0,0,0
,,,,,0,0,0,0,0,0,0,0,0,0,0,0,0,0,0,0,0
,,,,,0,0,0,0,0,0,0,0,0,0,0,0,0,0,0,0,0
,,,,,0,0,0,0,0,0,0,0,0,0,0,0,0,0,0,0,0
0021501228,1610612762,Jazz,UTA,Utah,240.000000:00,96,0,0,0,0,0,0,0,0,0,0,0,0,0,0,0
0021501228,1610612747,Lakers,LAL,Los Angeles,240.000000:00,101,0,0,0,0,0,0,0,0,0,0,0,0,0,0,0
,,,,,0,0,0,0,0,0,0,0,0,0,0,0,0,0,0,0,0
,,,,,0,0,0,0,0,0,0,0,0,0,0,0,0,0,0,0,0
,,,,,0,0,0,0,0,0,0,0,0,0,0,0,0,0,0,0,0
,,,,,0,0,0,0,0,0,0,0,0,0,0,0,0,0,0,0,0
,,,,,0,0,0,0,0,0,0,0,0,0,0,0,0,0,0,0,0
,,,,,0,0,0,0,0,0,0,0,0,0,0,0,0,0,0,0,0
0021501230,1610612743,Nuggets,DEN,Denver,240.000000:00,99,0,0,0,0,0,0,0,0,0,0,0,0,0,0,0
0021501230,1610612757,Trail Blazers,POR,Portland,240.000000:00,107,0,0,0,0,0,0,0,0,0,0,0,0,0,0,0
,,,,,0,0,0,0,0,0,0,0,0,0,0,0,0,0,0,0,0
,,,,,0,0,0,0,0,0,0,0,0,0,0,0,0,0,0,0,0
,,,,,0,0,0,0,0,0,0,0,0,0,0,0,0,0,0,0,0
,,,,,0,0,0,0,0,0,0,0,0,0,0,0,0,0,0,0,0
,,,,,0,0,0,0,0,0,0,0,0,0,0,0,0,0,0,0,0
